,repetition_number,weight_index,weight_tuple,num_iterations,normalised_speed_reward,normalised_energy_reward,raw_speed_reward,raw_energy_reward,env_config_id,gamma,replay_buffer_size,use_reward_normalisation_wrapper,use_default_reward_normalisation
0,0,0,"[0.0, 1.0]",80,0.06222533390779859,0.970223144746577,4.978026712623887,77.61785157972616,1,0.9,1000,False,True
1,1,0,"[0.0, 1.0]",80,0.091770788453253,0.9997685992920322,7.3416630762602395,79.98148794336258,1,0.9,1000,False,True
2,2,0,"[0.0, 1.0]",80,0.08608871114204796,0.9940867811102139,6.887096891363837,79.52694248881711,1,0.9,1000,False,True
3,3,0,"[0.0, 1.0]",80,0.08798265052824047,0.9959807205041533,7.038612042259238,79.67845764033227,1,0.9,1000,False,True
4,4,0,"[0.0, 1.0]",80,0.0909998353134083,0.9990110235344565,7.279986825072664,79.92088188275652,1,0.9,1000,False,True
5,5,0,"[0.0, 1.0]",80,0.08722336616051199,0.9952231447465776,6.977869292840959,79.6178515797262,1,0.9,1000,False,True
6,6,0,"[0.0, 1.0]",80,0.09135391750274587,0.9993898114132443,7.308313400219669,79.95118491305955,1,0.9,1000,False,True
7,7,0,"[0.0, 1.0]",80,0.08986203106438734,0.9978746598980928,7.188962485150987,79.82997279184742,1,0.9,1000,False,True
8,8,0,"[0.0, 1.0]",80,0.07623859617138169,0.9842382962617291,6.099087693710535,78.73906370093833,1,0.9,1000,False,True
9,9,0,"[0.0, 1.0]",80,0.091770788453253,0.9997685992920322,7.3416630762602395,79.98148794336258,1,0.9,1000,False,True
10,10,0,"[0.0, 1.0]",80,0.08381438714904907,0.9918140538374868,6.705150971923926,79.34512430699894,1,0.9,1000,False,True
11,11,0,"[0.0, 1.0]",80,0.0913920005744651,0.9993898114132443,7.311360045957208,79.95118491305955,1,0.9,1000,False,True
12,12,0,"[0.0, 1.0]",80,0.08040715207935431,0.9884049629283957,6.432572166348344,79.07239703427166,1,0.9,1000,False,True
13,13,0,"[0.0, 1.0]",80,0.07927078395958677,0.9872685992920323,6.341662716766941,78.98148794336258,1,0.9,1000,False,True
14,14,0,"[0.0, 1.0]",80,0.08949805669474965,0.9974958720193049,7.159844535579972,79.7996697615444,1,0.9,1000,False,True
15,15,0,"[0.0, 1.0]",80,0.08983851077694885,0.9978746598980928,7.187080862155908,79.82997279184742,1,0.9,1000,False,True
16,16,0,"[0.0, 1.0]",80,0.09101321269567723,0.9990110235344565,7.281057015654179,79.92088188275652,1,0.9,1000,False,True
17,17,0,"[0.0, 1.0]",80,0.091770788453253,0.9997685992920322,7.3416630762602395,79.98148794336258,1,0.9,1000,False,True
18,18,0,"[0.0, 1.0]",80,0.09100008995090889,0.9990110235344565,7.28000719607271,79.92088188275652,1,0.9,1000,False,True
19,19,0,"[0.0, 1.0]",80,0.09177078395958674,0.9922031348651548,7.341662716766939,79.37625078921238,1,0.9,1000,False,True
20,0,1,"[0.03421996671682061, 0.9657800332831794]",80,0.08078593989047458,0.9887837508071836,6.462875191237967,79.10270006457469,1,0.9,1000,False,True
21,1,1,"[0.03421996671682061, 0.9657800332831794]",80,0.031164727847192607,0.9391625386859704,2.4931782277754087,75.13300309487764,1,0.9,1000,False,True
22,2,1,"[0.03421996671682061, 0.9657800332831794]",80,0.07813442480662704,0.9861322356556685,6.250753984530163,78.89057885245349,1,0.9,1000,False,True
23,3,1,"[0.03421996671682061, 0.9657800332831794]",80,0.09096034033752375,0.9990110235344565,7.2768272270019,79.92088188275652,1,0.9,1000,False,True
24,4,1,"[0.03421996671682061, 0.9657800332831794]",80,0.07770452806474164,0.9857534477768807,6.216362245179331,78.86027582215046,1,0.9,1000,False,True
25,5,1,"[0.03421996671682061, 0.9657800332831794]",80,0.0819222991109336,0.9899201144435473,6.553783928874688,79.19360915548378,1,0.9,1000,False,True
26,6,1,"[0.03421996671682061, 0.9657800332831794]",80,0.09473598782407869,0.9952334378954578,7.5788790259262955,79.61867503163663,1,0.9,1000,False,True
27,7,1,"[0.03421996671682061, 0.9657800332831794]",80,0.09442230301315686,0.99485465001667,7.553784241052549,79.5883720013336,1,0.9,1000,False,True
28,8,1,"[0.03421996671682061, 0.9657800332831794]",80,0.091770788453253,0.9997685992920322,7.3416630762602395,79.98148794336258,1,0.9,1000,False,True
29,9,1,"[0.03421996671682061, 0.9657800332831794]",80,0.08457195849292513,0.9925716295950625,6.765756679434011,79.405730367605,1,0.9,1000,False,True
30,10,1,"[0.03421996671682061, 0.9657800332831794]",80,0.0845738187562833,0.9925716295950625,6.765905500502663,79.405730367605,1,0.9,1000,False,True
31,11,1,"[0.03421996671682061, 0.9657800332831794]",80,0.09587114479523455,0.9963698015318215,7.669691583618764,79.70958412254572,1,0.9,1000,False,True
32,12,1,"[0.03421996671682061, 0.9657800332831794]",80,0.08948468378951277,0.9974958720193049,7.158774703161021,79.7996697615444,1,0.9,1000,False,True
33,13,1,"[0.03421996671682061, 0.9657800332831794]",80,0.08868761292394299,0.9967382962617292,7.0950090339154395,79.73906370093833,1,0.9,1000,False,True
34,14,1,"[0.03421996671682061, 0.9657800332831794]",80,0.0894451886901403,0.9974958720193049,7.155615095211224,79.7996697615444,1,0.9,1000,False,True
35,15,1,"[0.03421996671682061, 0.9657800332831794]",80,0.0845472494706936,0.985006165168185,6.763779957655488,78.8004932134548,1,0.9,1000,False,True
36,16,1,"[0.03421996671682061, 0.9657800332831794]",80,0.091770788453253,0.9997685992920322,7.3416630762602395,79.98148794336258,1,0.9,1000,False,True
37,17,1,"[0.03421996671682061, 0.9657800332831794]",80,0.09324785681877017,0.9937182863803062,7.459828545501614,79.4974629104245,1,0.9,1000,False,True
38,18,1,"[0.03421996671682061, 0.9657800332831794]",80,0.08305866274729724,0.9910564780799109,6.644693019783779,79.28451824639288,1,0.9,1000,False,True
39,19,1,"[0.03421996671682061, 0.9657800332831794]",80,0.031164727847192607,0.9391625386859704,2.4931782277754087,75.13300309487764,1,0.9,1000,False,True
40,0,2,"[0.06864232073375057, 0.9313576792662495]",80,0.033816242998707655,0.9418140538374864,2.705299439896612,75.34512430699891,1,0.9,1000,False,True
41,1,2,"[0.06864232073375057, 0.9313576792662495]",80,0.0988782312772985,0.9767037112814918,7.91025850218388,78.13629690251935,1,0.9,1000,False,True
42,2,2,"[0.06864232073375057, 0.9313576792662495]",80,0.0879563730916442,0.9808497916503984,7.036509847331536,78.46798333203188,1,0.9,1000,False,True
43,3,2,"[0.06864232073375057, 0.9313576792662495]",80,0.09631624299870747,0.9891831249837317,7.7052994398965975,79.13464999869854,1,0.9,1000,False,True
44,4,2,"[0.06864232073375057, 0.9313576792662495]",80,0.09362503128493041,0.9940970742590942,7.490002502794433,79.52776594072753,1,0.9,1000,False,True
45,5,2,"[0.06864232073375057, 0.9313576792662495]",80,0.08412871827947942,0.9770619128625195,6.730297462358354,78.16495302900157,1,0.9,1000,False,True
46,6,2,"[0.06864232073375057, 0.9313576792662495]",80,0.091770788453253,0.9997685992920322,7.3416630762602395,79.98148794336258,1,0.9,1000,False,True
47,7,2,"[0.06864232073375057, 0.9313576792662495]",80,0.10881624299870751,0.9941176605568544,8.705299439896601,79.52941284454835,1,0.9,1000,False,True
48,8,2,"[0.06864232073375057, 0.9313576792662495]",80,0.09099826962862799,0.9990110235344565,7.279861570290239,79.92088188275652,1,0.9,1000,False,True
49,9,2,"[0.06864232073375057, 0.9313576792662495]",80,0.09934469025725849,0.9922134280140348,7.9475752205806796,79.37707424112278,1,0.9,1000,False,True
50,10,2,"[0.06864232073375057, 0.9313576792662495]",80,0.07510412178658633,0.9831019326253653,6.0083297429269065,78.64815461002922,1,0.9,1000,False,True
51,11,2,"[0.06864232073375057, 0.9313576792662495]",80,0.08982397670116007,0.9903091954712153,7.1859181360928055,79.22473563769722,1,0.9,1000,False,True
52,12,2,"[0.06864232073375057, 0.9313576792662495]",80,0.03874048542295011,0.9467382962617282,3.099238833836009,75.73906370093826,1,0.9,1000,False,True
53,13,2,"[0.06864232073375057, 0.9313576792662495]",80,0.09742603734948187,0.9978849530469729,7.794082987958549,79.83079624375783,1,0.9,1000,False,True
54,14,2,"[0.06864232073375057, 0.9313576792662495]",80,0.091770788453253,0.9997685992920322,7.3416630762602395,79.98148794336258,1,0.9,1000,False,True
55,15,2,"[0.06864232073375057, 0.9313576792662495]",80,0.09696949935601366,0.9899407007413077,7.757559948481093,79.19525605930461,1,0.9,1000,False,True
56,16,2,"[0.06864232073375057, 0.9313576792662495]",80,0.09810624523127615,0.9910770643776713,7.848499618502092,79.2861651502137,1,0.9,1000,False,True
57,17,2,"[0.06864232073375057, 0.9313576792662495]",80,0.091770788453253,0.9997685992920322,7.3416630762602395,79.98148794336258,1,0.9,1000,False,True
58,18,2,"[0.06864232073375057, 0.9313576792662495]",80,0.09288054875469687,0.9933394985015184,7.430443900375749,79.46715988012147,1,0.9,1000,False,True
59,19,2,"[0.06864232073375057, 0.9313576792662495]",80,0.09213645358727206,0.9925819227439426,7.370916286981765,79.40655381951541,1,0.9,1000,False,True
60,0,3,"[0.10313844298627044, 0.8968615570137296]",80,0.061782089764904013,0.9471479635871567,4.942567181192321,75.77183708697254,1,0.9,1000,False,True
61,1,3,"[0.10313844298627044, 0.8968615570137296]",80,0.09250182764736109,0.9853952461958528,7.400146211788887,78.83161969566822,1,0.9,1000,False,True
62,2,3,"[0.10313844298627044, 0.8968615570137296]",80,0.08640326776106831,0.9869001045621244,6.912261420885465,78.95200836496996,1,0.9,1000,False,True
63,3,3,"[0.10313844298627044, 0.8968615570137296]",80,0.05767987936234402,0.9656776902011233,4.614390348987522,77.25421521608986,1,0.9,1000,False,True
64,4,3,"[0.10313844298627044, 0.8968615570137296]",80,0.1087897064698848,0.9941176605568544,8.703176517590784,79.52941284454835,1,0.9,1000,False,True
65,5,3,"[0.10313844298627044, 0.8968615570137296]",80,0.0909485012212837,0.9914455591075789,7.275880097702696,79.31564472860632,1,0.9,1000,False,True
66,6,3,"[0.10313844298627044, 0.8968615570137296]",80,0.08419503028588414,0.9846273772893971,6.735602422870731,78.77019018315177,1,0.9,1000,False,True
67,7,3,"[0.10313844298627044, 0.8968615570137296]",80,0.059939225323925024,0.9679504174738499,4.795138025914002,77.43603339790799,1,0.9,1000,False,True
68,8,3,"[0.10313844298627044, 0.8968615570137296]",80,0.07013982904846813,0.9781776902011229,5.61118632387745,78.25421521608983,1,0.9,1000,False,True
69,9,3,"[0.10313844298627044, 0.8968615570137296]",80,0.08760386598456099,0.9956019326253654,7.008309278764879,79.64815461002924,1,0.9,1000,False,True
70,10,3,"[0.10313844298627044, 0.8968615570137296]",80,0.060331394513859105,0.9531982764988827,4.826511561108728,76.25586211991062,1,0.9,1000,False,True
71,11,3,"[0.10313844298627044, 0.8968615570137296]",80,0.09745260663507115,0.9978849530469729,7.796208530805692,79.83079624375783,1,0.9,1000,False,True
72,12,3,"[0.10313844298627044, 0.8968615570137296]",80,0.07997711034602539,0.9653297817689752,6.398168827682031,77.22638254151802,1,0.9,1000,False,True
73,13,3,"[0.10313844298627044, 0.8968615570137296]",80,0.08948468378951277,0.9974958720193049,7.158774703161021,79.7996697615444,1,0.9,1000,False,True
74,14,3,"[0.10313844298627044, 0.8968615570137296]",80,0.08944518484194773,0.9974958720193049,7.155614787355819,79.7996697615444,1,0.9,1000,False,True
75,15,3,"[0.10313844298627044, 0.8968615570137296]",80,0.033816242998707724,0.9418140538374857,2.705299439896618,75.34512430699885,1,0.9,1000,False,True
76,16,3,"[0.10313844298627044, 0.8968615570137296]",80,0.10689576707459396,0.9922237211629149,8.551661365967517,79.37789769303319,1,0.9,1000,False,True
77,17,3,"[0.10313844298627044, 0.8968615570137296]",80,0.08450920540930672,0.9774407007413075,6.760736432744538,78.1952560593046,1,0.9,1000,False,True
78,18,3,"[0.10313844298627044, 0.8968615570137296]",80,0.09737296567529738,0.9903194886200956,7.78983725402379,79.22555908960764,1,0.9,1000,False,True
79,19,3,"[0.10313844298627044, 0.8968615570137296]",80,0.0875907405508692,0.9956019326253654,7.007259244069536,79.64815461002924,1,0.9,1000,False,True
80,0,4,"[0.13765954926426652, 0.8623404507357335]",80,0.042528364210828985,0.9353952461958519,3.4022691368663187,74.83161969566815,1,0.9,1000,False,True
81,1,4,"[0.13765954926426652, 0.8623404507357335]",80,0.090975095507232,0.9990110235344565,7.27800764057856,79.92088188275652,1,0.9,1000,False,True
82,2,4,"[0.13765954926426652, 0.8623404507357335]",80,0.08147916981854893,0.9592794688572491,6.518333585483914,76.74235750857993,1,0.9,1000,False,True
83,3,4,"[0.13765954926426652, 0.8623404507357335]",80,0.09931997666549129,0.9922134280140348,7.9455981332393035,79.37707424112278,1,0.9,1000,False,True
84,4,4,"[0.13765954926426652, 0.8623404507357335]",80,0.08873859617134787,0.9967382962617292,7.09908769370783,79.73906370093833,1,0.9,1000,False,True
85,5,4,"[0.13765954926426652, 0.8623404507357335]",80,0.10313442481688931,0.9960013068019137,8.250753985351144,79.6801045441531,1,0.9,1000,False,True
86,6,4,"[0.13765954926426652, 0.8623404507357335]",80,0.09968564133377213,0.9774612870390678,7.97485130670177,78.19690296312542,1,0.9,1000,False,True
87,7,4,"[0.13765954926426652, 0.8623404507357335]",80,0.09176882447247145,0.9922031348651548,7.3415059577977155,79.37625078921238,1,0.9,1000,False,True
88,8,4,"[0.13765954926426652, 0.8623404507357335]",80,0.07091091859109697,0.9562388726780657,5.672873487287757,76.49910981424526,1,0.9,1000,False,True
89,9,4,"[0.13765954926426652, 0.8623404507357335]",80,0.08230108698972148,0.9902989023223352,6.584086959177719,79.22391218578682,1,0.9,1000,False,True
90,10,4,"[0.13765954926426652, 0.8623404507357335]",80,0.10045448385040838,0.9933497916503985,8.03635870803267,79.46798333203188,1,0.9,1000,False,True
91,11,4,"[0.13765954926426652, 0.8623404507357335]",80,0.08985031249584285,0.9827437310443379,7.188024999667428,78.61949848354703,1,0.9,1000,False,True
92,12,4,"[0.13765954926426652, 0.8623404507357335]",80,0.10651697916251264,0.9918449332841272,8.521358333001011,79.34759466273017,1,0.9,1000,False,True
93,13,4,"[0.13765954926426652, 0.8623404507357335]",80,0.10730109147329361,0.992602509041703,8.584087317863489,79.40820072333624,1,0.9,1000,False,True
94,14,4,"[0.13765954926426652, 0.8623404507357335]",80,0.10800555760879212,0.9782291559455235,8.640444608703369,78.25833247564188,1,0.9,1000,False,True
95,15,4,"[0.13765954926426652, 0.8623404507357335]",80,0.0898502797737243,0.9827437310443378,7.188022381897944,78.61949848354702,1,0.9,1000,False,True
96,16,4,"[0.13765954926426652, 0.8623404507357335]",80,0.10235031249582252,0.9952437310443379,8.188024999665801,79.61949848354703,1,0.9,1000,False,True
97,17,4,"[0.13765954926426652, 0.8623404507357335]",80,0.0852786467475101,0.9857637409257608,6.822291739800807,78.86109927406086,1,0.9,1000,False,True
98,18,4,"[0.13765954926426652, 0.8623404507357335]",80,0.10079682898724271,0.9937285795291864,8.063746318979417,79.49828636233491,1,0.9,1000,False,True
99,19,4,"[0.13765954926426652, 0.8623404507357335]",80,0.0894714918949364,0.9823649431655499,7.1577193515949125,78.58919545324399,1,0.9,1000,False,True
100,0,5,"[0.17216686566807504, 0.8278331343319251]",80,0.098916683313437,0.9918346401352469,7.91333466507496,79.34677121081975,1,0.9,1000,False,True
101,1,5,"[0.17216686566807504, 0.8278331343319251]",80,0.06365070333994086,0.949041902981096,5.092056267195269,75.92335223848768,1,0.9,1000,False,True
102,2,5,"[0.17216686566807504, 0.8278331343319251]",80,0.0959108858240679,0.9888043371049438,7.672870865925432,79.1043469683955,1,0.9,1000,False,True
103,3,5,"[0.17216686566807504, 0.8278331343319251]",80,0.07810785553130005,0.9785667712287909,6.248628442504004,78.28534169830327,1,0.9,1000,False,True
104,4,5,"[0.17216686566807504, 0.8278331343319251]",80,0.10199806118052565,0.9948649431655501,8.159844894442053,79.589195453244,1,0.9,1000,False,True
105,5,5,"[0.17216686566807504, 0.8278331343319251]",80,0.09174421916766361,0.9770722060113997,7.339537533413089,78.16577648091197,1,0.9,1000,False,True
106,6,5,"[0.17216686566807504, 0.8278331343319251]",80,0.10194701850143299,0.9948649431655501,8.15576148011464,79.589195453244,1,0.9,1000,False,True
107,7,5,"[0.17216686566807504, 0.8278331343319251]",80,0.10159270401597054,0.9793552264330072,8.127416321277643,78.34841811464058,1,0.9,1000,False,True
108,8,5,"[0.17216686566807504, 0.8278331343319251]",80,0.0461710834742412,0.8963248660056932,3.693686677939296,71.70598928045546,1,0.9,1000,False,True
109,9,5,"[0.17216686566807504, 0.8278331343319251]",80,0.10843745511974164,0.9861734082511889,8.67499640957933,78.89387266009511,1,0.9,1000,False,True
110,10,5,"[0.17216686566807504, 0.8278331343319251]",80,0.09741448943831799,0.9903194886200956,7.793159155065439,79.22555908960764,1,0.9,1000,False,True
111,11,5,"[0.17216686566807504, 0.8278331343319251]",80,0.10264158058326942,0.9729261256424933,8.211326446661554,77.83409005139946,1,0.9,1000,False,True
112,12,5,"[0.17216686566807504, 0.8278331343319251]",80,0.07583512825857279,0.968728579529186,6.066810260685823,77.49828636233488,1,0.9,1000,False,True
113,13,5,"[0.17216686566807504, 0.8278331343319251]",80,0.09517987935208144,0.9956122257742456,7.614390348166515,79.64897806193964,1,0.9,1000,False,True
114,14,5,"[0.17216686566807504, 0.8278331343319251]",80,0.10989568308871744,0.9876885597663405,8.791654647097396,79.01508478130724,1,0.9,1000,False,True
115,15,5,"[0.17216686566807504, 0.8278331343319251]",80,0.0989150103850471,0.9918346401352469,7.913200830803769,79.34677121081975,1,0.9,1000,False,True
116,16,5,"[0.17216686566807504, 0.8278331343319251]",80,0.09404351124018066,0.9944758621378821,7.523480899214453,79.55806897103056,1,0.9,1000,False,True
117,17,5,"[0.17216686566807504, 0.8278331343319251]",80,0.08870043896081181,0.9967382962617292,7.096035116864945,79.73906370093833,1,0.9,1000,False,True
118,18,5,"[0.17216686566807504, 0.8278331343319251]",80,0.09399063938740046,0.9944758621378821,7.519251150992036,79.55806897103056,1,0.9,1000,False,True
119,19,5,"[0.17216686566807504, 0.8278331343319251]",80,0.10651697857073192,0.991844933284127,8.521358285658554,79.34759466273016,1,0.9,1000,False,True
120,0,6,"[0.20667417309976327, 0.7933258269002368]",80,0.05613815856160326,0.9414661454053382,4.491052684928261,75.31729163242706,1,0.9,1000,False,True
121,1,6,"[0.20667417309976327, 0.7933258269002368]",80,0.10001471958007957,0.9929710037716106,8.001177566406366,79.43768030172885,1,0.9,1000,False,True
122,2,6,"[0.20667417309976327, 0.7933258269002368]",80,0.11863819131840388,0.9888352165515842,9.49105530547231,79.10681732412674,1,0.9,1000,False,True
123,3,6,"[0.20667417309976327, 0.7933258269002368]",80,0.08381598770816845,0.9918140538374868,6.705279016653476,79.34512430699894,1,0.9,1000,False,True
124,4,6,"[0.20667417309976327, 0.7933258269002368]",80,0.11664660822525681,0.9387964253682964,9.331728658020545,75.10371402946372,1,0.9,1000,False,True
125,5,6,"[0.20667417309976327, 0.7933258269002368]",80,0.1012404854229499,0.9941073674079742,8.099238833835992,79.52858939263794,1,0.9,1000,False,True
126,6,6,"[0.20667417309976327, 0.7933258269002368]",80,0.09891668332369939,0.9918346401352469,7.913334665895952,79.34677121081975,1,0.9,1000,False,True
127,7,6,"[0.20667417309976327, 0.7933258269002368]",80,0.08646586883068888,0.9944655689890018,6.917269506455111,79.55724551912014,1,0.9,1000,False,True
128,8,6,"[0.20667417309976327, 0.7933258269002368]",80,0.09853768228292634,0.9763249234027042,7.883014582634107,78.10599387221633,1,0.9,1000,False,True
129,9,6,"[0.20667417309976327, 0.7933258269002368]",80,0.049698764620857996,0.9274612870390666,3.9759011696686395,74.19690296312532,1,0.9,1000,False,True
130,10,6,"[0.20667417309976327, 0.7933258269002368]",80,0.09666846159190608,0.9971273772893972,7.733476927352486,79.77019018315177,1,0.9,1000,False,True
131,11,6,"[0.20667417309976327, 0.7933258269002368]",80,0.10313442481688931,0.9960013068019137,8.250753985351144,79.6801045441531,1,0.9,1000,False,True
132,12,6,"[0.20667417309976327, 0.7933258269002368]",80,0.20007708043352518,0.923966360623323,16.006166434682015,73.91730884986585,1,0.9,1000,False,True
133,13,6,"[0.20667417309976327, 0.7933258269002368]",80,0.10313442481688931,0.9960013068019137,8.250753985351144,79.6801045441531,1,0.9,1000,False,True
134,14,6,"[0.20667417309976327, 0.7933258269002368]",80,0.08111185547877686,0.9891625386859715,6.488948438302149,79.13300309487772,1,0.9,1000,False,True
135,15,6,"[0.20667417309976327, 0.7933258269002368]",80,0.10038039572075771,0.9857843272235209,8.030431657660618,78.86274617788168,1,0.9,1000,False,True
136,16,6,"[0.20667417309976327, 0.7933258269002368]",80,0.034937663481501235,0.9429504174738501,2.795013078520099,75.436033397908,1,0.9,1000,False,True
137,17,6,"[0.20667417309976327, 0.7933258269002368]",80,0.08073468610494947,0.9660873575265512,6.458774888395957,77.2869886021241,1,0.9,1000,False,True
138,18,6,"[0.20667417309976327, 0.7933258269002368]",80,0.08717245756870835,0.9952231447465776,6.973796605496668,79.6178515797262,1,0.9,1000,False,True
139,19,6,"[0.20667417309976327, 0.7933258269002368]",80,0.08642967058483725,0.9944655689890018,6.91437364678698,79.55724551912014,1,0.9,1000,False,True
140,0,7,"[0.24115367444542168, 0.7588463255545783]",80,0.2392864740230697,0.8350458876205261,19.142917921845577,66.80367100964209,1,0.9,1000,False,True
141,1,7,"[0.24115367444542168, 0.7588463255545783]",80,0.09703230640445815,0.9823752363144299,7.762584512356652,78.5900189051544,1,0.9,1000,False,True
142,2,7,"[0.24115367444542168, 0.7588463255545783]",80,0.40176576294043853,0.8435740568589676,32.14126103523508,67.4859245487174,1,0.9,1000,False,True
143,3,7,"[0.24115367444542168, 0.7588463255545783]",80,0.27762204708739524,0.8885776071532259,22.209763766991617,71.08620857225807,1,0.9,1000,False,True
144,4,7,"[0.24115367444542168, 0.7588463255545783]",80,0.0935998793983498,0.994097074259094,7.487990351867984,79.52776594072752,1,0.9,1000,False,True
145,5,7,"[0.24115367444542168, 0.7588463255545783]",24,0.28924897064662347,0.5073596749329656,6.941975295518963,12.176632198391175,1,0.9,1000,False,True
146,6,7,"[0.24115367444542168, 0.7588463255545783]",80,0.22204498181336083,0.9227219305302359,17.763598545068866,73.81775444241887,1,0.9,1000,False,True
147,7,7,"[0.24115367444542168, 0.7588463255545783]",80,0.10800555950769734,0.9857946203724012,8.640444760615788,78.8635696297921,1,0.9,1000,False,True
148,8,7,"[0.24115367444542168, 0.7588463255545783]",80,0.10500182768200597,0.9903297817689755,8.400146214560477,79.22638254151803,1,0.9,1000,False,True
149,9,7,"[0.24115367444542168, 0.7588463255545783]",80,0.09590902947376263,0.9812388726780664,7.67272235790101,78.49910981424532,1,0.9,1000,False,True
150,10,7,"[0.24115367444542168, 0.7588463255545783]",80,0.11108711449952827,0.9812594589758266,8.886969159962261,78.50075671806613,1,0.9,1000,False,True
151,11,7,"[0.24115367444542168, 0.7588463255545783]",80,0.10010412178656276,0.9778400749178557,8.00832974292502,78.22720599342846,1,0.9,1000,False,True
152,12,7,"[0.24115367444542168, 0.7588463255545783]",80,0.08039402934484825,0.9657085696477627,6.43152234758786,77.25668557182102,1,0.9,1000,False,True
153,13,7,"[0.24115367444542168, 0.7588463255545783]",80,0.08684457821433633,0.9948443568677897,6.947566257146907,79.58754854942318,1,0.9,1000,False,True
154,14,7,"[0.24115367444542168, 0.7588463255545783]",80,0.11823285654247703,0.9884564286727964,9.458628523398163,79.0765142938237,1,0.9,1000,False,True
155,15,7,"[0.24115367444542168, 0.7588463255545783]",80,0.09248694511189744,0.9929607106227305,7.398955608951795,79.43685684981844,1,0.9,1000,False,True
156,16,7,"[0.24115367444542168, 0.7588463255545783]",80,0.09212303976857321,0.9850164583170649,7.369843181485857,78.80131666536519,1,0.9,1000,False,True
157,17,7,"[0.24115367444542168, 0.7588463255545783]",80,0.11513790384924556,0.9854261256424934,9.211032307939645,78.83409005139947,1,0.9,1000,False,True
158,18,7,"[0.24115367444542168, 0.7588463255545783]",80,0.09516675661757548,0.988046761347368,7.613340529406039,79.04374090778944,1,0.9,1000,False,True
159,19,7,"[0.24115367444542168, 0.7588463255545783]",80,0.08909074004563242,0.9895516197136395,7.127259203650594,79.16412957709116,1,0.9,1000,False,True
160,0,8,"[0.2756571690403019, 0.7243428309596982]",80,0.21786695415028148,0.9268260915402917,17.429356332022518,74.14608732322334,1,0.9,1000,False,True
161,1,8,"[0.2756571690403019, 0.7243428309596982]",80,0.23755755162251319,0.9076492451051278,19.004604129801056,72.61193960841022,1,0.9,1000,False,True
162,2,8,"[0.2756571690403019, 0.7243428309596982]",80,0.09818361310705753,0.9835115999507936,7.854689048564603,78.68092799606349,1,0.9,1000,False,True
163,3,8,"[0.2756571690403019, 0.7243428309596982]",76,0.3489186346670509,0.725261884752635,26.51781623469587,55.11990324120026,1,0.9,1000,False,True
164,4,8,"[0.2756571690403019, 0.7243428309596982]",80,0.10347512962260648,0.9888146302538241,8.278010369808518,79.10517042030592,1,0.9,1000,False,True
165,5,8,"[0.2756571690403019, 0.7243428309596982]",80,0.1980966672143543,0.9421169997426293,15.847733377148343,75.36935997941035,1,0.9,1000,False,True
166,6,8,"[0.2756571690403019, 0.7243428309596982]",80,0.12957412975395138,0.8985813146362351,10.365930380316112,71.88650517089881,1,0.9,1000,False,True
167,7,8,"[0.2756571690403019, 0.7243428309596982]",80,0.0728313945138591,0.9656982764988827,5.826511561108728,77.25586211991062,1,0.9,1000,False,True
168,8,8,"[0.2756571690403019, 0.7243428309596982]",80,0.09583497390561871,0.9812388726780664,7.666797912449496,78.49910981424532,1,0.9,1000,False,True
169,9,8,"[0.2756571690403019, 0.7243428309596982]",80,0.3822411461664338,0.8451413674181506,30.5792916933147,67.61130939345205,1,0.9,1000,False,True
170,10,8,"[0.2756571690403019, 0.7243428309596982]",80,0.06932971807867397,0.9292602764484409,5.546377446293918,74.34082211587527,1,0.9,1000,False,True
171,11,8,"[0.2756571690403019, 0.7243428309596982]",80,0.2583648779756545,0.911862482027255,20.66919023805236,72.94899856218039,1,0.9,1000,False,True
172,12,8,"[0.2756571690403019, 0.7243428309596982]",80,0.11406801943828593,0.991855226433007,9.125441555062874,79.34841811464057,1,0.9,1000,False,True
173,13,8,"[0.2756571690403019, 0.7243428309596982]",80,0.10692230360474467,0.9922237211629149,8.553784288379573,79.37789769303319,1,0.9,1000,False,True
174,14,8,"[0.2756571690403019, 0.7243428309596982]",80,0.20540715208961696,0.9429080609579781,16.432572167169358,75.43264487663825,1,0.9,1000,False,True
175,15,8,"[0.2756571690403019, 0.7243428309596982]",80,0.123484670661717,0.9710630656951944,9.87877365293736,77.68504525561555,1,0.9,1000,False,True
176,16,8,"[0.2756571690403019, 0.7243428309596982]",80,0.16284513016222432,0.9215691680635633,13.027610412977946,73.72553344508506,1,0.9,1000,False,True
177,17,8,"[0.2756571690403019, 0.7243428309596982]",80,0.08378967371311827,0.9766831249837316,6.703173897049462,78.13464999869852,1,0.9,1000,False,True
178,18,8,"[0.2756571690403019, 0.7243428309596982]",80,0.10086169754416201,0.9937285795291864,8.06893580353296,79.49828636233491,1,0.9,1000,False,True
179,19,8,"[0.2756571690403019, 0.7243428309596982]",80,0.09818364582917924,0.9910770643776712,7.854691666334339,79.28616515021369,1,0.9,1000,False,True
180,0,9,"[0.3101838893263077, 0.6898161106736923]",80,0.1019220626786183,0.9872994787386725,8.153765014289464,78.9839582990938,1,0.9,1000,False,True
181,1,9,"[0.3101838893263077, 0.6898161106736923]",80,0.5586540255122516,0.7613611901925251,44.69232204098013,60.90889521540201,1,0.9,1000,False,True
182,2,9,"[0.3101838893263077, 0.6898161106736923]",80,0.1318305056723042,0.9244770307323,10.546440453784337,73.958162458584,1,0.9,1000,False,True
183,3,9,"[0.3101838893263077, 0.6898161106736923]",80,0.40392572044887637,0.8094470349820477,32.31405763591011,64.75576279856382,1,0.9,1000,False,True
184,4,9,"[0.3101838893263077, 0.6898161106736923]",80,0.2897588873751962,0.8320927871988287,23.180710990015694,66.5674229759063,1,0.9,1000,False,True
185,5,9,"[0.3101838893263077, 0.6898161106736923]",80,0.554305348169277,0.7619122627468012,44.34442785354216,60.9529810197441,1,0.9,1000,False,True
186,6,9,"[0.3101838893263077, 0.6898161106736923]",80,0.08756603871486704,0.9804710037716104,7.005283097189364,78.43768030172883,1,0.9,1000,False,True
187,7,9,"[0.3101838893263077, 0.6898161106736923]",80,0.09285589373233008,0.9782085696477635,7.428471498586406,78.25668557182108,1,0.9,1000,False,True
188,8,9,"[0.3101838893263077, 0.6898161106736923]",80,0.1053806149343683,0.983143105220886,8.430449194749464,78.65144841767088,1,0.9,1000,False,True
189,9,9,"[0.3101838893263077, 0.6898161106736923]",23,0.5538278179178736,0.4017281522481846,12.738039812111094,9.239747501708246,1,0.9,1000,False,True
190,10,9,"[0.3101838893263077, 0.6898161106736923]",80,0.09969873049732303,0.9925922158928226,7.975898439785842,79.40737727142582,1,0.9,1000,False,True
191,11,9,"[0.3101838893263077, 0.6898161106736923]",80,0.08564337068698052,0.9785770643776711,6.851469654958442,78.28616515021369,1,0.9,1000,False,True
192,12,9,"[0.3101838893263077, 0.6898161106736923]",80,0.13867359788794992,0.9549196001666875,11.093887831035993,76.393568013335,1,0.9,1000,False,True
193,13,9,"[0.3101838893263077, 0.6898161106736923]",80,0.14290715208961685,0.9772816778239214,11.432572167169347,78.18253422591371,1,0.9,1000,False,True
194,14,9,"[0.3101838893263077, 0.6898161106736923]",80,0.084547249470694,0.9774407007413073,6.763779957655521,78.19525605930458,1,0.9,1000,False,True
195,15,9,"[0.3101838893263077, 0.6898161106736923]",80,0.0993465460290105,0.9922134280140348,7.94772368232084,79.37707424112278,1,0.9,1000,False,True
196,16,9,"[0.3101838893263077, 0.6898161106736923]",80,0.17274708163891078,0.9399145987325591,13.819766531112863,75.19316789860473,1,0.9,1000,False,True
197,17,9,"[0.3101838893263077, 0.6898161106736923]",80,0.08414181318388211,0.9619309840087643,6.731345054710569,76.95447872070115,1,0.9,1000,False,True
198,18,9,"[0.3101838893263077, 0.6898161106736923]",80,0.08985027977237282,0.9827437310443379,7.188022381789826,78.61949848354703,1,0.9,1000,False,True
199,19,9,"[0.3101838893263077, 0.6898161106736923]",80,0.1981831971793218,0.8951751390096728,15.854655774345746,71.61401112077382,1,0.9,1000,False,True
200,0,10,"[0.34468225458719604, 0.6553177454128041]",80,0.43432721072615654,0.7529419735509605,34.746176858092525,60.23535788407684,1,0.9,1000,False,True
201,1,10,"[0.34468225458719604, 0.6553177454128041]",19,0.543225002344325,0.26064274111322194,10.321275044542176,4.952212081151217,1,0.9,1000,False,True
202,2,10,"[0.34468225458719604, 0.6553177454128041]",80,0.08681800892901737,0.9797134280140346,6.945440714321389,78.37707424112277,1,0.9,1000,False,True
203,3,10,"[0.34468225458719604, 0.6553177454128041]",80,0.16217239591712626,0.9635568907786984,12.973791673370101,77.08455126229588,1,0.9,1000,False,True
204,4,10,"[0.34468225458719604, 0.6553177454128041]",80,0.32184574454006326,0.8595044052790473,25.74765956320506,68.76035242232378,1,0.9,1000,False,True
205,5,10,"[0.34468225458719604, 0.6553177454128041]",80,0.1928127007077742,0.9082226955730457,15.425016056621937,72.65781564584366,1,0.9,1000,False,True
206,6,10,"[0.34468225458719604, 0.6553177454128041]",80,0.4024718333366457,0.8491042272582872,32.19774666693166,67.92833818066298,1,0.9,1000,False,True
207,7,10,"[0.34468225458719604, 0.6553177454128041]",80,0.332922806898466,0.8866848244621318,26.63382455187728,70.93478595697054,1,0.9,1000,False,True
208,8,10,"[0.34468225458719604, 0.6553177454128041]",80,0.12586169754416204,0.9833854171913362,10.068935803532963,78.6708333753069,1,0.9,1000,False,True
209,9,10,"[0.34468225458719604, 0.6553177454128041]",80,0.2606364204941954,0.8923016258246508,20.85091363953563,71.38413006597206,1,0.9,1000,False,True
210,10,10,"[0.34468225458719604, 0.6553177454128041]",80,0.595666748817923,0.7466931264188813,47.653339905433846,59.7354501135105,1,0.9,1000,False,True
211,11,10,"[0.34468225458719604, 0.6553177454128041]",80,0.17689197038863805,0.9251808961207972,14.151357631091043,74.01447168966378,1,0.9,1000,False,True
212,12,10,"[0.34468225458719604, 0.6553177454128041]",80,0.8131995688301752,0.660719765587698,65.05596550641401,52.85758124701584,1,0.9,1000,False,True
213,13,10,"[0.34468225458719604, 0.6553177454128041]",80,0.17614657632875633,0.9187812095019451,14.091726106300506,73.50249676015561,1,0.9,1000,False,True
214,14,10,"[0.34468225458719604, 0.6553177454128041]",80,0.1503493368715179,0.926967149545939,12.027946949721432,74.15737196367512,1,0.9,1000,False,True
215,15,10,"[0.34468225458719604, 0.6553177454128041]",80,0.4495058176241871,0.8039807878748807,35.96046540993497,64.31846302999045,1,0.9,1000,False,True
216,16,10,"[0.34468225458719604, 0.6553177454128041]",80,0.14550572925046018,0.972353670023956,11.640458340036815,77.78829360191648,1,0.9,1000,False,True
217,17,10,"[0.34468225458719604, 0.6553177454128041]",80,0.29433401632597656,0.8545239602904131,23.546721306078123,68.36191682323305,1,0.9,1000,False,True
218,18,10,"[0.34468225458719604, 0.6553177454128041]",80,0.4164792966153952,0.8070183794860366,33.318343729231614,64.56147035888293,1,0.9,1000,False,True
219,19,10,"[0.34468225458719604, 0.6553177454128041]",80,0.3332404911276026,0.8806574568179683,26.65923929020821,70.45259654543746,1,0.9,1000,False,True
220,0,11,"[0.37916893130584395, 0.620831068694156]",80,0.19321441846055004,0.8634791901332749,15.457153476844004,69.07833521066199,1,0.9,1000,False,True
221,1,11,"[0.37916893130584395, 0.620831068694156]",7,0.006935532768388367,-0.25948777164376147,0.04854872937871857,-1.8164144015063304,1,0.9,1000,False,True
222,2,11,"[0.37916893130584395, 0.620831068694156]",80,0.8358103914441068,0.6561796392255863,66.86483131552855,52.49437113804691,1,0.9,1000,False,True
223,3,11,"[0.37916893130584395, 0.620831068694156]",18,0.07170175331554463,0.48222041200449983,1.2906315596798033,8.679967416080997,1,0.9,1000,False,True
224,4,11,"[0.37916893130584395, 0.620831068694156]",80,0.41534034669706515,0.8089751002724108,33.22722773576521,64.71800802179287,1,0.9,1000,False,True
225,5,11,"[0.37916893130584395, 0.620831068694156]",16,0.3972862669996179,0.25143595534902863,6.356580271993886,4.022975285584458,1,0.9,1000,False,True
226,6,11,"[0.37916893130584395, 0.620831068694156]",80,0.30953508003934777,0.809525186430139,24.76280640314782,64.76201491441113,1,0.9,1000,False,True
227,7,11,"[0.37916893130584395, 0.620831068694156]",80,0.330994375650277,0.8309497157969078,26.479550052022162,66.47597726375263,1,0.9,1000,False,True
228,8,11,"[0.37916893130584395, 0.620831068694156]",80,0.35636109843409813,0.8607482603907703,28.50888787472785,68.85986083126163,1,0.9,1000,False,True
229,9,11,"[0.37916893130584395, 0.620831068694156]",80,0.18828804782542882,0.8788640034519452,15.063043826034306,70.30912027615561,1,0.9,1000,False,True
230,10,11,"[0.37916893130584395, 0.620831068694156]",80,0.3327943640704118,0.8777168654330563,26.623549125632945,70.2173492346445,1,0.9,1000,False,True
231,11,11,"[0.37916893130584395, 0.620831068694156]",29,0.7484690963703288,0.3996332507743918,21.705603794739535,11.589364272457363,1,0.9,1000,False,True
232,12,11,"[0.37916893130584395, 0.620831068694156]",80,0.36476964239359094,0.847385379317655,29.181571391487275,67.7908303454124,1,0.9,1000,False,True
233,13,11,"[0.37916893130584395, 0.620831068694156]",80,0.43193306453758673,0.7760752571161739,34.55464516300694,62.08602056929391,1,0.9,1000,False,True
234,14,11,"[0.37916893130584395, 0.620831068694156]",80,0.7749892497477776,0.6593751482158154,61.99913997982221,52.750011857265235,1,0.9,1000,False,True
235,15,11,"[0.37916893130584395, 0.620831068694156]",80,0.20304794448938077,0.9425110735970554,16.24383555915046,75.40088588776443,1,0.9,1000,False,True
236,16,11,"[0.37916893130584395, 0.620831068694156]",80,0.7662583173107385,0.6511593931517465,61.30066538485907,52.09275145213972,1,0.9,1000,False,True
237,17,11,"[0.37916893130584395, 0.620831068694156]",80,0.5754971716939744,0.7434228978964343,46.039773735517954,59.47383183171475,1,0.9,1000,False,True
238,18,11,"[0.37916893130584395, 0.620831068694156]",80,0.6523512242603886,0.7185822372526177,52.18809794083109,57.486578980209416,1,0.9,1000,False,True
239,19,11,"[0.37916893130584395, 0.620831068694156]",80,0.5327165276297301,0.7491697565975479,42.617322210378404,59.933580527803834,1,0.9,1000,False,True
240,0,12,"[0.4136623847269699, 0.5863376152730301]",80,0.41673750235660795,0.8338571787203513,33.33900018852864,66.7085742976281,1,0.9,1000,False,True
241,1,12,"[0.4136623847269699, 0.5863376152730301]",80,0.2414386508536283,0.8839143404848073,19.315092068290266,70.71314723878459,1,0.9,1000,False,True
242,2,12,"[0.4136623847269699, 0.5863376152730301]",80,0.5319987387464088,0.7770756027258274,42.5598990997127,62.166048218066194,1,0.9,1000,False,True
243,3,12,"[0.4136623847269699, 0.5863376152730301]",25,0.5834183969908184,0.3707928365976529,14.585459924770461,9.269820914941322,1,0.9,1000,False,True
244,4,12,"[0.4136623847269699, 0.5863376152730301]",80,0.3427399900385235,0.8319746219720459,27.41919920308188,66.55796975776367,1,0.9,1000,False,True
245,5,12,"[0.4136623847269699, 0.5863376152730301]",80,0.8799292210032249,0.627110421921779,70.39433768025799,50.16883375374232,1,0.9,1000,False,True
246,6,12,"[0.4136623847269699, 0.5863376152730301]",23,0.5434401583138206,0.35773372676748194,12.499123641217874,8.227875715652084,1,0.9,1000,False,True
247,7,12,"[0.4136623847269699, 0.5863376152730301]",80,0.9013582074417321,0.6139950990981202,72.10865659533857,49.119607927849614,1,0.9,1000,False,True
248,8,12,"[0.4136623847269699, 0.5863376152730301]",80,0.7574150531840058,0.6566510398526783,60.59320425472047,52.53208318821426,1,0.9,1000,False,True
249,9,12,"[0.4136623847269699, 0.5863376152730301]",80,0.3740784193844028,0.8026380243781774,29.926273550752224,64.2110419502542,1,0.9,1000,False,True
250,10,12,"[0.4136623847269699, 0.5863376152730301]",80,0.3072899662152477,0.8875345237252346,24.583197297219815,71.00276189801876,1,0.9,1000,False,True
251,11,12,"[0.4136623847269699, 0.5863376152730301]",40,0.32769630636934827,0.6092797040056375,13.107852254773931,24.371188160225497,1,0.9,1000,False,True
252,12,12,"[0.4136623847269699, 0.5863376152730301]",80,0.24090044667395652,0.9089933236038185,19.27203573391652,72.71946588830548,1,0.9,1000,False,True
253,13,12,"[0.4136623847269699, 0.5863376152730301]",80,0.17698508194627255,0.9437732957870717,14.158806555701805,75.50186366296573,1,0.9,1000,False,True
254,14,12,"[0.4136623847269699, 0.5863376152730301]",80,0.39526726059896755,0.8390769566679509,31.621380847917404,67.12615653343607,1,0.9,1000,False,True
255,15,12,"[0.4136623847269699, 0.5863376152730301]",80,0.8044694178917571,0.6019497347342044,64.35755343134056,48.155978778736355,1,0.9,1000,False,True
256,16,12,"[0.4136623847269699, 0.5863376152730301]",80,0.8397450570752975,0.613933018763601,67.1796045660238,49.11464150108807,1,0.9,1000,False,True
257,17,12,"[0.4136623847269699, 0.5863376152730301]",80,0.7237485040855074,0.6618252934631738,57.89988032684059,52.9460234770539,1,0.9,1000,False,True
258,18,12,"[0.4136623847269699, 0.5863376152730301]",80,0.9291467516774994,0.6036062281117782,74.33174013419995,48.28849824894226,1,0.9,1000,False,True
259,19,12,"[0.4136623847269699, 0.5863376152730301]",80,0.9094396382551564,0.6282055976929369,72.75517106041251,50.25644781543495,1,0.9,1000,False,True
260,0,13,"[0.44818717215883924, 0.5518128278411607]",80,0.9344506905427054,0.6139561927947981,74.75605524341643,49.11649542358384,1,0.9,1000,False,True
261,1,13,"[0.44818717215883924, 0.5518128278411607]",13,0.39790309359552517,0.23109273189348684,5.172740216741827,3.004205514615329,1,0.9,1000,False,True
262,2,13,"[0.44818717215883924, 0.5518128278411607]",80,0.8661799121954769,0.6121413272604512,69.29439297563815,48.971306180836095,1,0.9,1000,False,True
263,3,13,"[0.44818717215883924, 0.5518128278411607]",12,0.04181235875899928,0.25985295267885133,0.5017483051079914,3.118235432146216,1,0.9,1000,False,True
264,4,13,"[0.44818717215883924, 0.5518128278411607]",80,0.36603549666804636,0.8129762540485878,29.28283973344371,65.03810032388702,1,0.9,1000,False,True
265,5,13,"[0.44818717215883924, 0.5518128278411607]",80,0.4501727380539574,0.8162331855537708,36.01381904431659,65.29865484430167,1,0.9,1000,False,True
266,6,13,"[0.44818717215883924, 0.5518128278411607]",5,-0.625090125716036,-0.38115942028985517,-3.1254506285801797,-1.9057971014492758,1,0.9,1000,False,True
267,7,13,"[0.44818717215883924, 0.5518128278411607]",80,0.5966939604848683,0.7228552676349446,47.735516838789465,57.82842141079556,1,0.9,1000,False,True
268,8,13,"[0.44818717215883924, 0.5518128278411607]",80,0.4392225153983622,0.8128021682231715,35.13780123186898,65.02417345785372,1,0.9,1000,False,True
269,9,13,"[0.44818717215883924, 0.5518128278411607]",80,0.5385166678302378,0.7637384483587797,43.08133342641902,61.09907586870237,1,0.9,1000,False,True
270,10,13,"[0.44818717215883924, 0.5518128278411607]",65,0.44162267137975925,0.6915751745407772,28.70547363968435,44.95238634515052,1,0.9,1000,False,True
271,11,13,"[0.44818717215883924, 0.5518128278411607]",60,0.47185799254449123,0.6293403098768512,28.311479552669475,37.760418592611074,1,0.9,1000,False,True
272,12,13,"[0.44818717215883924, 0.5518128278411607]",80,0.46176032970349307,0.7795546494614951,36.940826376279446,62.364371956919605,1,0.9,1000,False,True
273,13,13,"[0.44818717215883924, 0.5518128278411607]",80,0.6863446373002877,0.7084867371099937,54.90757098402302,56.67893896879949,1,0.9,1000,False,True
274,14,13,"[0.44818717215883924, 0.5518128278411607]",51,0.25364794980338695,0.7504505163713359,12.936045439972734,38.27297633493813,1,0.9,1000,False,True
275,15,13,"[0.44818717215883924, 0.5518128278411607]",80,0.4365333296456065,0.8007259600226273,34.92266637164852,64.05807680181019,1,0.9,1000,False,True
276,16,13,"[0.44818717215883924, 0.5518128278411607]",80,0.9891289264166486,0.6101070896375992,79.13031411333189,48.80856717100794,1,0.9,1000,False,True
277,17,13,"[0.44818717215883924, 0.5518128278411607]",80,0.42802438605954957,0.8119475750713523,34.241950884763966,64.95580600570818,1,0.9,1000,False,True
278,18,13,"[0.44818717215883924, 0.5518128278411607]",80,0.24506532696363234,0.8549689777496949,19.605226157090588,68.3975182199756,1,0.9,1000,False,True
279,19,13,"[0.44818717215883924, 0.5518128278411607]",8,0.06783128005458539,-0.13957350334458574,0.5426502404366831,-1.116588026756686,1,0.9,1000,False,True
280,0,14,"[0.48272412587204966, 0.5172758741279504]",21,0.6401500930409922,0.330251360709399,13.443151953860838,6.935278574897378,1,0.9,1000,False,True
281,1,14,"[0.48272412587204966, 0.5172758741279504]",80,0.916972424664708,0.6120863654339485,73.35779397317664,48.96690923471588,1,0.9,1000,False,True
282,2,14,"[0.48272412587204966, 0.5172758741279504]",80,0.9686412669576926,0.6143178837267644,77.49130135661541,49.145430698141155,1,0.9,1000,False,True
283,3,14,"[0.48272412587204966, 0.5172758741279504]",80,0.9530163942020058,0.5943999666822789,76.24131153616047,47.55199733458231,1,0.9,1000,False,True
284,4,14,"[0.48272412587204966, 0.5172758741279504]",75,0.4687432002993766,0.6569937452395052,35.155740022453244,49.274530892962886,1,0.9,1000,False,True
285,5,14,"[0.48272412587204966, 0.5172758741279504]",80,0.9415966183386839,0.6043401939388933,75.32772946709471,48.34721551511146,1,0.9,1000,False,True
286,6,14,"[0.48272412587204966, 0.5172758741279504]",76,0.3606708652590555,0.7179616215062962,27.410985759688216,54.56508323447851,1,0.9,1000,False,True
287,7,14,"[0.48272412587204966, 0.5172758741279504]",80,0.79206602584369,0.6394179709634171,63.3652820674952,51.15343767707337,1,0.9,1000,False,True
288,8,14,"[0.48272412587204966, 0.5172758741279504]",22,0.5803956804416317,0.3456188490448817,12.768704969715898,7.603614678987398,1,0.9,1000,False,True
289,9,14,"[0.48272412587204966, 0.5172758741279504]",80,0.6834197136634849,0.7016666727410743,54.67357709307879,56.133333819285944,1,0.9,1000,False,True
290,10,14,"[0.48272412587204966, 0.5172758741279504]",80,0.650680186306794,0.7137634722155882,52.05441490454352,57.101077777247056,1,0.9,1000,False,True
291,11,14,"[0.48272412587204966, 0.5172758741279504]",80,0.5714421197511793,0.7405166071713785,45.71536958009435,59.24132857371028,1,0.9,1000,False,True
292,12,14,"[0.48272412587204966, 0.5172758741279504]",80,0.9769662682808725,0.6149695731685609,78.1573014624698,49.197565853484875,1,0.9,1000,False,True
293,13,14,"[0.48272412587204966, 0.5172758741279504]",80,0.6668121844328362,0.716351627691022,53.3449747546269,57.308130215281764,1,0.9,1000,False,True
294,14,14,"[0.48272412587204966, 0.5172758741279504]",41,0.569463459719773,0.544928275844865,23.34800184851069,22.342059309639467,1,0.9,1000,False,True
295,15,14,"[0.48272412587204966, 0.5172758741279504]",14,0.3388140361433423,0.26062984428217273,4.743396506006793,3.648817819950418,1,0.9,1000,False,True
296,16,14,"[0.48272412587204966, 0.5172758741279504]",80,0.9044812736137843,0.6087819613425804,72.35850188910274,48.70255690740644,1,0.9,1000,False,True
297,17,14,"[0.48272412587204966, 0.5172758741279504]",80,0.39671260846598083,0.7993215339942099,31.737008677278467,63.945722719536796,1,0.9,1000,False,True
298,18,14,"[0.48272412587204966, 0.5172758741279504]",80,0.654344398934591,0.6820063723510191,52.34755191476727,54.56050978808153,1,0.9,1000,False,True
299,19,14,"[0.48272412587204966, 0.5172758741279504]",80,0.739066911328828,0.6995120226530377,59.12535290630623,55.96096181224301,1,0.9,1000,False,True
300,0,15,"[0.517244454276836, 0.482755545723164]",80,0.5133908334691596,0.7509410427408755,41.07126667753277,60.075283419270036,1,0.9,1000,False,True
301,1,15,"[0.517244454276836, 0.482755545723164]",80,0.9086896629025182,0.6225868652518074,72.69517303220145,49.80694922014459,1,0.9,1000,False,True
302,2,15,"[0.517244454276836, 0.482755545723164]",80,0.518784501998984,0.7704884998060023,41.502760159918715,61.63907998448018,1,0.9,1000,False,True
303,3,15,"[0.517244454276836, 0.482755545723164]",80,0.9920799097554598,0.6131373926679021,79.36639278043678,49.05099141343217,1,0.9,1000,False,True
304,4,15,"[0.517244454276836, 0.482755545723164]",80,0.3818965070605601,0.820749414887246,30.551720564844807,65.65995319097968,1,0.9,1000,False,True
305,5,15,"[0.517244454276836, 0.482755545723164]",26,0.2047186172967222,0.5758771738387866,5.322684049714777,14.97280651980845,1,0.9,1000,False,True
306,6,15,"[0.517244454276836, 0.482755545723164]",80,0.9708584056798294,0.6125465845481534,77.66867245438635,49.00372676385227,1,0.9,1000,False,True
307,7,15,"[0.517244454276836, 0.482755545723164]",80,0.40328168770302747,0.8313437836136984,32.2625350162422,66.50750268909587,1,0.9,1000,False,True
308,8,15,"[0.517244454276836, 0.482755545723164]",80,0.9317697192686383,0.6022122197015516,74.54157754149107,48.17697757612412,1,0.9,1000,False,True
309,9,15,"[0.517244454276836, 0.482755545723164]",13,0.364682726258282,0.1689476874558307,4.740875441357666,2.196319936925799,1,0.9,1000,False,True
310,10,15,"[0.517244454276836, 0.482755545723164]",80,0.687505368363114,0.6945622467968375,55.000429469049124,55.564979743747,1,0.9,1000,False,True
311,11,15,"[0.517244454276836, 0.482755545723164]",80,0.42587706052833685,0.7919250533751668,34.07016484226695,63.35400427001335,1,0.9,1000,False,True
312,12,15,"[0.517244454276836, 0.482755545723164]",80,0.7614293907081847,0.6765174124097413,60.914351256654776,54.1213929927793,1,0.9,1000,False,True
313,13,15,"[0.517244454276836, 0.482755545723164]",80,0.7970437751939938,0.6334528719808384,63.76350201551951,50.67622975846707,1,0.9,1000,False,True
314,14,15,"[0.517244454276836, 0.482755545723164]",37,0.7753238498892395,0.45939446233591996,28.68698244590186,16.99759510642904,1,0.9,1000,False,True
315,15,15,"[0.517244454276836, 0.482755545723164]",80,0.8379662072520058,0.619195180083849,67.03729658016046,49.53561440670792,1,0.9,1000,False,True
316,16,15,"[0.517244454276836, 0.482755545723164]",80,0.5185836375379123,0.7897125132226813,41.48669100303298,63.17700105781451,1,0.9,1000,False,True
317,17,15,"[0.517244454276836, 0.482755545723164]",80,0.626752633171049,0.7220171952050175,50.14021065368392,57.7613756164014,1,0.9,1000,False,True
318,18,15,"[0.517244454276836, 0.482755545723164]",80,0.6529226855833594,0.6887732586115024,52.23381484666876,55.10186068892019,1,0.9,1000,False,True
319,19,15,"[0.517244454276836, 0.482755545723164]",80,0.9011484795619749,0.5921120823086248,72.09187836495799,47.36896658468998,1,0.9,1000,False,True
320,0,16,"[0.5517177017501401, 0.44828229824985993]",80,0.8336925479265437,0.6387044145405258,66.6954038341235,51.09635316324207,1,0.9,1000,False,True
321,1,16,"[0.5517177017501401, 0.44828229824985993]",80,0.9158351322631815,0.5866948424603108,73.26681058105451,46.935587396824864,1,0.9,1000,False,True
322,2,16,"[0.5517177017501401, 0.44828229824985993]",80,0.823147431025278,0.631465916655079,65.85179448202224,50.51727333240632,1,0.9,1000,False,True
323,3,16,"[0.5517177017501401, 0.44828229824985993]",80,0.25257934657006975,0.8411247034581069,20.20634772560558,67.28997627664855,1,0.9,1000,False,True
324,4,16,"[0.5517177017501401, 0.44828229824985993]",80,0.6141627608419498,0.7685993373517153,49.13302086735598,61.487946988137224,1,0.9,1000,False,True
325,5,16,"[0.5517177017501401, 0.44828229824985993]",16,0.41955380169568013,0.27460622114042077,6.712860827130882,4.393699538246732,1,0.9,1000,False,True
326,6,16,"[0.5517177017501401, 0.44828229824985993]",80,0.774496250953437,0.6392256710994821,61.959700076274956,51.138053687958575,1,0.9,1000,False,True
327,7,16,"[0.5517177017501401, 0.44828229824985993]",80,0.47770396292729467,0.8090434330304281,38.216317034183575,64.72347464243425,1,0.9,1000,False,True
328,8,16,"[0.5517177017501401, 0.44828229824985993]",35,0.7569548045254164,0.4312753103028596,26.493418158389574,15.094635860600086,1,0.9,1000,False,True
329,9,16,"[0.5517177017501401, 0.44828229824985993]",80,0.8424722478092029,0.6496331736318949,67.39777982473623,51.97065389055159,1,0.9,1000,False,True
330,10,16,"[0.5517177017501401, 0.44828229824985993]",80,0.9476939124646299,0.5972083014474471,75.81551299717039,47.77666411579577,1,0.9,1000,False,True
331,11,16,"[0.5517177017501401, 0.44828229824985993]",80,0.3043689587290438,0.8178308867042146,24.349516698323505,65.42647093633717,1,0.9,1000,False,True
332,12,16,"[0.5517177017501401, 0.44828229824985993]",80,0.5797389009126749,0.7158453367262156,46.37911207301399,57.26762693809725,1,0.9,1000,False,True
333,13,16,"[0.5517177017501401, 0.44828229824985993]",80,0.8922820537437077,0.5926544684596842,71.38256429949662,47.41235747677473,1,0.9,1000,False,True
334,14,16,"[0.5517177017501401, 0.44828229824985993]",80,0.4618929678382878,0.7867437970243334,36.95143742706303,62.939503761946675,1,0.9,1000,False,True
335,15,16,"[0.5517177017501401, 0.44828229824985993]",8,0.12774700217258106,-0.0678579596085811,1.0219760173806485,-0.5428636768686488,1,0.9,1000,False,True
336,16,16,"[0.5517177017501401, 0.44828229824985993]",80,0.8949948252351392,0.5819745309064228,71.59958601881114,46.55796247251382,1,0.9,1000,False,True
337,17,16,"[0.5517177017501401, 0.44828229824985993]",80,0.9345695368941428,0.613303304048551,74.76556295153142,49.06426432388408,1,0.9,1000,False,True
338,18,16,"[0.5517177017501401, 0.44828229824985993]",65,0.5148962963432224,0.6552321416297506,33.46825926230946,42.59008920593379,1,0.9,1000,False,True
339,19,16,"[0.5517177017501401, 0.44828229824985993]",80,0.9276973732529139,0.5693647663663362,74.21578986023312,45.54918130930689,1,0.9,1000,False,True
340,0,17,"[0.5862213529272505, 0.41377864707274953]",80,0.6802341586512399,0.698634710944277,54.41873269209919,55.89077687554216,1,0.9,1000,False,True
341,1,17,"[0.5862213529272505, 0.41377864707274953]",80,0.8256527424183744,0.6601220427183984,66.05221939346995,52.80976341747187,1,0.9,1000,False,True
342,2,17,"[0.5862213529272505, 0.41377864707274953]",80,0.6470563941570924,0.7226631835707912,51.76451153256739,57.813054685663296,1,0.9,1000,False,True
343,3,17,"[0.5862213529272505, 0.41377864707274953]",80,0.9483159730849259,0.6027228942258864,75.86527784679407,48.21783153807092,1,0.9,1000,False,True
344,4,17,"[0.5862213529272505, 0.41377864707274953]",80,0.8579294021135851,0.6392938202362045,68.63435216908681,51.14350561889636,1,0.9,1000,False,True
345,5,17,"[0.5862213529272505, 0.41377864707274953]",28,0.43678124686076736,0.43957308545574325,12.229874912101486,12.308046392760811,1,0.9,1000,False,True
346,6,17,"[0.5862213529272505, 0.41377864707274953]",80,0.7431488524554872,0.6850812464150554,59.45190819643898,54.80649971320443,1,0.9,1000,False,True
347,7,17,"[0.5862213529272505, 0.41377864707274953]",80,0.803489784526407,0.6444904500803947,64.27918276211255,51.55923600643158,1,0.9,1000,False,True
348,8,17,"[0.5862213529272505, 0.41377864707274953]",80,0.5306815009775382,0.71420656589994,42.45452007820305,57.136525271995204,1,0.9,1000,False,True
349,9,17,"[0.5862213529272505, 0.41377864707274953]",80,0.90345615807376,0.5910113383798111,72.2764926459008,47.28090707038489,1,0.9,1000,False,True
350,10,17,"[0.5862213529272505, 0.41377864707274953]",5,-0.24471910140853143,-0.6034759708093926,-1.2235955070426572,-3.017379854046963,1,0.9,1000,False,True
351,11,17,"[0.5862213529272505, 0.41377864707274953]",66,0.4583913812831145,0.6232786415667839,30.253831164685558,41.13639034340774,1,0.9,1000,False,True
352,12,17,"[0.5862213529272505, 0.41377864707274953]",80,0.5997393620038457,0.7489845318091051,47.979148960307654,59.9187625447284,1,0.9,1000,False,True
353,13,17,"[0.5862213529272505, 0.41377864707274953]",80,0.96960834814784,0.5907889078194192,77.5686678518272,47.26311262555353,1,0.9,1000,False,True
354,14,17,"[0.5862213529272505, 0.41377864707274953]",31,0.6318914582104754,0.43226352223070263,19.58863520452474,13.400169189151782,1,0.9,1000,False,True
355,15,17,"[0.5862213529272505, 0.41377864707274953]",80,0.8995876877320373,0.6157959538940055,71.96701501856299,49.26367631152044,1,0.9,1000,False,True
356,16,17,"[0.5862213529272505, 0.41377864707274953]",80,0.7981381423952819,0.6212863381600825,63.851051391622555,49.7029070528066,1,0.9,1000,False,True
357,17,17,"[0.5862213529272505, 0.41377864707274953]",80,0.9187497385028436,0.5982095563889265,73.49997908022749,47.85676451111412,1,0.9,1000,False,True
358,18,17,"[0.5862213529272505, 0.41377864707274953]",80,0.9436207643335267,0.6062341332688902,75.48966114668214,48.49873066151122,1,0.9,1000,False,True
359,19,17,"[0.5862213529272505, 0.41377864707274953]",11,0.3927387848851583,0.024997303072109324,4.320126633736741,0.27497033379320257,1,0.9,1000,False,True
360,0,18,"[0.620757044420199, 0.37924295557980103]",80,0.8136625233120028,0.6431718096752657,65.09300186496023,51.45374477402125,1,0.9,1000,False,True
361,1,18,"[0.620757044420199, 0.37924295557980103]",54,0.4062919649355536,0.5978497790735405,21.939766106519894,32.28388806997119,1,0.9,1000,False,True
362,2,18,"[0.620757044420199, 0.37924295557980103]",80,0.7363084233832936,0.6739957747908061,58.90467387066349,53.91966198326449,1,0.9,1000,False,True
363,3,18,"[0.620757044420199, 0.37924295557980103]",80,0.43231043562800203,0.8107266921019425,34.58483485024016,64.8581353681554,1,0.9,1000,False,True
364,4,18,"[0.620757044420199, 0.37924295557980103]",80,0.9579475517869536,0.5830777129062445,76.63580414295629,46.646217032499564,1,0.9,1000,False,True
365,5,18,"[0.620757044420199, 0.37924295557980103]",80,0.9037512619636052,0.599425138210826,72.30010095708842,47.95401105686608,1,0.9,1000,False,True
366,6,18,"[0.620757044420199, 0.37924295557980103]",80,0.9166514648728773,0.6046973245168903,73.33211718983019,48.37578596135123,1,0.9,1000,False,True
367,7,18,"[0.620757044420199, 0.37924295557980103]",44,0.7549070937437675,0.464042104702297,33.21591212472577,20.417852606901068,1,0.9,1000,False,True
368,8,18,"[0.620757044420199, 0.37924295557980103]",80,0.9583187959292697,0.5915547409306238,76.66550367434158,47.3243792744499,1,0.9,1000,False,True
369,9,18,"[0.620757044420199, 0.37924295557980103]",80,0.9799757817502274,0.6010161805466904,78.39806254001819,48.08129444373523,1,0.9,1000,False,True
370,10,18,"[0.620757044420199, 0.37924295557980103]",80,0.8348277095395709,0.6360862229924045,66.78621676316567,50.886897839392354,1,0.9,1000,False,True
371,11,18,"[0.620757044420199, 0.37924295557980103]",80,0.8946575234482902,0.5709080477175967,71.57260187586321,45.67264381740774,1,0.9,1000,False,True
372,12,18,"[0.620757044420199, 0.37924295557980103]",34,0.7107371680896936,0.3986521758896514,24.16506371504958,13.554173980248148,1,0.9,1000,False,True
373,13,18,"[0.620757044420199, 0.37924295557980103]",80,0.2905331496224389,0.8271615134223257,23.242651969795116,66.17292107378606,1,0.9,1000,False,True
374,14,18,"[0.620757044420199, 0.37924295557980103]",80,0.9921189319764473,0.6131373926679025,79.36951455811578,49.05099141343219,1,0.9,1000,False,True
375,15,18,"[0.620757044420199, 0.37924295557980103]",5,-0.45478039881094035,-0.5599490874184351,-2.2739019940547016,-2.7997454370921755,1,0.9,1000,False,True
376,16,18,"[0.620757044420199, 0.37924295557980103]",80,0.8484779454675226,0.6374448543605357,67.87823563740181,50.99558834884285,1,0.9,1000,False,True
377,17,18,"[0.620757044420199, 0.37924295557980103]",77,0.26393558019615543,0.7950912620701732,20.323039675103967,61.22202717940334,1,0.9,1000,False,True
378,18,18,"[0.620757044420199, 0.37924295557980103]",80,0.9443140307936639,0.5734725786003102,75.54512246349312,45.877806288024814,1,0.9,1000,False,True
379,19,18,"[0.620757044420199, 0.37924295557980103]",5,-0.3050890500287914,-0.528027957747992,-1.525445250143957,-2.64013978873996,1,0.9,1000,False,True
380,0,19,"[0.6552884177847046, 0.34471158221529535]",80,0.7423113652215828,0.6513817487573789,59.38490921772662,52.11053990059031,1,0.9,1000,False,True
381,1,19,"[0.6552884177847046, 0.34471158221529535]",80,0.8472142262378586,0.6220181225259208,67.77713809902869,49.76144980207366,1,0.9,1000,False,True
382,2,19,"[0.6552884177847046, 0.34471158221529535]",80,0.990442201439372,0.6116222411527505,79.23537611514976,48.92977929222005,1,0.9,1000,False,True
383,3,19,"[0.6552884177847046, 0.34471158221529535]",33,0.7579305236928628,0.42635654899968595,25.011707281864474,14.069766116989637,1,0.9,1000,False,True
384,4,19,"[0.6552884177847046, 0.34471158221529535]",70,0.2175142500942259,0.7186354599714263,15.225997506595814,50.30448219799984,1,0.9,1000,False,True
385,5,19,"[0.6552884177847046, 0.34471158221529535]",33,0.7873366702278297,0.42436934417172084,25.98211011751838,14.004188357666788,1,0.9,1000,False,True
386,6,19,"[0.6552884177847046, 0.34471158221529535]",80,0.9321761245280638,0.5856102975657457,74.5740899622451,46.848823805259656,1,0.9,1000,False,True
387,7,19,"[0.6552884177847046, 0.34471158221529535]",80,0.9655162549354989,0.602782935748287,77.24130039483991,48.22263485986296,1,0.9,1000,False,True
388,8,19,"[0.6552884177847046, 0.34471158221529535]",4,-0.5171945944289441,-0.8723620222838042,-2.0687783777157764,-3.489448089135217,1,0.9,1000,False,True
389,9,19,"[0.6552884177847046, 0.34471158221529535]",80,0.8315117232011225,0.6630333774681403,66.5209378560898,53.04267019745122,1,0.9,1000,False,True
390,10,19,"[0.6552884177847046, 0.34471158221529535]",80,0.7927174595899289,0.6214607249431865,63.41739676719431,49.716857995454916,1,0.9,1000,False,True
391,11,19,"[0.6552884177847046, 0.34471158221529535]",80,0.7576131780629598,0.6214817031164868,60.60905424503678,49.718536249318944,1,0.9,1000,False,True
392,12,19,"[0.6552884177847046, 0.34471158221529535]",34,0.6438273090040283,0.43692360043345413,21.89012850613696,14.85540241473744,1,0.9,1000,False,True
393,13,19,"[0.6552884177847046, 0.34471158221529535]",80,0.9340469613647617,0.6004567068885569,74.72375690918093,48.03653655108455,1,0.9,1000,False,True
394,14,19,"[0.6552884177847046, 0.34471158221529535]",43,0.7669846748692087,0.4702527315232097,32.98034101937598,20.220867455498016,1,0.9,1000,False,True
395,15,19,"[0.6552884177847046, 0.34471158221529535]",37,0.777381956630488,0.47563265861512266,28.763132395328057,17.59840836875954,1,0.9,1000,False,True
396,16,19,"[0.6552884177847046, 0.34471158221529535]",18,0.5832625839610542,0.2504265468302699,10.498726511298976,4.507677842944858,1,0.9,1000,False,True
397,17,19,"[0.6552884177847046, 0.34471158221529535]",30,0.7124922263175171,0.4283122510766312,21.374766789525513,12.849367532298935,1,0.9,1000,False,True
398,18,19,"[0.6552884177847046, 0.34471158221529535]",80,0.9731927557926632,0.6063274639947935,77.85542046341305,48.50619711958348,1,0.9,1000,False,True
399,19,19,"[0.6552884177847046, 0.34471158221529535]",5,-0.2865102872395028,-0.645900213233635,-1.4325514361975138,-3.229501066168175,1,0.9,1000,False,True
400,0,20,"[0.6897980107622187, 0.31020198923778136]",80,0.9534829778242445,0.5946929529574876,76.27863822593956,47.57543623659901,1,0.9,1000,False,True
401,1,20,"[0.6897980107622187, 0.31020198923778136]",80,0.8690672176087524,0.6308481143922069,69.5253774087002,50.46784915137655,1,0.9,1000,False,True
402,2,20,"[0.6897980107622187, 0.31020198923778136]",27,0.7240407416616902,0.37736434308276673,19.549100024865634,10.188837263234701,1,0.9,1000,False,True
403,3,20,"[0.6897980107622187, 0.31020198923778136]",80,0.9371061254935944,0.5703428581960363,74.96849003948755,45.6274286556829,1,0.9,1000,False,True
404,4,20,"[0.6897980107622187, 0.31020198923778136]",11,0.4340659226459891,0.06631961712169598,4.77472514910588,0.7295157883386558,1,0.9,1000,False,True
405,5,20,"[0.6897980107622187, 0.31020198923778136]",80,0.7511694863830279,0.6791523582973683,60.09355891064224,54.332188663789466,1,0.9,1000,False,True
406,6,20,"[0.6897980107622187, 0.31020198923778136]",80,0.9661363955101938,0.5873798169103274,77.29091164081551,46.99038535282619,1,0.9,1000,False,True
407,7,20,"[0.6897980107622187, 0.31020198923778136]",80,0.7136577255282193,0.6912140863944912,57.09261804225754,55.297126911559296,1,0.9,1000,False,True
408,8,20,"[0.6897980107622187, 0.31020198923778136]",80,0.9378499659210779,0.600558621944269,75.02799727368624,48.04468975554152,1,0.9,1000,False,True
409,9,20,"[0.6897980107622187, 0.31020198923778136]",80,0.9696888147878552,0.6029183730857027,77.57510518302841,48.23346984685622,1,0.9,1000,False,True
410,10,20,"[0.6897980107622187, 0.31020198923778136]",65,0.28600385990855653,0.6900187464934159,18.590250894056176,44.85121852207203,1,0.9,1000,False,True
411,11,20,"[0.6897980107622187, 0.31020198923778136]",80,0.9385605330550482,0.6179018340697695,75.08484264440385,49.43214672558156,1,0.9,1000,False,True
412,12,20,"[0.6897980107622187, 0.31020198923778136]",80,0.3029756342964872,0.8783615368455495,24.23805074371898,70.26892294764396,1,0.9,1000,False,True
413,13,20,"[0.6897980107622187, 0.31020198923778136]",80,0.9552614122131216,0.5970162815178508,76.42091297704972,47.761302521428064,1,0.9,1000,False,True
414,14,20,"[0.6897980107622187, 0.31020198923778136]",80,0.7625751669928158,0.6543247973169409,61.00601335942526,52.34598378535527,1,0.9,1000,False,True
415,15,20,"[0.6897980107622187, 0.31020198923778136]",24,0.6849949180687763,0.3399949069956127,16.439878033650633,8.159877767894704,1,0.9,1000,False,True
416,16,20,"[0.6897980107622187, 0.31020198923778136]",80,0.9617400911940399,0.6083099058431327,76.93920729552319,48.66479246745062,1,0.9,1000,False,True
417,17,20,"[0.6897980107622187, 0.31020198923778136]",80,0.981512266617069,0.6025313320618415,78.52098132936553,48.20250656494732,1,0.9,1000,False,True
418,18,20,"[0.6897980107622187, 0.31020198923778136]",80,0.777704329093141,0.6216911999301709,62.216346327451284,49.73529599441367,1,0.9,1000,False,True
419,19,20,"[0.6897980107622187, 0.31020198923778136]",14,0.43203895883530385,0.15960403565481712,6.048545423694254,2.2344564991674396,1,0.9,1000,False,True
420,0,21,"[0.7242835317723803, 0.27571646822761975]",80,0.9412517939134293,0.6076553578363223,75.30014351307435,48.61242862690578,1,0.9,1000,False,True
421,1,21,"[0.7242835317723803, 0.27571646822761975]",36,0.7982326276468679,0.42532947162915846,28.736374595287245,15.311860978649705,1,0.9,1000,False,True
422,2,21,"[0.7242835317723803, 0.27571646822761975]",22,0.7017349396871393,0.3302612578030388,15.438168673117065,7.265747671666853,1,0.9,1000,False,True
423,3,21,"[0.7242835317723803, 0.27571646822761975]",80,0.9544784627587415,0.5917981192221665,76.35827702069932,47.34384953777332,1,0.9,1000,False,True
424,4,21,"[0.7242835317723803, 0.27571646822761975]",20,0.6463548509972741,0.3047639625750003,12.927097019945482,6.095279251500006,1,0.9,1000,False,True
425,5,21,"[0.7242835317723803, 0.27571646822761975]",80,0.9407813115682704,0.5947518393489236,75.26250492546163,47.58014714791389,1,0.9,1000,False,True
426,6,21,"[0.7242835317723803, 0.27571646822761975]",80,0.9689455668972071,0.5985231798879305,77.51564535177657,47.88185439103444,1,0.9,1000,False,True
427,7,21,"[0.7242835317723803, 0.27571646822761975]",22,0.6480846470968099,0.27654224953857587,14.257862236129817,6.0839294898486695,1,0.9,1000,False,True
428,8,21,"[0.7242835317723803, 0.27571646822761975]",28,0.7223980211360843,0.4228109111046085,20.22714459181036,11.838705510929039,1,0.9,1000,False,True
429,9,21,"[0.7242835317723803, 0.27571646822761975]",80,0.7295729064967688,0.6709239791954322,58.3658325197415,53.673918335634575,1,0.9,1000,False,True
430,10,21,"[0.7242835317723803, 0.27571646822761975]",80,0.8796005311538588,0.606381864046438,70.3680424923087,48.510549123715045,1,0.9,1000,False,True
431,11,21,"[0.7242835317723803, 0.27571646822761975]",36,0.7191567374273318,0.41901340139591614,25.889642547383943,15.084482450252981,1,0.9,1000,False,True
432,12,21,"[0.7242835317723803, 0.27571646822761975]",20,0.6352753591488662,0.29844054563867883,12.705507182977325,5.968810912773577,1,0.9,1000,False,True
433,13,21,"[0.7242835317723803, 0.27571646822761975]",80,0.9375464560821258,0.5747528546685859,75.00371648657007,45.980228373486874,1,0.9,1000,False,True
434,14,21,"[0.7242835317723803, 0.27571646822761975]",33,0.738696788104191,0.3953049713697111,24.376994007438306,13.045064055200466,1,0.9,1000,False,True
435,15,21,"[0.7242835317723803, 0.27571646822761975]",17,0.6000336997863507,0.2294584579396379,10.200572896367962,3.9007937849738443,1,0.9,1000,False,True
436,16,21,"[0.7242835317723803, 0.27571646822761975]",80,0.8699670865527167,0.6429223364141422,69.59736692421734,51.43378691313138,1,0.9,1000,False,True
437,17,21,"[0.7242835317723803, 0.27571646822761975]",80,0.9685530016641352,0.589652544183055,77.48424013313081,47.1722035346444,1,0.9,1000,False,True
438,18,21,"[0.7242835317723803, 0.27571646822761975]",80,0.573918362081382,0.7463820011117732,45.913468966510564,59.710560088941854,1,0.9,1000,False,True
439,19,21,"[0.7242835317723803, 0.27571646822761975]",80,0.8826077213648282,0.6254694709056436,70.60861770918626,50.03755767245149,1,0.9,1000,False,True
440,0,22,"[0.7588276644903662, 0.24117233550963374]",80,0.9739497239724576,0.6070850397523693,77.91597791779661,48.56680318018954,1,0.9,1000,False,True
441,1,22,"[0.7588276644903662, 0.24117233550963374]",31,0.6487179129420727,0.4158439715145298,20.110255301204255,12.891163116950423,1,0.9,1000,False,True
442,2,22,"[0.7588276644903662, 0.24117233550963374]",79,0.5128375691093816,0.6240452167014449,40.51416795964115,49.299572119414144,1,0.9,1000,False,True
443,3,22,"[0.7588276644903662, 0.24117233550963374]",80,0.9723552107057408,0.6019322707970197,77.78841685645926,48.154581663761576,1,0.9,1000,False,True
444,4,22,"[0.7588276644903662, 0.24117233550963374]",52,0.867184008254595,0.4936075423835795,45.093568429238935,25.667592203946135,1,0.9,1000,False,True
445,5,22,"[0.7588276644903662, 0.24117233550963374]",80,0.8634995628011192,0.6410004523931464,69.07996502408953,51.280036191451714,1,0.9,1000,False,True
446,6,22,"[0.7588276644903662, 0.24117233550963374]",80,0.9536589506584978,0.5918635125625019,76.29271605267982,47.34908100500015,1,0.9,1000,False,True
447,7,22,"[0.7588276644903662, 0.24117233550963374]",80,0.9162341923871787,0.5785879606113016,73.2987353909743,46.28703684890413,1,0.9,1000,False,True
448,8,22,"[0.7588276644903662, 0.24117233550963374]",80,0.7499743763314373,0.6827462606158983,59.997950106514985,54.61970084927186,1,0.9,1000,False,True
449,9,22,"[0.7588276644903662, 0.24117233550963374]",25,0.6902319115441068,0.3571122752920193,17.25579778860267,8.927806882300482,1,0.9,1000,False,True
450,10,22,"[0.7588276644903662, 0.24117233550963374]",80,0.9715833150238092,0.5926828472133565,77.72666520190474,47.414627777068524,1,0.9,1000,False,True
451,11,22,"[0.7588276644903662, 0.24117233550963374]",14,0.5229480496617492,0.2019882818374507,7.32127269526449,2.82783594572431,1,0.9,1000,False,True
452,12,22,"[0.7588276644903662, 0.24117233550963374]",80,0.9539280272545397,0.620099023444728,76.31424218036318,49.60792187557824,1,0.9,1000,False,True
453,13,22,"[0.7588276644903662, 0.24117233550963374]",80,0.942098629725962,0.5631373926679037,75.36789037807696,45.0509914134323,1,0.9,1000,False,True
454,14,22,"[0.7588276644903662, 0.24117233550963374]",9,0.2579765592156113,-0.10822683139576611,2.3217890329405018,-0.974041482561895,1,0.9,1000,False,True
455,15,22,"[0.7588276644903662, 0.24117233550963374]",80,0.9659226345446491,0.5870010290315386,77.27381076357193,46.960082322523085,1,0.9,1000,False,True
456,16,22,"[0.7588276644903662, 0.24117233550963374]",17,0.6161410190611096,0.28546287551694705,10.474397324038863,4.8528688837880996,1,0.9,1000,False,True
457,17,22,"[0.7588276644903662, 0.24117233550963374]",80,0.5515487925577685,0.7494827307947369,44.12390340462147,59.95861846357896,1,0.9,1000,False,True
458,18,22,"[0.7588276644903662, 0.24117233550963374]",18,0.6321735014526779,0.2615065497580988,11.379123026148203,4.707117895645778,1,0.9,1000,False,True
459,19,22,"[0.7588276644903662, 0.24117233550963374]",80,0.6666067258135177,0.6799267939736074,53.32853806508141,54.394143517888594,1,0.9,1000,False,True
460,0,23,"[0.7933285103667707, 0.20667148963322943]",80,0.9310471730732475,0.6061490301988839,74.4837738458598,48.49192241591071,1,0.9,1000,False,True
461,1,23,"[0.7933285103667707, 0.20667148963322943]",80,0.9211891435301072,0.5998808394434342,73.69513148240857,47.99046715547473,1,0.9,1000,False,True
462,2,23,"[0.7933285103667707, 0.20667148963322943]",80,0.8465938461380512,0.6385699784030009,67.7275076910441,51.08559827224007,1,0.9,1000,False,True
463,3,23,"[0.7933285103667707, 0.20667148963322943]",16,0.5728370275902451,0.20287405161356775,9.165392441443922,3.245984825817084,1,0.9,1000,False,True
464,4,23,"[0.7933285103667707, 0.20667148963322943]",13,0.5002771456446218,0.13121541327705996,6.503602893380084,1.7058003726017796,1,0.9,1000,False,True
465,5,23,"[0.7933285103667707, 0.20667148963322943]",26,0.7009426460422664,0.34131807791827345,18.224508797098927,8.87427002587511,1,0.9,1000,False,True
466,6,23,"[0.7933285103667707, 0.20667148963322943]",38,0.7904681932302975,0.4174711352470397,30.037791342751305,15.86390313938751,1,0.9,1000,False,True
467,7,23,"[0.7933285103667707, 0.20667148963322943]",80,0.9300781977062915,0.5800746924771893,74.40625581650332,46.405975398175144,1,0.9,1000,False,True
468,8,23,"[0.7933285103667707, 0.20667148963322943]",29,0.7224929240694006,0.43026298383330613,20.952294798012616,12.477626531165878,1,0.9,1000,False,True
469,9,23,"[0.7933285103667707, 0.20667148963322943]",80,0.9371343374171355,0.5703428581960364,74.97074699337084,45.627428655682905,1,0.9,1000,False,True
470,10,23,"[0.7933285103667707, 0.20667148963322943]",18,0.6086577593069126,0.2709205791164185,10.955839667524426,4.876570424095533,1,0.9,1000,False,True
471,11,23,"[0.7933285103667707, 0.20667148963322943]",15,0.5244826131047635,0.1545632395955477,7.867239196571452,2.3184485939332156,1,0.9,1000,False,True
472,12,23,"[0.7933285103667707, 0.20667148963322943]",13,0.5259181701007989,0.15685643891808565,6.836936211310386,2.0391337059351136,1,0.9,1000,False,True
473,13,23,"[0.7933285103667707, 0.20667148963322943]",35,0.7136950186115332,0.44711868518246717,24.97932565140366,15.649153981386352,1,0.9,1000,False,True
474,14,23,"[0.7933285103667707, 0.20667148963322943]",7,0.13300922228197262,-0.2309986213744393,0.9310645559738084,-1.6169903496210751,1,0.9,1000,False,True
475,15,23,"[0.7933285103667707, 0.20667148963322943]",13,0.4536570836889497,0.08459536665701332,5.897542087956346,1.0997397665411732,1,0.9,1000,False,True
476,16,23,"[0.7933285103667707, 0.20667148963322943]",32,0.6924517265058958,0.37137241763731177,22.158455248188666,11.883917364393977,1,0.9,1000,False,True
477,17,23,"[0.7933285103667707, 0.20667148963322943]",80,0.9386885099860777,0.5637595350049598,75.09508079888622,45.10076280039678,1,0.9,1000,False,True
478,18,23,"[0.7933285103667707, 0.20667148963322943]",80,0.9354209633569731,0.5857565106590085,74.83367706855785,46.860520852720676,1,0.9,1000,False,True
479,19,23,"[0.7933285103667707, 0.20667148963322943]",80,0.9576894729160376,0.5826989250364021,76.615157833283,46.61591400291216,1,0.9,1000,False,True
480,0,24,"[0.8277986743413588, 0.1722013256586412]",80,0.8739097385152478,0.5891589464088829,69.91277908121982,47.13271571271063,1,0.9,1000,False,True
481,1,24,"[0.8277986743413588, 0.1722013256586412]",17,0.6193549305212076,0.24906630107689284,10.52903381886053,4.234127118307178,1,0.9,1000,False,True
482,2,24,"[0.8277986743413588, 0.1722013256586412]",80,0.7788074819288329,0.6152640525898898,62.30459855430663,49.22112420719119,1,0.9,1000,False,True
483,3,24,"[0.8277986743413588, 0.1722013256586412]",80,0.9757700904423945,0.5968495138800254,78.06160723539156,47.74796111040203,1,0.9,1000,False,True
484,4,24,"[0.8277986743413588, 0.1722013256586412]",5,-0.2865102872395028,-0.645900213233635,-1.4325514361975138,-3.229501066168175,1,0.9,1000,False,True
485,5,24,"[0.8277986743413588, 0.1722013256586412]",80,0.933771825301536,0.6123808394434345,74.70174602412288,48.990467155474754,1,0.9,1000,False,True
486,6,24,"[0.8277986743413588, 0.1722013256586412]",80,0.9783801534460093,0.5995010290315402,78.27041227568074,47.96008232252322,1,0.9,1000,False,True
487,7,24,"[0.8277986743413588, 0.1722013256586412]",80,0.9397324143913256,0.5851235959277454,75.17859315130605,46.80988767421964,1,0.9,1000,False,True
488,8,24,"[0.8277986743413588, 0.1722013256586412]",80,0.9761418747680377,0.6057201495848983,78.09134998144302,48.45761196679186,1,0.9,1000,False,True
489,9,24,"[0.8277986743413588, 0.1722013256586412]",80,0.9512436664741755,0.5968325020495235,76.09949331793403,47.74660016396189,1,0.9,1000,False,True
490,10,24,"[0.8277986743413588, 0.1722013256586412]",80,0.8840549166604836,0.6247773783436874,70.72439333283869,49.98219026749499,1,0.9,1000,False,True
491,11,24,"[0.8277986743413588, 0.1722013256586412]",80,0.9772620835000703,0.5983646653951754,78.18096668000562,47.869173231614035,1,0.9,1000,False,True
492,12,24,"[0.8277986743413588, 0.1722013256586412]",80,0.9597346488003644,0.593069888237218,76.77877190402916,47.445591058977435,1,0.9,1000,False,True
493,13,24,"[0.8277986743413588, 0.1722013256586412]",29,0.7455465511814063,0.40466996103984515,21.620849984260783,11.73542887015551,1,0.9,1000,False,True
494,14,24,"[0.8277986743413588, 0.1722013256586412]",31,0.7765705275451221,0.42310837485182096,24.073686353898786,13.116359620406449,1,0.9,1000,False,True
495,15,24,"[0.8277986743413588, 0.1722013256586412]",80,0.9396521200016904,0.5891548569240672,75.17216960013523,47.13238855392538,1,0.9,1000,False,True
496,16,24,"[0.8277986743413588, 0.1722013256586412]",57,0.47551268517699813,0.6448748372166663,27.104223055088895,36.75786572134998,1,0.9,1000,False,True
497,17,24,"[0.8277986743413588, 0.1722013256586412]",80,0.9305654983284646,0.5639032215705525,74.44523986627716,45.1122577256442,1,0.9,1000,False,True
498,18,24,"[0.8277986743413588, 0.1722013256586412]",80,0.9796388699911001,0.600637392667902,78.371109599288,48.05099141343216,1,0.9,1000,False,True
499,19,24,"[0.8277986743413588, 0.1722013256586412]",23,0.688326206071903,0.3602625742679307,15.831502739653768,8.286039208162405,1,0.9,1000,False,True
500,0,25,"[0.8623366671588518, 0.13766333284114818]",45,0.7900509536068429,0.4454327887679797,35.55229291230793,20.044475494559087,1,0.9,1000,False,True
501,1,25,"[0.8623366671588518, 0.13766333284114818]",80,0.9803759021678056,0.6098868162515649,78.43007217342445,48.790945300125195,1,0.9,1000,False,True
502,2,25,"[0.8623366671588518, 0.13766333284114818]",10,0.30797097133634177,0.068108327777637,3.0797097133634175,0.68108327777637,1,0.9,1000,False,True
503,3,25,"[0.8623366671588518, 0.13766333284114818]",35,0.8011504483406632,0.4452594373005267,28.04026569192321,15.584080305518434,1,0.9,1000,False,True
504,4,25,"[0.8623366671588518, 0.13766333284114818]",80,0.8385613098997068,0.6363289538411055,67.08490479197654,50.90631630728844,1,0.9,1000,False,True
505,5,25,"[0.8623366671588518, 0.13766333284114818]",56,0.8425370575730561,0.48522711266611535,47.18207522409114,27.17271830930246,1,0.9,1000,False,True
506,6,25,"[0.8623366671588518, 0.13766333284114818]",28,0.7396731029229625,0.36733966133988033,20.71084688184295,10.285510517516649,1,0.9,1000,False,True
507,7,25,"[0.8623366671588518, 0.13766333284114818]",27,0.7435590057666035,0.3832274594721414,20.076093155698295,10.347141405747816,1,0.9,1000,False,True
508,8,25,"[0.8623366671588518, 0.13766333284114818]",80,0.8045527341640115,0.6077632781822931,64.36421873312092,48.62106225458345,1,0.9,1000,False,True
509,9,25,"[0.8623366671588518, 0.13766333284114818]",36,0.7796710230656712,0.4157692405265764,28.06815683036416,14.96769265895675,1,0.9,1000,False,True
510,10,25,"[0.8623366671588518, 0.13766333284114818]",22,0.6645215878204584,0.3548300684390433,14.619474932050085,7.806261505658952,1,0.9,1000,False,True
511,11,25,"[0.8623366671588518, 0.13766333284114818]",33,0.7606406112209424,0.4379303851830335,25.1011401702911,14.451702711040106,1,0.9,1000,False,True
512,12,25,"[0.8623366671588518, 0.13766333284114818]",80,0.9657944901056708,0.5954928768576255,77.26355920845366,47.639430148610046,1,0.9,1000,False,True
513,13,25,"[0.8623366671588518, 0.13766333284114818]",31,0.744401635033787,0.42215277257373024,23.076450686047398,13.086735949785638,1,0.9,1000,False,True
514,14,25,"[0.8623366671588518, 0.13766333284114818]",9,0.24486571949207883,-0.12169484486377957,2.2037914754287096,-1.0952536037740161,1,0.9,1000,False,True
515,15,25,"[0.8623366671588518, 0.13766333284114818]",80,0.9757503964309342,0.5968495138800235,78.06003171447473,47.74796111040188,1,0.9,1000,False,True
516,16,25,"[0.8623366671588518, 0.13766333284114818]",80,0.9576291178186404,0.5907971609644911,76.61032942549123,47.26377287715928,1,0.9,1000,False,True
517,17,25,"[0.8623366671588518, 0.13766333284114818]",64,0.8304001360001934,0.50810813915791,53.145608704012375,32.51892090610624,1,0.9,1000,False,True
518,18,25,"[0.8623366671588518, 0.13766333284114818]",35,0.6685278207452895,0.48412803491194,23.398473726085133,16.9444812219179,1,0.9,1000,False,True
519,19,25,"[0.8623366671588518, 0.13766333284114818]",80,0.9567972382700187,0.6021690504733636,76.5437790616015,48.173524037869086,1,0.9,1000,False,True
520,0,26,"[0.8968433566985649, 0.10315664330143516]",80,0.945500820017719,0.5827199752946188,75.64006560141752,46.617598023569506,1,0.9,1000,False,True
521,1,26,"[0.8968433566985649, 0.10315664330143516]",80,0.8810869152675018,0.6332797536347754,70.48695322140014,50.66238029078203,1,0.9,1000,False,True
522,2,26,"[0.8968433566985649, 0.10315664330143516]",7,0.10225333925980033,-0.2613016516774697,0.7157733748186024,-1.829111561742288,1,0.9,1000,False,True
523,3,26,"[0.8968433566985649, 0.10315664330143516]",39,0.8076867394923288,0.45931568574588555,31.499782840200822,17.913311744089537,1,0.9,1000,False,True
524,4,26,"[0.8968433566985649, 0.10315664330143516]",80,0.9268088220589356,0.5770443894468864,74.14470576471484,46.163551155750916,1,0.9,1000,False,True
525,5,26,"[0.8968433566985649, 0.10315664330143516]",80,0.9038034051128532,0.6074878524125166,72.30427240902826,48.599028193001324,1,0.9,1000,False,True
526,6,26,"[0.8968433566985649, 0.10315664330143516]",80,0.9360986142931951,0.5611080159365486,74.88788914345561,44.888641274923884,1,0.9,1000,False,True
527,7,26,"[0.8968433566985649, 0.10315664330143516]",21,0.7079637641652787,0.336451627002644,14.867239047470854,7.065484167055525,1,0.9,1000,False,True
528,8,26,"[0.8968433566985649, 0.10315664330143516]",11,0.4288485006538988,0.060809975248417754,4.717333507192887,0.6689097277325953,1,0.9,1000,False,True
529,9,26,"[0.8968433566985649, 0.10315664330143516]",6,-0.0779277920540767,-0.43923661193309277,-0.4675667523244602,-2.6354196715985565,1,0.9,1000,False,True
530,10,26,"[0.8968433566985649, 0.10315664330143516]",16,0.6031431510911498,0.23317708191659814,9.650290417458397,3.7308333106655702,1,0.9,1000,False,True
531,11,26,"[0.8968433566985649, 0.10315664330143516]",53,0.4906592211735307,0.5980404925514781,26.004938722197128,31.696146105228337,1,0.9,1000,False,True
532,12,26,"[0.8968433566985649, 0.10315664330143516]",7,0.09336601535972656,-0.2699596603354783,0.653562107518086,-1.889717622348348,1,0.9,1000,False,True
533,13,26,"[0.8968433566985649, 0.10315664330143516]",80,0.9579272445038688,0.5790464835769947,76.6341795603095,46.32371868615958,1,0.9,1000,False,True
534,14,26,"[0.8968433566985649, 0.10315664330143516]",13,0.5305839023183577,0.16151844358009032,6.897590730138651,2.099739766541174,1,0.9,1000,False,True
535,15,26,"[0.8968433566985649, 0.10315664330143516]",80,0.9632630772420164,0.6009038203659249,77.06104617936131,48.07230562927399,1,0.9,1000,False,True
536,16,26,"[0.8968433566985649, 0.10315664330143516]",14,0.5033856680208862,0.18250776235693117,7.047399352292407,2.5551086729970365,1,0.9,1000,False,True
537,17,26,"[0.8968433566985649, 0.10315664330143516]",20,0.6676067426603055,0.3124223286982459,13.35213485320611,6.248446573964918,1,0.9,1000,False,True
538,18,26,"[0.8968433566985649, 0.10315664330143516]",32,0.7958897464254818,0.42315968720335684,25.46847188561542,13.541109990507419,1,0.9,1000,False,True
539,19,26,"[0.8968433566985649, 0.10315664330143516]",27,0.7277290475810633,0.40589237704558345,19.64868428468871,10.959094180230753,1,0.9,1000,False,True
540,0,27,"[0.9313530854045408, 0.0686469145954592]",61,0.8534687826910936,0.4955442582726178,52.06159574415671,30.228199754629685,1,0.9,1000,False,True
541,1,27,"[0.9313530854045408, 0.0686469145954592]",80,0.9518384662623791,0.6020506963039145,76.14707730099033,48.16405570431316,1,0.9,1000,False,True
542,2,27,"[0.9313530854045408, 0.0686469145954592]",23,0.6421409993044228,0.3127801809169474,14.769242984001725,7.1939441610897905,1,0.9,1000,False,True
543,3,27,"[0.9313530854045408, 0.0686469145954592]",43,0.8310279056612795,0.47355233271425423,35.734199943435016,20.362750306712933,1,0.9,1000,False,True
544,4,27,"[0.9313530854045408, 0.0686469145954592]",80,0.9620526477543022,0.5832131502436616,76.96421182034418,46.65705201949293,1,0.9,1000,False,True
545,5,27,"[0.9313530854045408, 0.0686469145954592]",24,0.6898858019517222,0.3464716448613933,16.557259246841333,8.315319476673439,1,0.9,1000,False,True
546,6,27,"[0.9313530854045408, 0.0686469145954592]",80,0.9204447840753517,0.5827407676308085,73.63558272602813,46.61926141046468,1,0.9,1000,False,True
547,7,27,"[0.9313530854045408, 0.0686469145954592]",39,0.8198441485880803,0.4468667437855183,31.97392179493513,17.427803007635212,1,0.9,1000,False,True
548,8,27,"[0.9313530854045408, 0.0686469145954592]",80,0.9663549598535065,0.5999028940656657,77.30839678828052,47.99223152525325,1,0.9,1000,False,True
549,9,27,"[0.9313530854045408, 0.0686469145954592]",27,0.7230398978254945,0.38702013601794755,19.52207724128835,10.449543672484584,1,0.9,1000,False,True
550,10,27,"[0.9313530854045408, 0.0686469145954592]",24,0.6465597104319943,0.38846083019297023,15.517433050367863,9.323059924631286,1,0.9,1000,False,True
551,11,27,"[0.9313530854045408, 0.0686469145954592]",80,0.9131637144841369,0.589241003582081,73.05309715873095,47.139280286566475,1,0.9,1000,False,True
552,12,27,"[0.9313530854045408, 0.0686469145954592]",37,0.8219646917006861,0.4670913891961376,30.412693592925386,17.28238140025709,1,0.9,1000,False,True
553,13,27,"[0.9313530854045408, 0.0686469145954592]",9,0.30175254893270026,-0.06445578762472239,2.7157729403943023,-0.5801020886225015,1,0.9,1000,False,True
554,14,27,"[0.9313530854045408, 0.0686469145954592]",80,0.9665387661145217,0.587758604789116,77.32310128916174,47.02068838312928,1,0.9,1000,False,True
555,15,27,"[0.9313530854045408, 0.0686469145954592]",20,0.6903316565097659,0.3190186088797856,13.80663313019532,6.380372177595712,1,0.9,1000,False,True
556,16,27,"[0.9313530854045408, 0.0686469145954592]",80,0.953801011224243,0.5748798169103279,76.30408089793944,45.99038535282623,1,0.9,1000,False,True
557,17,27,"[0.9313530854045408, 0.0686469145954592]",80,0.9283486961452676,0.607077809140405,74.2678956916214,48.566224731232396,1,0.9,1000,False,True
558,18,27,"[0.9313530854045408, 0.0686469145954592]",13,0.4513298526342512,0.08226436432601106,5.867288084245265,1.0694367362381438,1,0.9,1000,False,True
559,19,27,"[0.9313530854045408, 0.0686469145954592]",80,0.963986223822858,0.5851070896375993,77.11889790582865,46.808567171007944,1,0.9,1000,False,True
560,0,28,"[0.9657960713783681, 0.03420392862163182]",30,0.7477072596154659,0.39803809761946135,22.43121778846398,11.94114292858384,1,0.9,1000,False,True
561,1,28,"[0.9657960713783681, 0.03420392862163182]",80,0.6434305598994511,0.7032168168391179,51.47444479195609,56.25734534712943,1,0.9,1000,False,True
562,2,28,"[0.9657960713783681, 0.03420392862163182]",22,0.6783167496863377,0.30684527984160614,14.922968493099429,6.750596156515336,1,0.9,1000,False,True
563,3,28,"[0.9657960713783681, 0.03420392862163182]",80,0.9768064582680707,0.5979858775163868,78.14451666144565,47.83887020131094,1,0.9,1000,False,True
564,4,28,"[0.9657960713783681, 0.03420392862163182]",29,0.7402332620214271,0.36784800703262627,21.46676459862139,10.667592203946162,1,0.9,1000,False,True
565,5,28,"[0.9657960713783681, 0.03420392862163182]",20,0.605131488791676,0.28268800083587725,12.10262977583352,5.653760016717545,1,0.9,1000,False,True
566,6,28,"[0.9657960713783681, 0.03420392862163182]",80,0.9617081741880534,0.5949638276311572,76.93665393504428,47.597106210492576,1,0.9,1000,False,True
567,7,28,"[0.9657960713783681, 0.03420392862163182]",60,0.4797642560087008,0.6815540516712163,28.78585536052205,40.893243100272976,1,0.9,1000,False,True
568,8,28,"[0.9657960713783681, 0.03420392862163182]",80,0.9419355251579598,0.5671686219971545,75.35484201263678,45.373489759772355,1,0.9,1000,False,True
569,9,28,"[0.9657960713783681, 0.03420392862163182]",15,0.5425538872185834,0.17274505777736598,8.138308308278752,2.59117586666049,1,0.9,1000,False,True
570,10,28,"[0.9657960713783681, 0.03420392862163182]",80,0.8590762014818351,0.6229865843548975,68.7260961185468,49.8389267483918,1,0.9,1000,False,True
571,11,28,"[0.9657960713783681, 0.03420392862163182]",80,0.9650811245416293,0.5862434532739633,77.20648996333034,46.899476261917066,1,0.9,1000,False,True
572,12,28,"[0.9657960713783681, 0.03420392862163182]",55,0.8712105200688804,0.4974416692488948,47.91657860378842,27.359291808689214,1,0.9,1000,False,True
573,13,28,"[0.9657960713783681, 0.03420392862163182]",80,0.9590643945999198,0.5801828472133567,76.72515156799358,46.41462777706853,1,0.9,1000,False,True
574,14,28,"[0.9657960713783681, 0.03420392862163182]",80,0.9093937287599303,0.550753559083679,72.75149830079442,44.06028472669431,1,0.9,1000,False,True
575,15,28,"[0.9657960713783681, 0.03420392862163182]",11,0.4426230044168751,0.07458407993161341,4.868853048585626,0.8204248792477475,1,0.9,1000,False,True
576,16,28,"[0.9657960713783681, 0.03420392862163182]",22,0.5518682027526879,0.31281077299540494,12.141100460559134,6.881837005898909,1,0.9,1000,False,True
577,17,28,"[0.9657960713783681, 0.03420392862163182]",80,0.9381434408777501,0.5763332095321987,75.05147527022001,46.106656762575895,1,0.9,1000,False,True
578,18,28,"[0.9657960713783681, 0.03420392862163182]",20,0.6202871937849039,0.28328903048716364,12.405743875698079,5.665780609743273,1,0.9,1000,False,True
579,19,28,"[0.9657960713783681, 0.03420392862163182]",80,0.9462519909571979,0.6049090680791169,75.70015927657583,48.39272544632936,1,0.9,1000,False,True
580,0,29,"[1.0, 0.0]",80,0.9483690308182972,0.5780686344333847,75.86952246546377,46.245490754670776,1,0.9,1000,False,True
581,1,29,"[1.0, 0.0]",3,-1.0831861776839677,-1.4295914995081382,-3.2495585330519035,-4.288774498524415,1,0.9,1000,False,True
582,2,29,"[1.0, 0.0]",80,0.9511505508715983,0.572228301758813,76.09204406972786,45.77826414070504,1,0.9,1000,False,True
583,3,29,"[1.0, 0.0]",8,0.16183757593073222,-0.20360627052991298,1.2947006074458578,-1.6288501642393038,1,0.9,1000,False,True
584,4,29,"[1.0, 0.0]",80,0.9685322664455235,0.5896525441830539,77.48258131564188,47.17220353464431,1,0.9,1000,False,True
585,5,29,"[1.0, 0.0]",80,0.945384153952799,0.5665464835769946,75.63073231622391,45.323718686159566,1,0.9,1000,False,True
586,6,29,"[1.0, 0.0]",80,0.9438223638503634,0.5735231798879299,75.50578910802908,45.881854391034395,1,0.9,1000,False,True
587,7,29,"[1.0, 0.0]",5,-0.5826964147846507,-0.3387351778656127,-2.9134820739232534,-1.6936758893280635,1,0.9,1000,False,True
588,8,29,"[1.0, 0.0]",10,0.28364242264857165,-0.015503621246966848,2.8364242264857165,-0.15503621246966848,1,0.9,1000,False,True
589,9,29,"[1.0, 0.0]",33,0.7908576996361432,0.41824180471893374,26.098304087992723,13.801979555724813,1,0.9,1000,False,True
590,10,29,"[1.0, 0.0]",80,0.9511001701697224,0.5968325025653266,76.08801361357779,47.74660020522613,1,0.9,1000,False,True
591,11,29,"[1.0, 0.0]",62,0.754163951459135,0.5239391269248538,46.75816499046637,32.48422586934093,1,0.9,1000,False,True
592,12,29,"[1.0, 0.0]",80,0.9621216449735174,0.615915586471407,76.96973159788139,49.27324691771256,1,0.9,1000,False,True
593,13,29,"[1.0, 0.0]",80,0.9565330485011738,0.5860231798879301,76.52264388009391,46.88185439103441,1,0.9,1000,False,True
594,14,29,"[1.0, 0.0]",5,-0.2865102872395028,-0.645900213233635,-1.4325514361975138,-3.229501066168175,1,0.9,1000,False,True
595,15,29,"[1.0, 0.0]",80,0.9374610516537798,0.6002281761962456,74.99688413230238,48.018254095699646,1,0.9,1000,False,True
596,16,29,"[1.0, 0.0]",21,0.6658867872405916,0.2946045851556023,13.983622532052422,6.1866962882676475,1,0.9,1000,False,True
597,17,29,"[1.0, 0.0]",80,0.9386212131437196,0.5758889963631378,75.08969705149757,46.071119709051025,1,0.9,1000,False,True
598,18,29,"[1.0, 0.0]",80,0.9685938588356067,0.5936837735123062,77.48750870684853,47.49470188098449,1,0.9,1000,False,True
599,19,29,"[1.0, 0.0]",64,0.675125640225444,0.5761769796087963,43.208040974428414,36.875326694962965,1,0.9,1000,False,True
