,repetition_number,weight_index,weight_tuple,num_iterations,normalised_speed_reward,normalised_energy_reward,raw_speed_reward,raw_energy_reward,env_config_id,gamma,replay_buffer_size,use_reward_normalisation_wrapper
0,0,0,"[0.0, 1.0]",80,0.544723493177002,0.9987479360096525,43.577879454160154,79.8998348807722,2,0.9,200,False
1,1,0,"[0.0, 1.0]",80,0.5458853942266272,0.9998842996460162,43.67083153813017,79.9907439716813,2,0.9,200,False
2,2,0,"[0.0, 1.0]",80,0.5386693829937979,0.9926873299490465,43.093550639503825,79.41498639592372,2,0.9,200,False
3,3,0,"[0.0, 1.0]",80,0.5458853942266272,0.9998842996460162,43.67083153813017,79.9907439716813,2,0.9,200,False
4,4,0,"[0.0, 1.0]",80,0.5479363033355392,0.9981849007659107,43.83490426684314,79.85479206127286,2,0.9,200,False
5,5,0,"[0.0, 1.0]",80,0.5397992507527579,0.99382369358541,43.183940060220635,79.5058954868328,2,0.9,200,False
6,6,0,"[0.0, 1.0]",80,0.5435862748519765,0.9976115723732889,43.486901988158124,79.80892578986311,2,0.9,200,False
7,7,0,"[0.0, 1.0]",80,0.544723493177002,0.9987479360096525,43.577879454160154,79.8998348807722,2,0.9,200,False
8,8,0,"[0.0, 1.0]",80,0.5458853942266272,0.9998842996460162,43.67083153813017,79.9907439716813,2,0.9,200,False
9,9,0,"[0.0, 1.0]",80,0.5435862748519765,0.9976115723732889,43.486901988158124,79.80892578986311,2,0.9,200,False
10,10,0,"[0.0, 1.0]",80,0.5435862748519765,0.9976115723732889,43.486901988158124,79.80892578986311,2,0.9,200,False
11,11,0,"[0.0, 1.0]",80,0.544723493177002,0.9987479360096525,43.577879454160154,79.8998348807722,2,0.9,200,False
12,12,0,"[0.0, 1.0]",80,0.5435862748519765,0.9976115723732889,43.486901988158124,79.80892578986311,2,0.9,200,False
13,13,0,"[0.0, 1.0]",80,0.5454875648119797,0.9995055117672283,43.63900518495837,79.96044094137827,2,0.9,200,False
14,14,0,"[0.0, 1.0]",80,0.544723493177002,0.9987479360096525,43.577879454160154,79.8998348807722,2,0.9,200,False
15,15,0,"[0.0, 1.0]",80,0.5451212570966673,0.9991267238884405,43.60970056773338,79.93013791107524,2,0.9,200,False
16,16,0,"[0.0, 1.0]",80,0.544723493177002,0.9987479360096525,43.577879454160154,79.8998348807722,2,0.9,200,False
17,17,0,"[0.0, 1.0]",80,0.5413399396811609,0.9953388451005616,43.30719517449287,79.62710760804492,2,0.9,200,False
18,18,0,"[0.0, 1.0]",80,0.5458853942266272,0.9998842996460162,43.67083153813017,79.9907439716813,2,0.9,200,False
19,19,0,"[0.0, 1.0]",80,0.5451212570966673,0.9991267238884405,43.60970056773338,79.93013791107524,2,0.9,200,False
20,0,1,"[0.034203943444552805, 0.9657960565554472]",80,0.5467934441790362,0.9970485371295471,43.7434755343229,79.76388297036377,2,0.9,200,False
21,1,1,"[0.034203943444552805, 0.9657960565554472]",80,0.544723493177002,0.9987479360096525,43.577879454160154,79.8998348807722,2,0.9,200,False
22,2,1,"[0.034203943444552805, 0.9657960565554472]",80,0.544723493177002,0.9987479360096525,43.577879454160154,79.8998348807722,2,0.9,200,False
23,3,1,"[0.034203943444552805, 0.9657960565554472]",80,0.5458853942266272,0.9998842996460162,43.67083153813017,79.9907439716813,2,0.9,200,False
24,4,1,"[0.034203943444552805, 0.9657960565554472]",80,0.5479363033355392,0.9981849007659107,43.83490426684314,79.85479206127286,2,0.9,200,False
25,5,1,"[0.034203943444552805, 0.9657960565554472]",80,0.5432082143751545,0.997232784494501,43.45665715001236,79.77862275956008,2,0.9,200,False
26,6,1,"[0.034203943444552805, 0.9657960565554472]",80,0.544723493177002,0.9987479360096525,43.577879454160154,79.8998348807722,2,0.9,200,False
27,7,1,"[0.034203943444552805, 0.9657960565554472]",80,0.5454875648119797,0.9995055117672283,43.63900518495837,79.96044094137827,2,0.9,200,False
28,8,1,"[0.034203943444552805, 0.9657960565554472]",80,0.5467934441790362,0.9970485371295471,43.7434755343229,79.76388297036377,2,0.9,200,False
29,9,1,"[0.034203943444552805, 0.9657960565554472]",80,0.5454875648119797,0.9995055117672283,43.63900518495837,79.96044094137827,2,0.9,200,False
30,10,1,"[0.034203943444552805, 0.9657960565554472]",80,0.544723493177002,0.9987479360096525,43.577879454160154,79.8998348807722,2,0.9,200,False
31,11,1,"[0.034203943444552805, 0.9657960565554472]",80,0.5451212570966673,0.9991267238884405,43.60970056773338,79.93013791107524,2,0.9,200,False
32,12,1,"[0.034203943444552805, 0.9657960565554472]",80,0.544723493177002,0.9987479360096525,43.577879454160154,79.8998348807722,2,0.9,200,False
33,13,1,"[0.034203943444552805, 0.9657960565554472]",80,0.5443502730093572,0.9983691481308646,43.54802184074858,79.86953185046917,2,0.9,200,False
34,14,1,"[0.034203943444552805, 0.9657960565554472]",80,0.5458853942266272,0.9998842996460162,43.67083153813017,79.9907439716813,2,0.9,200,False
35,15,1,"[0.034203943444552805, 0.9657960565554472]",80,0.544723493177002,0.9987479360096525,43.577879454160154,79.8998348807722,2,0.9,200,False
36,16,1,"[0.034203943444552805, 0.9657960565554472]",80,0.544723493177002,0.9987479360096525,43.577879454160154,79.8998348807722,2,0.9,200,False
37,17,1,"[0.034203943444552805, 0.9657960565554472]",80,0.544723493177002,0.9987479360096525,43.577879454160154,79.8998348807722,2,0.9,200,False
38,18,1,"[0.034203943444552805, 0.9657960565554472]",80,0.5454875648119797,0.9995055117672283,43.63900518495837,79.96044094137827,2,0.9,200,False
39,19,1,"[0.034203943444552805, 0.9657960565554472]",80,0.5435862748519765,0.9976115723732889,43.486901988158124,79.80892578986311,2,0.9,200,False
40,0,2,"[0.0686461417773173, 0.9313538582226827]",80,0.5458853942266272,0.9998842996460162,43.67083153813017,79.9907439716813,2,0.9,200,False
41,1,2,"[0.0686461417773173, 0.9313538582226827]",80,0.5435862748519765,0.9976115723732889,43.486901988158124,79.80892578986311,2,0.9,200,False
42,2,2,"[0.0686461417773173, 0.9313538582226827]",80,0.5467934441790362,0.9970485371295471,43.7434755343229,79.76388297036377,2,0.9,200,False
43,3,2,"[0.0686461417773173, 0.9313538582226827]",80,0.5479363033355392,0.9981849007659107,43.83490426684314,79.85479206127286,2,0.9,200,False
44,4,2,"[0.0686461417773173, 0.9313538582226827]",80,0.5487130186747416,0.9989424765234866,43.89704149397933,79.91539812187892,2,0.9,200,False
45,5,2,"[0.0686461417773173, 0.9313538582226827]",80,0.5479363033355392,0.9981849007659107,43.83490426684314,79.85479206127286,2,0.9,200,False
46,6,2,"[0.0686461417773173, 0.9313538582226827]",80,0.5479363033355392,0.9981849007659107,43.83490426684314,79.85479206127286,2,0.9,200,False
47,7,2,"[0.0686461417773173, 0.9313538582226827]",80,0.5458853942266272,0.9998842996460162,43.67083153813017,79.9907439716813,2,0.9,200,False
48,8,2,"[0.0686461417773173, 0.9313538582226827]",80,0.5458853942266272,0.9998842996460162,43.67083153813017,79.9907439716813,2,0.9,200,False
49,9,2,"[0.0686461417773173, 0.9313538582226827]",80,0.5454875648119797,0.9995055117672283,43.63900518495837,79.96044094137827,2,0.9,200,False
50,10,2,"[0.0686461417773173, 0.9313538582226827]",80,0.5458853942266272,0.9998842996460162,43.67083153813017,79.9907439716813,2,0.9,200,False
51,11,2,"[0.0686461417773173, 0.9313538582226827]",80,0.540203576044809,0.9942024814641979,43.21628608358471,79.53619851713583,2,0.9,200,False
52,12,2,"[0.0686461417773173, 0.9313538582226827]",80,0.5467934441790362,0.9970485371295471,43.7434755343229,79.76388297036377,2,0.9,200,False
53,13,2,"[0.0686461417773173, 0.9313538582226827]",80,0.544723493177002,0.9987479360096525,43.577879454160154,79.8998348807722,2,0.9,200,False
54,14,2,"[0.0686461417773173, 0.9313538582226827]",80,0.5458853942266272,0.9998842996460162,43.67083153813017,79.9907439716813,2,0.9,200,False
55,15,2,"[0.0686461417773173, 0.9313538582226827]",80,0.5454875648119797,0.9995055117672283,43.63900518495837,79.96044094137827,2,0.9,200,False
56,16,2,"[0.0686461417773173, 0.9313538582226827]",80,0.544723493177002,0.9987479360096525,43.577879454160154,79.8998348807722,2,0.9,200,False
57,17,2,"[0.0686461417773173, 0.9313538582226827]",80,0.5458853942266272,0.9998842996460162,43.67083153813017,79.9907439716813,2,0.9,200,False
58,18,2,"[0.0686461417773173, 0.9313538582226827]",80,0.544723493177002,0.9987479360096525,43.577879454160154,79.8998348807722,2,0.9,200,False
59,19,2,"[0.0686461417773173, 0.9313538582226827]",80,0.5435862748519765,0.9976115723732889,43.486901988158124,79.80892578986311,2,0.9,200,False
60,0,3,"[0.10313372423410126, 0.8968662757658987]",80,0.5479363033355392,0.9981849007659107,43.83490426684314,79.85479206127286,2,0.9,200,False
61,1,3,"[0.10313372423410126, 0.8968662757658987]",80,0.5468189516744928,0.9970485371295471,43.74551613395943,79.76388297036377,2,0.9,200,False
62,2,3,"[0.10313372423410126, 0.8968662757658987]",80,0.5458853942266272,0.9998842996460162,43.67083153813017,79.9907439716813,2,0.9,200,False
63,3,3,"[0.10313372423410126, 0.8968662757658987]",80,0.5451212570966673,0.9991267238884405,43.60970056773338,79.93013791107524,2,0.9,200,False
64,4,3,"[0.10313372423410126, 0.8968662757658987]",80,0.5454875648119797,0.9995055117672283,43.63900518495837,79.96044094137827,2,0.9,200,False
65,5,3,"[0.10313372423410126, 0.8968662757658987]",80,0.544723493177002,0.9987479360096525,43.577879454160154,79.8998348807722,2,0.9,200,False
66,6,3,"[0.10313372423410126, 0.8968662757658987]",80,0.5454875648119797,0.9995055117672283,43.63900518495837,79.96044094137827,2,0.9,200,False
67,7,3,"[0.10313372423410126, 0.8968662757658987]",80,0.5467934441790362,0.9970485371295471,43.7434755343229,79.76388297036377,2,0.9,200,False
68,8,3,"[0.10313372423410126, 0.8968662757658987]",80,0.5458853942266272,0.9998842996460162,43.67083153813017,79.9907439716813,2,0.9,200,False
69,9,3,"[0.10313372423410126, 0.8968662757658987]",80,0.5451212570966673,0.9991267238884405,43.60970056773338,79.93013791107524,2,0.9,200,False
70,10,3,"[0.10313372423410126, 0.8968662757658987]",80,0.5479363033355392,0.9981849007659107,43.83490426684314,79.85479206127286,2,0.9,200,False
71,11,3,"[0.10313372423410126, 0.8968662757658987]",80,0.5454875648119797,0.9995055117672283,43.63900518495837,79.96044094137827,2,0.9,200,False
72,12,3,"[0.10313372423410126, 0.8968662757658987]",80,0.5500054384429136,0.9964855018858053,44.00043507543309,79.71884015086442,2,0.9,200,False
73,13,3,"[0.10313372423410126, 0.8968662757658987]",80,0.544723493177002,0.9987479360096525,43.577879454160154,79.8998348807722,2,0.9,200,False
74,14,3,"[0.10313372423410126, 0.8968662757658987]",80,0.5451212570966673,0.9991267238884405,43.60970056773338,79.93013791107524,2,0.9,200,False
75,15,3,"[0.10313372423410126, 0.8968662757658987]",80,0.5454875648119797,0.9995055117672283,43.63900518495837,79.96044094137827,2,0.9,200,False
76,16,3,"[0.10313372423410126, 0.8968662757658987]",80,0.5458853942266272,0.9998842996460162,43.67083153813017,79.9907439716813,2,0.9,200,False
77,17,3,"[0.10313372423410126, 0.8968662757658987]",80,0.5458853942266272,0.9998842996460162,43.67083153813017,79.9907439716813,2,0.9,200,False
78,18,3,"[0.10313372423410126, 0.8968662757658987]",80,0.5416931901077413,0.9957176329793495,43.33545520861931,79.65741063834795,2,0.9,200,False
79,19,3,"[0.10313372423410126, 0.8968662757658987]",80,0.5500054384429136,0.9964855018858053,44.00043507543309,79.71884015086442,2,0.9,200,False
80,0,4,"[0.1376474690983919, 0.8623525309016081]",80,0.5435862748519765,0.9976115723732889,43.486901988158124,79.80892578986311,2,0.9,200,False
81,1,4,"[0.1376474690983919, 0.8623525309016081]",80,0.544723493177002,0.9987479360096525,43.577879454160154,79.8998348807722,2,0.9,200,False
82,2,4,"[0.1376474690983919, 0.8623525309016081]",80,0.5458853942266272,0.9998842996460162,43.67083153813017,79.9907439716813,2,0.9,200,False
83,3,4,"[0.1376474690983919, 0.8623525309016081]",80,0.5458853942266272,0.9998842996460162,43.67083153813017,79.9907439716813,2,0.9,200,False
84,4,4,"[0.1376474690983919, 0.8623525309016081]",80,0.5458853942266272,0.9998842996460162,43.67083153813017,79.9907439716813,2,0.9,200,False
85,5,4,"[0.1376474690983919, 0.8623525309016081]",80,0.5454875648119797,0.9995055117672283,43.63900518495837,79.96044094137827,2,0.9,200,False
86,6,4,"[0.1376474690983919, 0.8623525309016081]",80,0.5487130186747416,0.9989424765234866,43.89704149397933,79.91539812187892,2,0.9,200,False
87,7,4,"[0.1376474690983919, 0.8623525309016081]",80,0.5435862748519765,0.9976115723732889,43.486901988158124,79.80892578986311,2,0.9,200,False
88,8,4,"[0.1376474690983919, 0.8623525309016081]",80,0.5451212570966673,0.9991267238884405,43.60970056773338,79.93013791107524,2,0.9,200,False
89,9,4,"[0.1376474690983919, 0.8623525309016081]",80,0.5454875648119797,0.9995055117672283,43.63900518495837,79.96044094137827,2,0.9,200,False
90,10,4,"[0.1376474690983919, 0.8623525309016081]",80,0.5337641821054151,0.9877630875248038,42.70113456843321,79.0210470019843,2,0.9,200,False
91,11,4,"[0.1376474690983919, 0.8623525309016081]",80,0.5435862748519765,0.9976115723732889,43.486901988158124,79.80892578986311,2,0.9,200,False
92,12,4,"[0.1376474690983919, 0.8623525309016081]",80,0.5479363033355392,0.9981849007659107,43.83490426684314,79.85479206127286,2,0.9,200,False
93,13,4,"[0.1376474690983919, 0.8623525309016081]",80,0.544723493177002,0.9987479360096525,43.577879454160154,79.8998348807722,2,0.9,200,False
94,14,4,"[0.1376474690983919, 0.8623525309016081]",80,0.5458853942266272,0.9998842996460162,43.67083153813017,79.9907439716813,2,0.9,200,False
95,15,4,"[0.1376474690983919, 0.8623525309016081]",80,0.5454875648119797,0.9995055117672283,43.63900518495837,79.96044094137827,2,0.9,200,False
96,16,4,"[0.1376474690983919, 0.8623525309016081]",80,0.5458853942266272,0.9998842996460162,43.67083153813017,79.9907439716813,2,0.9,200,False
97,17,4,"[0.1376474690983919, 0.8623525309016081]",80,0.5458853942266272,0.9998842996460162,43.67083153813017,79.9907439716813,2,0.9,200,False
98,18,4,"[0.1376474690983919, 0.8623525309016081]",80,0.5458853942266272,0.9998842996460162,43.67083153813017,79.9907439716813,2,0.9,200,False
99,19,4,"[0.1376474690983919, 0.8623525309016081]",80,0.5451212570966673,0.9991267238884405,43.60970056773338,79.93013791107524,2,0.9,200,False
100,0,5,"[0.17215853880752885, 0.8278414611924712]",80,0.5500054384429136,0.9964855018858053,44.00043507543309,79.71884015086442,2,0.9,200,False
101,1,5,"[0.17215853880752885, 0.8278414611924712]",80,0.5435862748519765,0.9976115723732889,43.486901988158124,79.80892578986311,2,0.9,200,False
102,2,5,"[0.17215853880752885, 0.8278414611924712]",80,0.5467934441790362,0.9970485371295471,43.7434755343229,79.76388297036377,2,0.9,200,False
103,3,5,"[0.17215853880752885, 0.8278414611924712]",80,0.5467934441790362,0.9970485371295471,43.7434755343229,79.76388297036377,2,0.9,200,False
104,4,5,"[0.17215853880752885, 0.8278414611924712]",80,0.5458853942266272,0.9998842996460162,43.67083153813017,79.9907439716813,2,0.9,200,False
105,5,5,"[0.17215853880752885, 0.8278414611924712]",80,0.5458853942266272,0.9998842996460162,43.67083153813017,79.9907439716813,2,0.9,200,False
106,6,5,"[0.17215853880752885, 0.8278414611924712]",80,0.5458853942266272,0.9998842996460162,43.67083153813017,79.9907439716813,2,0.9,200,False
107,7,5,"[0.17215853880752885, 0.8278414611924712]",80,0.544723493177002,0.9987479360096525,43.577879454160154,79.8998348807722,2,0.9,200,False
108,8,5,"[0.17215853880752885, 0.8278414611924712]",80,0.5479363033355392,0.9981849007659107,43.83490426684314,79.85479206127286,2,0.9,200,False
109,9,5,"[0.17215853880752885, 0.8278414611924712]",80,0.5487130186747416,0.9989424765234866,43.89704149397933,79.91539812187892,2,0.9,200,False
110,10,5,"[0.17215853880752885, 0.8278414611924712]",80,0.5458853942266272,0.9998842996460162,43.67083153813017,79.9907439716813,2,0.9,200,False
111,11,5,"[0.17215853880752885, 0.8278414611924712]",80,0.5467934441790362,0.9970485371295471,43.7434755343229,79.76388297036377,2,0.9,200,False
112,12,5,"[0.17215853880752885, 0.8278414611924712]",80,0.5458853942266272,0.9998842996460162,43.67083153813017,79.9907439716813,2,0.9,200,False
113,13,5,"[0.17215853880752885, 0.8278414611924712]",80,0.5458853942266272,0.9998842996460162,43.67083153813017,79.9907439716813,2,0.9,200,False
114,14,5,"[0.17215853880752885, 0.8278414611924712]",80,0.5435862748519765,0.9976115723732889,43.486901988158124,79.80892578986311,2,0.9,200,False
115,15,5,"[0.17215853880752885, 0.8278414611924712]",80,0.5467934441790362,0.9970485371295471,43.7434755343229,79.76388297036377,2,0.9,200,False
116,16,5,"[0.17215853880752885, 0.8278414611924712]",80,0.5454875648119797,0.9995055117672283,43.63900518495837,79.96044094137827,2,0.9,200,False
117,17,5,"[0.17215853880752885, 0.8278414611924712]",80,0.5416931901077413,0.9957176329793495,43.33545520861931,79.65741063834795,2,0.9,200,False
118,18,5,"[0.17215853880752885, 0.8278414611924712]",80,0.545284785941136,0.9955333856143955,43.62278287529088,79.64267084915164,2,0.9,200,False
119,19,5,"[0.17215853880752885, 0.8278414611924712]",80,0.5458853942266272,0.9998842996460162,43.67083153813017,79.9907439716813,2,0.9,200,False
120,0,6,"[0.20665437103951043, 0.7933456289604895]",80,0.5479363033355392,0.9981849007659107,43.83490426684314,79.85479206127286,2,0.9,200,False
121,1,6,"[0.20665437103951043, 0.7933456289604895]",80,0.5435862748519765,0.9976115723732889,43.486901988158124,79.80892578986311,2,0.9,200,False
122,2,6,"[0.20665437103951043, 0.7933456289604895]",80,0.5458853942266272,0.9998842996460162,43.67083153813017,79.9907439716813,2,0.9,200,False
123,3,6,"[0.20665437103951043, 0.7933456289604895]",80,0.5500054384429136,0.9964855018858053,44.00043507543309,79.71884015086442,2,0.9,200,False
124,4,6,"[0.20665437103951043, 0.7933456289604895]",80,0.5458853942266272,0.9998842996460162,43.67083153813017,79.9907439716813,2,0.9,200,False
125,5,6,"[0.20665437103951043, 0.7933456289604895]",80,0.5454875648119797,0.9995055117672283,43.63900518495837,79.96044094137827,2,0.9,200,False
126,6,6,"[0.20665437103951043, 0.7933456289604895]",80,0.5479363033355392,0.9981849007659107,43.83490426684314,79.85479206127286,2,0.9,200,False
127,7,6,"[0.20665437103951043, 0.7933456289604895]",80,0.5467934441790362,0.9970485371295471,43.7434755343229,79.76388297036377,2,0.9,200,False
128,8,6,"[0.20665437103951043, 0.7933456289604895]",80,0.5435862748519765,0.9976115723732889,43.486901988158124,79.80892578986311,2,0.9,200,False
129,9,6,"[0.20665437103951043, 0.7933456289604895]",80,0.5479363033355392,0.9981849007659107,43.83490426684314,79.85479206127286,2,0.9,200,False
130,10,6,"[0.20665437103951043, 0.7933456289604895]",80,0.5436126647110118,0.9976115723732889,43.489013176880945,79.80892578986311,2,0.9,200,False
131,11,6,"[0.20665437103951043, 0.7933456289604895]",80,0.5511609447417378,0.9976218655221689,44.09287557933903,79.80974924177352,2,0.9,200,False
132,12,6,"[0.20665437103951043, 0.7933456289604895]",80,0.5487130186747416,0.9989424765234866,43.89704149397933,79.91539812187892,2,0.9,200,False
133,13,6,"[0.20665437103951043, 0.7933456289604895]",80,0.5511609447417378,0.9976218655221689,44.09287557933903,79.80974924177352,2,0.9,200,False
134,14,6,"[0.20665437103951043, 0.7933456289604895]",80,0.544723493177002,0.9987479360096525,43.577879454160154,79.8998348807722,2,0.9,200,False
135,15,6,"[0.20665437103951043, 0.7933456289604895]",80,0.5454875648119797,0.9995055117672283,43.63900518495837,79.96044094137827,2,0.9,200,False
136,16,6,"[0.20665437103951043, 0.7933456289604895]",80,0.5458853942266272,0.9998842996460162,43.67083153813017,79.9907439716813,2,0.9,200,False
137,17,6,"[0.20665437103951043, 0.7933456289604895]",80,0.5454875648119797,0.9995055117672283,43.63900518495837,79.96044094137827,2,0.9,200,False
138,18,6,"[0.20665437103951043, 0.7933456289604895]",80,0.5458853942266272,0.9998842996460162,43.67083153813017,79.9907439716813,2,0.9,200,False
139,19,6,"[0.20665437103951043, 0.7933456289604895]",80,0.5458853942266272,0.9998842996460162,43.67083153813017,79.9907439716813,2,0.9,200,False
140,0,7,"[0.2411526822460158, 0.7588473177539842]",80,0.5500054384429136,0.9964855018858053,44.00043507543309,79.71884015086442,2,0.9,200,False
141,1,7,"[0.2411526822460158, 0.7588473177539842]",80,0.5511609447417378,0.9976218655221689,44.09287557933903,79.80974924177352,2,0.9,200,False
142,2,7,"[0.2411526822460158, 0.7588473177539842]",80,0.5479363033355392,0.9981849007659107,43.83490426684314,79.85479206127286,2,0.9,200,False
143,3,7,"[0.2411526822460158, 0.7588473177539842]",80,0.5487130186747416,0.9989424765234866,43.89704149397933,79.91539812187892,2,0.9,200,False
144,4,7,"[0.2411526822460158, 0.7588473177539842]",80,0.5532300551741334,0.9959224666420635,44.25840441393067,79.67379733136508,2,0.9,200,False
145,5,7,"[0.2411526822460158, 0.7588473177539842]",80,0.5458853942266272,0.9998842996460162,43.67083153813017,79.9907439716813,2,0.9,200,False
146,6,7,"[0.2411526822460158, 0.7588473177539842]",80,0.5487130186747416,0.9989424765234866,43.89704149397933,79.91539812187892,2,0.9,200,False
147,7,7,"[0.2411526822460158, 0.7588473177539842]",80,0.5479363033355392,0.9981849007659107,43.83490426684314,79.85479206127286,2,0.9,200,False
148,8,7,"[0.2411526822460158, 0.7588473177539842]",80,0.5511609447417378,0.9976218655221689,44.09287557933903,79.80974924177352,2,0.9,200,False
149,9,7,"[0.2411526822460158, 0.7588473177539842]",80,0.5487130186747416,0.9989424765234866,43.89704149397933,79.91539812187892,2,0.9,200,False
150,10,7,"[0.2411526822460158, 0.7588473177539842]",80,0.5487130186747416,0.9989424765234866,43.89704149397933,79.91539812187892,2,0.9,200,False
151,11,7,"[0.2411526822460158, 0.7588473177539842]",80,0.5511609447417378,0.9976218655221689,44.09287557933903,79.80974924177352,2,0.9,200,False
152,12,7,"[0.2411526822460158, 0.7588473177539842]",80,0.5532300551741334,0.9959224666420635,44.25840441393067,79.67379733136508,2,0.9,200,False
153,13,7,"[0.2411526822460158, 0.7588473177539842]",80,0.5479363033355392,0.9981849007659107,43.83490426684314,79.85479206127286,2,0.9,200,False
154,14,7,"[0.2411526822460158, 0.7588473177539842]",80,0.544723493177002,0.9987479360096525,43.577879454160154,79.8998348807722,2,0.9,200,False
155,15,7,"[0.2411526822460158, 0.7588473177539842]",80,0.5479363033355392,0.9981849007659107,43.83490426684314,79.85479206127286,2,0.9,200,False
156,16,7,"[0.2411526822460158, 0.7588473177539842]",80,0.5479363033355392,0.9981849007659107,43.83490426684314,79.85479206127286,2,0.9,200,False
157,17,7,"[0.2411526822460158, 0.7588473177539842]",80,0.5532300551741334,0.9959224666420635,44.25840441393067,79.67379733136508,2,0.9,200,False
158,18,7,"[0.2411526822460158, 0.7588473177539842]",80,0.544723493177002,0.9987479360096525,43.577879454160154,79.8998348807722,2,0.9,200,False
159,19,7,"[0.2411526822460158, 0.7588473177539842]",80,0.5511609447417378,0.9976218655221689,44.09287557933903,79.80974924177352,2,0.9,200,False
160,0,8,"[0.275658407582298, 0.724341592417702]",80,0.5511609447417378,0.9976218655221689,44.09287557933903,79.80974924177352,2,0.9,200,False
161,1,8,"[0.275658407582298, 0.724341592417702]",80,0.5532300551741334,0.9959224666420635,44.25840441393067,79.67379733136508,2,0.9,200,False
162,2,8,"[0.275658407582298, 0.724341592417702]",80,0.5487130186747416,0.9989424765234866,43.89704149397933,79.91539812187892,2,0.9,200,False
163,3,8,"[0.275658407582298, 0.724341592417702]",80,0.5487130186747416,0.9989424765234866,43.89704149397933,79.91539812187892,2,0.9,200,False
164,4,8,"[0.275658407582298, 0.724341592417702]",80,0.5487130186747416,0.9989424765234866,43.89704149397933,79.91539812187892,2,0.9,200,False
165,5,8,"[0.275658407582298, 0.724341592417702]",80,0.5500054384429136,0.9964855018858053,44.00043507543309,79.71884015086442,2,0.9,200,False
166,6,8,"[0.275658407582298, 0.724341592417702]",80,0.5487130186747416,0.9989424765234866,43.89704149397933,79.91539812187892,2,0.9,200,False
167,7,8,"[0.275658407582298, 0.724341592417702]",80,0.5511609447417378,0.9976218655221689,44.09287557933903,79.80974924177352,2,0.9,200,False
168,8,8,"[0.275658407582298, 0.724341592417702]",80,0.5511609447417378,0.9976218655221689,44.09287557933903,79.80974924177352,2,0.9,200,False
169,9,8,"[0.275658407582298, 0.724341592417702]",80,0.5487130186747416,0.9989424765234866,43.89704149397933,79.91539812187892,2,0.9,200,False
170,10,8,"[0.275658407582298, 0.724341592417702]",80,0.5511609447417378,0.9976218655221689,44.09287557933903,79.80974924177352,2,0.9,200,False
171,11,8,"[0.275658407582298, 0.724341592417702]",80,0.5511609447417378,0.9976218655221689,44.09287557933903,79.80974924177352,2,0.9,200,False
172,12,8,"[0.275658407582298, 0.724341592417702]",80,0.5487130186747416,0.9989424765234866,43.89704149397933,79.91539812187892,2,0.9,200,False
173,13,8,"[0.275658407582298, 0.724341592417702]",80,0.5487130186747416,0.9989424765234866,43.89704149397933,79.91539812187892,2,0.9,200,False
174,14,8,"[0.275658407582298, 0.724341592417702]",80,0.5458853942266272,0.9998842996460162,43.67083153813017,79.9907439716813,2,0.9,200,False
175,15,8,"[0.275658407582298, 0.724341592417702]",80,0.5532300551741334,0.9959224666420635,44.25840441393067,79.67379733136508,2,0.9,200,False
176,16,8,"[0.275658407582298, 0.724341592417702]",80,0.5511609447417378,0.9976218655221689,44.09287557933903,79.80974924177352,2,0.9,200,False
177,17,8,"[0.275658407582298, 0.724341592417702]",80,0.5418948368565598,0.9921242947053047,43.35158694852478,79.36994357642438,2,0.9,200,False
178,18,8,"[0.275658407582298, 0.724341592417702]",80,0.5487130186747416,0.9989424765234866,43.89704149397933,79.91539812187892,2,0.9,200,False
179,19,8,"[0.275658407582298, 0.724341592417702]",80,0.5467934441790362,0.9970485371295471,43.7434755343229,79.76388297036377,2,0.9,200,False
180,0,9,"[0.310181566194839, 0.6898184338051611]",80,0.5487130186747416,0.9989424765234866,43.89704149397933,79.91539812187892,2,0.9,200,False
181,1,9,"[0.310181566194839, 0.6898184338051611]",80,0.5487130186747416,0.9989424765234866,43.89704149397933,79.91539812187892,2,0.9,200,False
182,2,9,"[0.310181566194839, 0.6898184338051611]",80,0.5487130186747416,0.9989424765234866,43.89704149397933,79.91539812187892,2,0.9,200,False
183,3,9,"[0.310181566194839, 0.6898184338051611]",80,0.5511609447417378,0.9976218655221689,44.09287557933903,79.80974924177352,2,0.9,200,False
184,4,9,"[0.310181566194839, 0.6898184338051611]",80,0.5487130186747416,0.9989424765234866,43.89704149397933,79.91539812187892,2,0.9,200,False
185,5,9,"[0.310181566194839, 0.6898184338051611]",80,0.5479363033355392,0.9981849007659107,43.83490426684314,79.85479206127286,2,0.9,200,False
186,6,9,"[0.310181566194839, 0.6898184338051611]",80,0.5487130186747416,0.9989424765234866,43.89704149397933,79.91539812187892,2,0.9,200,False
187,7,9,"[0.310181566194839, 0.6898184338051611]",80,0.5511609447417378,0.9976218655221689,44.09287557933903,79.80974924177352,2,0.9,200,False
188,8,9,"[0.310181566194839, 0.6898184338051611]",80,0.5458853942266272,0.9998842996460162,43.67083153813017,79.9907439716813,2,0.9,200,False
189,9,9,"[0.310181566194839, 0.6898184338051611]",80,0.5511609447417378,0.9976218655221689,44.09287557933903,79.80974924177352,2,0.9,200,False
190,10,9,"[0.310181566194839, 0.6898184338051611]",80,0.5458853942266272,0.9998842996460162,43.67083153813017,79.9907439716813,2,0.9,200,False
191,11,9,"[0.310181566194839, 0.6898184338051611]",80,0.5487130186747416,0.9989424765234866,43.89704149397933,79.91539812187892,2,0.9,200,False
192,12,9,"[0.310181566194839, 0.6898184338051611]",80,0.5487130186747416,0.9989424765234866,43.89704149397933,79.91539812187892,2,0.9,200,False
193,13,9,"[0.310181566194839, 0.6898184338051611]",80,0.5479363033355392,0.9981849007659107,43.83490426684314,79.85479206127286,2,0.9,200,False
194,14,9,"[0.310181566194839, 0.6898184338051611]",80,0.5511609447417378,0.9976218655221689,44.09287557933903,79.80974924177352,2,0.9,200,False
195,15,9,"[0.310181566194839, 0.6898184338051611]",80,0.5511609447417378,0.9976218655221689,44.09287557933903,79.80974924177352,2,0.9,200,False
196,16,9,"[0.310181566194839, 0.6898184338051611]",80,0.5454875648119797,0.9995055117672283,43.63900518495837,79.96044094137827,2,0.9,200,False
197,17,9,"[0.310181566194839, 0.6898184338051611]",80,0.5532300551741334,0.9959224666420635,44.25840441393067,79.67379733136508,2,0.9,200,False
198,18,9,"[0.310181566194839, 0.6898184338051611]",80,0.5458853942266272,0.9998842996460162,43.67083153813017,79.9907439716813,2,0.9,200,False
199,19,9,"[0.310181566194839, 0.6898184338051611]",80,0.5454875648119797,0.9995055117672283,43.63900518495837,79.96044094137827,2,0.9,200,False
200,0,10,"[0.3447001569460865, 0.6552998430539135]",80,0.5467934441790362,0.9970485371295471,43.7434755343229,79.76388297036377,2,0.9,200,False
201,1,10,"[0.3447001569460865, 0.6552998430539135]",80,0.5467934441790362,0.9970485371295471,43.7434755343229,79.76388297036377,2,0.9,200,False
202,2,10,"[0.3447001569460865, 0.6552998430539135]",80,0.5532300551741334,0.9959224666420635,44.25840441393067,79.67379733136508,2,0.9,200,False
203,3,10,"[0.3447001569460865, 0.6552998430539135]",80,0.5487130186747416,0.9989424765234866,43.89704149397933,79.91539812187892,2,0.9,200,False
204,4,10,"[0.3447001569460865, 0.6552998430539135]",80,0.5532300551741334,0.9959224666420635,44.25840441393067,79.67379733136508,2,0.9,200,False
205,5,10,"[0.3447001569460865, 0.6552998430539135]",80,0.5458853942266272,0.9998842996460162,43.67083153813017,79.9907439716813,2,0.9,200,False
206,6,10,"[0.3447001569460865, 0.6552998430539135]",80,0.5532300551741334,0.9959224666420635,44.25840441393067,79.67379733136508,2,0.9,200,False
207,7,10,"[0.3447001569460865, 0.6552998430539135]",80,0.5515672124084454,0.9980006534009569,44.12537699267563,79.84005227207655,2,0.9,200,False
208,8,10,"[0.3447001569460865, 0.6552998430539135]",80,0.5532300551741334,0.9959224666420635,44.25840441393067,79.67379733136508,2,0.9,200,False
209,9,10,"[0.3447001569460865, 0.6552998430539135]",80,0.5487263033175362,0.9989424765234866,43.8981042654029,79.91539812187892,2,0.9,200,False
210,10,10,"[0.3447001569460865, 0.6552998430539135]",80,0.5511609447417378,0.9976218655221689,44.09287557933903,79.80974924177352,2,0.9,200,False
211,11,10,"[0.3447001569460865, 0.6552998430539135]",80,0.5568427803646716,0.9957382192771096,44.54742242917373,79.65905754216877,2,0.9,200,False
212,12,10,"[0.3447001569460865, 0.6552998430539135]",80,0.5511609447417378,0.9976218655221689,44.09287557933903,79.80974924177352,2,0.9,200,False
213,13,10,"[0.3447001569460865, 0.6552998430539135]",80,0.5487130186747416,0.9989424765234866,43.89704149397933,79.91539812187892,2,0.9,200,False
214,14,10,"[0.3447001569460865, 0.6552998430539135]",80,0.5487130186747416,0.9989424765234866,43.89704149397933,79.91539812187892,2,0.9,200,False
215,15,10,"[0.3447001569460865, 0.6552998430539135]",80,0.5532300551741334,0.9959224666420635,44.25840441393067,79.67379733136508,2,0.9,200,False
216,16,10,"[0.3447001569460865, 0.6552998430539135]",80,0.5458853942266272,0.9998842996460162,43.67083153813017,79.9907439716813,2,0.9,200,False
217,17,10,"[0.3447001569460865, 0.6552998430539135]",80,0.5511609447417378,0.9976218655221689,44.09287557933903,79.80974924177352,2,0.9,200,False
218,18,10,"[0.3447001569460865, 0.6552998430539135]",80,0.5714535760448091,0.9914078915432493,45.71628608358473,79.31263132345994,2,0.9,200,False
219,19,10,"[0.3447001569460865, 0.6552998430539135]",80,0.5458853942266272,0.9998842996460162,43.67083153813017,79.9907439716813,2,0.9,200,False
220,0,11,"[0.37920333695910174, 0.6207966630408983]",80,0.5657584895985966,0.9932915377883086,45.26067916788773,79.46332302306469,2,0.9,200,False
221,1,11,"[0.37920333695910174, 0.6207966630408983]",80,0.5458853942266272,0.9998842996460162,43.67083153813017,79.9907439716813,2,0.9,200,False
222,2,11,"[0.37920333695910174, 0.6207966630408983]",80,0.5532300551741334,0.9959224666420635,44.25840441393067,79.67379733136508,2,0.9,200,False
223,3,11,"[0.37920333695910174, 0.6207966630408983]",80,0.5487130186747416,0.9989424765234866,43.89704149397933,79.91539812187892,2,0.9,200,False
224,4,11,"[0.37920333695910174, 0.6207966630408983]",80,0.5742944851357181,0.9904660684207196,45.94355881085745,79.23728547365756,2,0.9,200,False
225,5,11,"[0.37920333695910174, 0.6207966630408983]",80,0.5568427803646716,0.9957382192771096,44.54742242917373,79.65905754216877,2,0.9,200,False
226,6,11,"[0.37920333695910174, 0.6207966630408983]",80,0.5487130186747416,0.9989424765234866,43.89704149397933,79.91539812187892,2,0.9,200,False
227,7,11,"[0.37920333695910174, 0.6207966630408983]",80,0.5596836894555989,0.99479639615458,44.77469515644791,79.5837116923664,2,0.9,200,False
228,8,11,"[0.37920333695910174, 0.6207966630408983]",80,0.5543948532349432,0.9970588302784271,44.35158825879545,79.76470642227417,2,0.9,200,False
229,9,11,"[0.37920333695910174, 0.6207966630408983]",80,0.5617527999212064,0.9930969972744746,44.94022399369651,79.44775978195797,2,0.9,200,False
230,10,11,"[0.37920333695910174, 0.6207966630408983]",80,0.5479363033355392,0.9981849007659107,43.83490426684314,79.85479206127286,2,0.9,200,False
231,11,11,"[0.37920333695910174, 0.6207966630408983]",80,0.5532300551741334,0.9959224666420635,44.25840441393067,79.67379733136508,2,0.9,200,False
232,12,11,"[0.37920333695910174, 0.6207966630408983]",80,0.5500054384429136,0.9964855018858053,44.00043507543309,79.71884015086442,2,0.9,200,False
233,13,11,"[0.37920333695910174, 0.6207966630408983]",80,0.5500054384429136,0.9964855018858053,44.00043507543309,79.71884015086442,2,0.9,200,False
234,14,11,"[0.37920333695910174, 0.6207966630408983]",80,0.5467934441790362,0.9970485371295471,43.7434755343229,79.76388297036377,2,0.9,200,False
235,15,11,"[0.37920333695910174, 0.6207966630408983]",80,0.5515539441267115,0.9980006534009569,44.124315530136926,79.84005227207655,2,0.9,200,False
236,16,11,"[0.37920333695910174, 0.6207966630408983]",80,0.5458853942266272,0.9998842996460162,43.67083153813017,79.9907439716813,2,0.9,200,False
237,17,11,"[0.37920333695910174, 0.6207966630408983]",80,0.5458853942266272,0.9998842996460162,43.67083153813017,79.9907439716813,2,0.9,200,False
238,18,11,"[0.37920333695910174, 0.6207966630408983]",80,0.5625245985465079,0.9938545730320504,45.00196788372064,79.50836584256403,2,0.9,200,False
239,19,11,"[0.37920333695910174, 0.6207966630408983]",80,0.5458853942266272,0.9998842996460162,43.67083153813017,79.9907439716813,2,0.9,200,False
240,0,12,"[0.4137177121659442, 0.5862822878340559]",80,0.5532300551741334,0.9959224666420635,44.25840441393067,79.67379733136508,2,0.9,200,False
241,1,12,"[0.4137177121659442, 0.5862822878340559]",80,0.5487130186747416,0.9989424765234866,43.89704149397933,79.91539812187892,2,0.9,200,False
242,2,12,"[0.4137177121659442, 0.5862822878340559]",80,0.5467934441790362,0.9970485371295471,43.7434755343229,79.76388297036377,2,0.9,200,False
243,3,12,"[0.4137177121659442, 0.5862822878340559]",80,0.5589118908302791,0.9940388203970043,44.71295126642233,79.52310563176034,2,0.9,200,False
244,4,12,"[0.4137177121659442, 0.5862822878340559]",80,0.5799630350531422,0.9885824221756604,46.39704280425137,79.08659377405283,2,0.9,200,False
245,5,12,"[0.4137177121659442, 0.5862822878340559]",80,0.5458853942266272,0.9998842996460162,43.67083153813017,79.9907439716813,2,0.9,200,False
246,6,12,"[0.4137177121659442, 0.5862822878340559]",80,0.5500054384429136,0.9964855018858053,44.00043507543309,79.71884015086442,2,0.9,200,False
247,7,12,"[0.4137177121659442, 0.5862822878340559]",80,0.5714403077804149,0.9914078915432493,45.71522462243319,79.31263132345994,2,0.9,200,False
248,8,12,"[0.4137177121659442, 0.5862822878340559]",80,0.5511609447417378,0.9976218655221689,44.09287557933903,79.80974924177352,2,0.9,200,False
249,9,12,"[0.4137177121659442, 0.5862822878340559]",80,0.5560709817209335,0.9949806435195339,44.48567853767468,79.5984514815627,2,0.9,200,False
250,10,12,"[0.4137177121659442, 0.5862822878340559]",80,0.5487130186747416,0.9989424765234866,43.89704149397933,79.91539812187892,2,0.9,200,False
251,11,12,"[0.4137177121659442, 0.5862822878340559]",80,0.5560709817209335,0.9949806435195339,44.48567853767468,79.5984514815627,2,0.9,200,False
252,12,12,"[0.4137177121659442, 0.5862822878340559]",80,0.5532300551741334,0.9959224666420635,44.25840441393067,79.67379733136508,2,0.9,200,False
253,13,12,"[0.4137177121659442, 0.5862822878340559]",80,0.5568427803646716,0.9957382192771096,44.54742242917373,79.65905754216877,2,0.9,200,False
254,14,12,"[0.4137177121659442, 0.5862822878340559]",80,0.5543948532349432,0.9970588302784271,44.35158825879545,79.76470642227417,2,0.9,200,False
255,15,12,"[0.4137177121659442, 0.5862822878340559]",80,0.5458853942266272,0.9998842996460162,43.67083153813017,79.9907439716813,2,0.9,200,False
256,16,12,"[0.4137177121659442, 0.5862822878340559]",80,0.5543948532349432,0.9970588302784271,44.35158825879545,79.76470642227417,2,0.9,200,False
257,17,12,"[0.4137177121659442, 0.5862822878340559]",3,0.4841166240430941,0.586133069828722,1.4523498721292822,1.758399209486166,2,0.9,200,False
258,18,12,"[0.4137177121659442, 0.5862822878340559]",80,0.578798254466661,0.9874460585392967,46.30386035733288,78.99568468314374,2,0.9,200,False
259,19,12,"[0.4137177121659442, 0.5862822878340559]",80,0.5487130186747416,0.9989424765234866,43.89704149397933,79.91539812187892,2,0.9,200,False
260,0,13,"[0.4482276561007611, 0.5517723438992389]",80,0.5540018712553596,0.9966800423996393,44.320149700428765,79.73440339197114,2,0.9,200,False
261,1,13,"[0.4482276561007611, 0.5517723438992389]",80,0.5432338787793063,0.997232784494501,43.45871030234451,79.77862275956008,2,0.9,200,False
262,2,13,"[0.4482276561007611, 0.5517723438992389]",80,0.5511609447417378,0.9976218655221689,44.09287557933903,79.80974924177352,2,0.9,200,False
263,3,13,"[0.4482276561007611, 0.5517723438992389]",80,0.5532300551741334,0.9959224666420635,44.25840441393067,79.67379733136508,2,0.9,200,False
264,4,13,"[0.4482276561007611, 0.5517723438992389]",4,0.5559848295081872,0.6707633399209486,2.2239393180327487,2.6830533596837944,2,0.9,200,False
265,5,13,"[0.4482276561007611, 0.5517723438992389]",80,0.5458853942266272,0.9998842996460162,43.67083153813017,79.9907439716813,2,0.9,200,False
266,6,13,"[0.4482276561007611, 0.5517723438992389]",80,0.5560709817209335,0.9949806435195339,44.48567853767468,79.5984514815627,2,0.9,200,False
267,7,13,"[0.4482276561007611, 0.5517723438992389]",80,0.5458853942266272,0.9998842996460162,43.67083153813017,79.9907439716813,2,0.9,200,False
268,8,13,"[0.4482276561007611, 0.5517723438992389]",80,0.5543948532349432,0.9970588302784271,44.35158825879545,79.76470642227417,2,0.9,200,False
269,9,13,"[0.4482276561007611, 0.5517723438992389]",80,0.5458853942266272,0.9998842996460162,43.67083153813017,79.9907439716813,2,0.9,200,False
270,10,13,"[0.4482276561007611, 0.5517723438992389]",80,0.5458853942266272,0.9998842996460162,43.67083153813017,79.9907439716813,2,0.9,200,False
271,11,13,"[0.4482276561007611, 0.5517723438992389]",80,0.5511609447417378,0.9976218655221689,44.09287557933903,79.80974924177352,2,0.9,200,False
272,12,13,"[0.4482276561007611, 0.5517723438992389]",80,0.5653655076374171,0.9929127499095207,45.229240610993365,79.43301999276166,2,0.9,200,False
273,13,13,"[0.4482276561007611, 0.5517723438992389]",80,0.5560709817209335,0.9949806435195339,44.48567853767468,79.5984514815627,2,0.9,200,False
274,14,13,"[0.4482276561007611, 0.5517723438992389]",80,0.5674346181030245,0.9912133510294152,45.394769448241966,79.29706808235322,2,0.9,200,False
275,15,13,"[0.4482276561007611, 0.5517723438992389]",80,0.5515539441267115,0.9980006534009569,44.124315530136926,79.84005227207655,2,0.9,200,False
276,16,13,"[0.4482276561007611, 0.5517723438992389]",80,0.5795700530919625,0.9882036342968725,46.365604247357005,79.0562907437498,2,0.9,200,False
277,17,13,"[0.4482276561007611, 0.5517723438992389]",80,0.5674346181030245,0.9912133510294152,45.394769448241966,79.29706808235322,2,0.9,200,False
278,18,13,"[0.4482276561007611, 0.5517723438992389]",80,0.5738882349101444,0.9900872805419316,45.91105879281155,79.20698244335453,2,0.9,200,False
279,19,13,"[0.4482276561007611, 0.5517723438992389]",80,0.5487130186747416,0.9989424765234866,43.89704149397933,79.91539812187892,2,0.9,200,False
280,0,14,"[0.4826537958390917, 0.5173462041609083]",80,0.5600899396811727,0.9951751840333678,44.80719517449381,79.61401472266942,2,0.9,200,False
281,1,14,"[0.4826537958390917, 0.5173462041609083]",80,0.5742944851357181,0.9904660684207196,45.94355881085745,79.23728547365756,2,0.9,200,False
282,2,14,"[0.4826537958390917, 0.5173462041609083]",80,0.5540018712553596,0.9966800423996393,44.320149700428765,79.73440339197114,2,0.9,200,False
283,3,14,"[0.4826537958390917, 0.5173462041609083]",80,0.5487130186747416,0.9989424765234866,43.89704149397933,79.91539812187892,2,0.9,200,False
284,4,14,"[0.4826537958390917, 0.5173462041609083]",80,0.5572357623258692,0.9961170071558975,44.57886098606954,79.6893605724718,2,0.9,200,False
285,5,14,"[0.4826537958390917, 0.5173462041609083]",80,0.5600766714167784,0.9951751840333678,44.80613371334228,79.61401472266942,2,0.9,200,False
286,6,14,"[0.4826537958390917, 0.5173462041609083]",80,0.5515672124084454,0.9980006534009569,44.12537699267563,79.84005227207655,2,0.9,200,False
287,7,14,"[0.4826537958390917, 0.5173462041609083]",80,0.5532300551741334,0.9959224666420635,44.25840441393067,79.67379733136508,2,0.9,200,False
288,8,14,"[0.4826537958390917, 0.5173462041609083]",80,0.5572357623258692,0.9961170071558975,44.57886098606954,79.6893605724718,2,0.9,200,False
289,9,14,"[0.4826537958390917, 0.5173462041609083]",80,0.5653655076374171,0.9929127499095207,45.229240610993365,79.43301999276166,2,0.9,200,False
290,10,14,"[0.4826537958390917, 0.5173462041609083]",80,0.5544081214993545,0.9970588302784271,44.35264971994836,79.76470642227417,2,0.9,200,False
291,11,14,"[0.4826537958390917, 0.5173462041609083]",80,0.5572357623258692,0.9961170071558975,44.57886098606954,79.6893605724718,2,0.9,200,False
292,12,14,"[0.4826537958390917, 0.5173462041609083]",80,0.5515539441267115,0.9980006534009569,44.124315530136926,79.84005227207655,2,0.9,200,False
293,13,14,"[0.4826537958390917, 0.5173462041609083]",80,0.5645937090121155,0.992155174151945,45.16749672096924,79.3724139321556,2,0.9,200,False
294,14,14,"[0.4826537958390917, 0.5173462041609083]",80,0.5515539441267115,0.9980006534009569,44.124315530136926,79.84005227207655,2,0.9,200,False
295,15,14,"[0.4826537958390917, 0.5173462041609083]",80,0.5600766714167784,0.9951751840333678,44.80613371334228,79.61401472266942,2,0.9,200,False
296,16,14,"[0.4826537958390917, 0.5173462041609083]",80,0.5596836894555989,0.99479639615458,44.77469515644791,79.5837116923664,2,0.9,200,False
297,17,14,"[0.4826537958390917, 0.5173462041609083]",80,0.5645937090121155,0.992155174151945,45.16749672096924,79.3724139321556,2,0.9,200,False
298,18,14,"[0.4826537958390917, 0.5173462041609083]",80,0.5645937090121155,0.992155174151945,45.16749672096924,79.3724139321556,2,0.9,200,False
299,19,14,"[0.4826537958390917, 0.5173462041609083]",80,0.5702755271939337,0.9902715279068856,45.6220421755147,79.22172223255085,2,0.9,200,False
300,0,15,"[0.5173234085245478, 0.4826765914754523]",80,0.5487263033175362,0.9989424765234866,43.8981042654029,79.91539812187892,2,0.9,200,False
301,1,15,"[0.5173234085245478, 0.4826765914754523]",80,0.5645937090121155,0.992155174151945,45.16749672096924,79.3724139321556,2,0.9,200,False
302,2,15,"[0.5173234085245478, 0.4826765914754523]",80,0.5515539441267115,0.9980006534009569,44.124315530136926,79.84005227207655,2,0.9,200,False
303,3,15,"[0.5173234085245478, 0.4826765914754523]",80,0.5600899396811727,0.9951751840333678,44.80719517449381,79.61401472266942,2,0.9,200,False
304,4,15,"[0.5173234085245478, 0.4826765914754523]",80,0.5511609447417378,0.9976218655221689,44.09287557933903,79.80974924177352,2,0.9,200,False
305,5,15,"[0.5173234085245478, 0.4826765914754523]",80,0.5617527999212064,0.9930969972744746,44.94022399369651,79.44775978195797,2,0.9,200,False
306,6,15,"[0.5173234085245478, 0.4826765914754523]",4,0.5714204503872016,0.6859148550724637,2.2856818015488063,2.743659420289855,2,0.9,200,False
307,7,15,"[0.5173234085245478, 0.4826765914754523]",80,0.5487130186747416,0.9989424765234866,43.89704149397933,79.91539812187892,2,0.9,200,False
308,8,15,"[0.5173234085245478, 0.4826765914754523]",80,0.5500054384429136,0.9964855018858053,44.00043507543309,79.71884015086442,2,0.9,200,False
309,9,15,"[0.5173234085245478, 0.4826765914754523]",80,0.5572357623258692,0.9961170071558975,44.57886098606954,79.6893605724718,2,0.9,200,False
310,10,15,"[0.5173234085245478, 0.4826765914754523]",80,0.5600899396811727,0.9951751840333678,44.80719517449381,79.61401472266942,2,0.9,200,False
311,11,15,"[0.5173234085245478, 0.4826765914754523]",80,0.5560709817209335,0.9949806435195339,44.48567853767468,79.5984514815627,2,0.9,200,False
312,12,15,"[0.5173234085245478, 0.4826765914754523]",80,0.5454875648119797,0.9995055117672283,43.63900518495837,79.96044094137827,2,0.9,200,False
313,13,15,"[0.5173234085245478, 0.4826765914754523]",80,0.5686126669539,0.9923497146657789,45.489013356312,79.38797717326231,2,0.9,200,False
314,14,15,"[0.5173234085245478, 0.4826765914754523]",80,0.5511609447417378,0.9976218655221689,44.09287557933903,79.80974924177352,2,0.9,200,False
315,15,15,"[0.5173234085245478, 0.4826765914754523]",80,0.5515672124084454,0.9980006534009569,44.12537699267563,79.84005227207655,2,0.9,200,False
316,16,15,"[0.5173234085245478, 0.4826765914754523]",80,0.5500054384429136,0.9964855018858053,44.00043507543309,79.71884015086442,2,0.9,200,False
317,17,15,"[0.5173234085245478, 0.4826765914754523]",80,0.5462367023174064,0.9926976230979265,43.69893618539251,79.41580984783413,2,0.9,200,False
318,18,15,"[0.5173234085245478, 0.4826765914754523]",80,0.5771353942266273,0.98952424529819,46.17083153813018,79.1619396238552,2,0.9,200,False
319,19,15,"[0.5173234085245478, 0.4826765914754523]",80,0.5629308487720819,0.9942333609108382,45.03446790176655,79.53866887286706,2,0.9,200,False
320,0,16,"[0.55164690284567, 0.4483530971543301]",4,0.5559848295081872,0.6707633399209486,2.2239393180327487,2.6830533596837944,2,0.9,200,False
321,1,16,"[0.55164690284567, 0.4483530971543301]",4,0.5559848295081872,0.6707633399209486,2.2239393180327487,2.6830533596837944,2,0.9,200,False
322,2,16,"[0.55164690284567, 0.4483530971543301]",5,0.572213052589151,0.7471184034078793,2.861065262945755,3.735592017039396,2,0.9,200,False
323,3,16,"[0.55164690284567, 0.4483530971543301]",80,0.5515672124084454,0.9980006534009569,44.12537699267563,79.84005227207655,2,0.9,200,False
324,4,16,"[0.55164690284567, 0.4483530971543301]",80,0.5685993986895057,0.9923497146657789,45.48795189516046,79.38797717326231,2,0.9,200,False
325,5,16,"[0.55164690284567, 0.4483530971543301]",80,0.5458853942266272,0.9998842996460162,43.67083153813017,79.9907439716813,2,0.9,200,False
326,6,16,"[0.55164690284567, 0.4483530971543301]",80,0.5617527999212064,0.9930969972744746,44.94022399369651,79.44775978195797,2,0.9,200,False
327,7,16,"[0.55164690284567, 0.4483530971543301]",80,0.5600766714167784,0.9951751840333678,44.80613371334228,79.61401472266942,2,0.9,200,False
328,8,16,"[0.55164690284567, 0.4483530971543301]",80,0.5543948532349432,0.9970588302784271,44.35158825879545,79.76470642227417,2,0.9,200,False
329,9,16,"[0.55164690284567, 0.4483530971543301]",80,0.5731164362848429,0.9893297047843559,45.84931490278743,79.14637638274847,2,0.9,200,False
330,10,16,"[0.55164690284567, 0.4483530971543301]",80,0.5742812168713239,0.9904660684207196,45.94249734970592,79.23728547365756,2,0.9,200,False
331,11,16,"[0.55164690284567, 0.4483530971543301]",80,0.5710473258192353,0.9910291036644614,45.683786065538825,79.28232829315691,2,0.9,200,False
332,12,16,"[0.55164690284567, 0.4483530971543301]",80,0.5771353942266273,0.98952424529819,46.17083153813018,79.1619396238552,2,0.9,200,False
333,13,16,"[0.55164690284567, 0.4483530971543301]",80,0.5629175805076876,0.9942333609108382,45.033406440615,79.53866887286706,2,0.9,200,False
334,14,16,"[0.55164690284567, 0.4483530971543301]",80,0.5511609447417378,0.9976218655221689,44.09287557933903,79.80974924177352,2,0.9,200,False
335,15,16,"[0.55164690284567, 0.4483530971543301]",80,0.5873209817393883,0.9846205891717077,46.98567853915106,78.76964713373661,2,0.9,200,False
336,16,16,"[0.55164690284567, 0.4483530971543301]",80,0.5600766714167784,0.9951751840333678,44.80613371334228,79.61401472266942,2,0.9,200,False
337,17,16,"[0.55164690284567, 0.4483530971543301]",80,0.5544081214993545,0.9970588302784271,44.35264971994836,79.76470642227417,2,0.9,200,False
338,18,16,"[0.55164690284567, 0.4483530971543301]",80,0.5515539441267115,0.9980006534009569,44.124315530136926,79.84005227207655,2,0.9,200,False
339,19,16,"[0.55164690284567, 0.4483530971543301]",80,0.5617527999212064,0.9930969972744746,44.94022399369651,79.44775978195797,2,0.9,200,False
340,0,17,"[0.5864406641913426, 0.41355933580865745]",80,0.5560291657475429,0.9940913336059498,44.48233325980343,79.52730668847599,2,0.9,200,False
341,1,17,"[0.5864406641913426, 0.41355933580865745]",80,0.5600766714167784,0.9951751840333678,44.80613371334228,79.61401472266942,2,0.9,200,False
342,2,17,"[0.5864406641913426, 0.41355933580865745]",80,0.5617527999212064,0.9930969972744746,44.94022399369651,79.44775978195797,2,0.9,200,False
343,3,17,"[0.5864406641913426, 0.41355933580865745]",80,0.5674346181030245,0.9912133510294152,45.394769448241966,79.29706808235322,2,0.9,200,False
344,4,17,"[0.5864406641913426, 0.41355933580865745]",80,0.5532300551741334,0.9959224666420635,44.25840441393067,79.67379733136508,2,0.9,200,False
345,5,17,"[0.5864406641913426, 0.41355933580865745]",80,0.5600899396811727,0.9951751840333678,44.80719517449381,79.61401472266942,2,0.9,200,False
346,6,17,"[0.5864406641913426, 0.41355933580865745]",80,0.5560709817209335,0.9949806435195339,44.48567853767468,79.5984514815627,2,0.9,200,False
347,7,17,"[0.5864406641913426, 0.41355933580865745]",80,0.5589118908302791,0.9940388203970043,44.71295126642233,79.52310563176034,2,0.9,200,False
348,8,17,"[0.5864406641913426, 0.41355933580865745]",80,0.5625245985465079,0.9938545730320504,45.00196788372064,79.50836584256403,2,0.9,200,False
349,9,17,"[0.5864406641913426, 0.41355933580865745]",80,0.5560709817209335,0.9949806435195339,44.48567853767468,79.5984514815627,2,0.9,200,False
350,10,17,"[0.5864406641913426, 0.41355933580865745]",80,0.5540018712553596,0.9966800423996393,44.320149700428765,79.73440339197114,2,0.9,200,False
351,11,17,"[0.5864406641913426, 0.41355933580865745]",80,0.5714535760448091,0.9914078915432493,45.71628608358473,79.31263132345994,2,0.9,200,False
352,12,17,"[0.5864406641913426, 0.41355933580865745]",80,0.5674346181030245,0.9912133510294152,45.394769448241966,79.29706808235322,2,0.9,200,False
353,13,17,"[0.5864406641913426, 0.41355933580865745]",4,0.5559848295081872,0.6707633399209486,2.2239393180327487,2.6830533596837944,2,0.9,200,False
354,14,17,"[0.5864406641913426, 0.41355933580865745]",80,0.5625245985465079,0.9938545730320504,45.00196788372064,79.50836584256403,2,0.9,200,False
355,15,17,"[0.5864406641913426, 0.41355933580865745]",80,0.5714535760448091,0.9914078915432493,45.71628608358473,79.31263132345994,2,0.9,200,False
356,16,17,"[0.5864406641913426, 0.41355933580865745]",80,0.5532300551741334,0.9959224666420635,44.25840441393067,79.67379733136508,2,0.9,200,False
357,17,17,"[0.5864406641913426, 0.41355933580865745]",4,0.5795454545454545,0.6934906126482212,2.318181818181818,2.773962450592885,2,0.9,200,False
358,18,17,"[0.5864406641913426, 0.41355933580865745]",80,0.5702755271939337,0.9902715279068856,45.6220421755147,79.22172223255085,2,0.9,200,False
359,19,17,"[0.5864406641913426, 0.41355933580865745]",80,0.5913266714167784,0.9848151296855419,47.30613371334228,78.78521037484334,2,0.9,200,False
360,0,18,"[0.6206618371176875, 0.3793381628823124]",80,0.5572357623258692,0.9961170071558975,44.57886098606954,79.6893605724718,2,0.9,200,False
361,1,18,"[0.6206618371176875, 0.3793381628823124]",80,0.5685993986895057,0.9923497146657789,45.48795189516046,79.38797717326231,2,0.9,200,False
362,2,18,"[0.6206618371176875, 0.3793381628823124]",80,0.5572357623258692,0.9961170071558975,44.57886098606954,79.6893605724718,2,0.9,200,False
363,3,18,"[0.6206618371176875, 0.3793381628823124]",80,0.5799763033175364,0.9885824221756604,46.39810426540291,79.08659377405283,2,0.9,200,False
364,4,18,"[0.6206618371176875, 0.3793381628823124]",80,0.5657717578629909,0.9932915377883086,45.261740629039274,79.46332302306469,2,0.9,200,False
365,5,18,"[0.6206618371176875, 0.3793381628823124]",80,0.5795700530919625,0.9882036342968725,46.365604247357005,79.0562907437498,2,0.9,200,False
366,6,18,"[0.6206618371176875, 0.3793381628823124]",80,0.5686126669539,0.9923497146657789,45.489013356312,79.38797717326231,2,0.9,200,False
367,7,18,"[0.6206618371176875, 0.3793381628823124]",80,0.5596836894555989,0.99479639615458,44.77469515644791,79.5837116923664,2,0.9,200,False
368,8,18,"[0.6206618371176875, 0.3793381628823124]",8,0.6761363636363635,0.8090723814229247,5.409090909090908,6.472579051383398,2,0.9,200,False
369,9,18,"[0.6206618371176875, 0.3793381628823124]",80,0.5560709817209335,0.9949806435195339,44.48567853767468,79.5984514815627,2,0.9,200,False
370,10,18,"[0.6206618371176875, 0.3793381628823124]",8,0.6720738613806255,0.8052845026350459,5.376590891045004,6.442276021080367,2,0.9,200,False
371,11,18,"[0.6206618371176875, 0.3793381628823124]",13,0.7107867118985668,0.8511959055437315,9.240227254681368,11.06554677206851,2,0.9,200,False
372,12,18,"[0.6206618371176875, 0.3793381628823124]",80,0.5617527999212064,0.9930969972744746,44.94022399369651,79.44775978195797,2,0.9,200,False
373,13,18,"[0.6206618371176875, 0.3793381628823124]",80,0.5714403077804149,0.9914078915432493,45.71522462243319,79.31263132345994,2,0.9,200,False
374,14,18,"[0.6206618371176875, 0.3793381628823124]",80,0.5710473258192353,0.9910291036644614,45.683786065538825,79.28232829315691,2,0.9,200,False
375,15,18,"[0.6206618371176875, 0.3793381628823124]",80,0.6026903077804148,0.9810478371954232,48.21522462243318,78.48382697563386,2,0.9,200,False
376,16,18,"[0.6206618371176875, 0.3793381628823124]",80,0.5511609447417378,0.9976218655221689,44.09287557933903,79.80974924177352,2,0.9,200,False
377,17,18,"[0.6206618371176875, 0.3793381628823124]",80,0.5532300551741334,0.9959224666420635,44.25840441393067,79.67379733136508,2,0.9,200,False
378,18,18,"[0.6206618371176875, 0.3793381628823124]",80,0.5731164362848429,0.9893297047843559,45.84931490278743,79.14637638274847,2,0.9,200,False
379,19,18,"[0.6206618371176875, 0.3793381628823124]",80,0.5759573453757519,0.9883878816618263,46.07658763006015,79.07103053294611,2,0.9,200,False
380,0,19,"[0.6553467194678593, 0.3446532805321408]",13,0.6980247694708316,0.8587021729941118,9.07432200312081,11.163128248923453,2,0.9,200,False
381,1,19,"[0.6553467194678593, 0.3446532805321408]",80,0.5880927803646898,0.9853781649292834,47.047422429175185,78.83025319434267,2,0.9,200,False
382,2,19,"[0.6553467194678593, 0.3446532805321408]",80,0.5568427803646716,0.9957382192771096,44.54742242917373,79.65905754216877,2,0.9,200,False
383,3,19,"[0.6553467194678593, 0.3446532805321408]",80,0.6051382349101443,0.9797272261941057,48.411058792811545,78.37817809552845,2,0.9,200,False
384,4,19,"[0.6553467194678593, 0.3446532805321408]",80,0.5856581214993546,0.986698775930601,46.85264971994837,78.93590207444808,2,0.9,200,False
385,5,19,"[0.6553467194678593, 0.3446532805321408]",80,0.5657717578629909,0.9932915377883086,45.261740629039274,79.46332302306469,2,0.9,200,False
386,6,19,"[0.6553467194678593, 0.3446532805321408]",80,0.5657584895985966,0.9932915377883086,45.26067916788773,79.46332302306469,2,0.9,200,False
387,7,19,"[0.6553467194678593, 0.3446532805321408]",80,0.5629175805076876,0.9942333609108382,45.033406440615,79.53866887286706,2,0.9,200,False
388,8,19,"[0.6553467194678593, 0.3446532805321408]",80,0.5714403077804149,0.9914078915432493,45.71522462243319,79.31263132345994,2,0.9,200,False
389,9,19,"[0.6553467194678593, 0.3446532805321408]",80,0.5686126669539,0.9923497146657789,45.489013356312,79.38797717326231,2,0.9,200,False
390,10,19,"[0.6553467194678593, 0.3446532805321408]",4,0.5559848295081872,0.6707633399209486,2.2239393180327487,2.6830533596837944,2,0.9,200,False
391,11,19,"[0.6553467194678593, 0.3446532805321408]",80,0.5645937090121155,0.992155174151945,45.16749672096924,79.3724139321556,2,0.9,200,False
392,12,19,"[0.6553467194678593, 0.3446532805321408]",80,0.5544081214993545,0.9970588302784271,44.35264971994836,79.76470642227417,2,0.9,200,False
393,13,19,"[0.6553467194678593, 0.3446532805321408]",80,0.5568427803646716,0.9957382192771096,44.54742242917373,79.65905754216877,2,0.9,200,False
394,14,19,"[0.6553467194678593, 0.3446532805321408]",80,0.5771353942266273,0.98952424529819,46.17083153813018,79.1619396238552,2,0.9,200,False
395,15,19,"[0.6553467194678593, 0.3446532805321408]",4,0.5714204503872016,0.6859148550724637,2.2856818015488063,2.743659420289855,2,0.9,200,False
396,16,19,"[0.6553467194678593, 0.3446532805321408]",80,0.5657584895985966,0.9932915377883086,45.26067916788773,79.46332302306469,2,0.9,200,False
397,17,19,"[0.6553467194678593, 0.3446532805321408]",4,0.5559848295081872,0.6707633399209486,2.2239393180327487,2.6830533596837944,2,0.9,200,False
398,18,19,"[0.6553467194678593, 0.3446532805321408]",80,0.6136609621828709,0.9755141827672347,49.092876974629675,78.04113462137877,2,0.9,200,False
399,19,19,"[0.6553467194678593, 0.3446532805321408]",80,0.5937745985465079,0.9834945186842242,47.50196788372064,78.67956149473794,2,0.9,200,False
400,0,20,"[0.6897355810747324, 0.3102644189252675]",80,0.5767291440010535,0.9891454574194022,46.13833152008428,79.13163659355217,2,0.9,200,False
401,1,20,"[0.6897355810747324, 0.3102644189252675]",80,0.5816391635575701,0.986504235416767,46.53113308460561,78.92033883334136,2,0.9,200,False
402,2,20,"[0.6897355810747324, 0.3102644189252675]",80,0.5710473258192353,0.9910291036644614,45.683786065538825,79.28232829315691,2,0.9,200,False
403,3,20,"[0.6897355810747324, 0.3102644189252675]",80,0.5852518712737808,0.9863199880518131,46.82014970190246,78.90559904414505,2,0.9,200,False
404,4,20,"[0.6897355810747324, 0.3102644189252675]",80,0.5909092204776655,0.9835437532940808,47.272737638213236,78.68350026352647,2,0.9,200,False
405,5,20,"[0.6897355810747324, 0.3102644189252675]",80,0.60513821746901,0.9783396521348235,48.4110573975208,78.26717217078588,2,0.9,200,False
406,6,20,"[0.6897355810747324, 0.3102644189252675]",8,0.6720738613806255,0.8052845026350459,5.376590891045004,6.442276021080367,2,0.9,200,False
407,7,20,"[0.6897355810747324, 0.3102644189252675]",80,0.614053944144051,0.9772805447053047,49.12431553152408,78.18244357642438,2,0.9,200,False
408,8,20,"[0.6897355810747324, 0.3102644189252675]",4,0.5792800892578954,0.6934906126482212,2.3171203570315817,2.773962450592885,2,0.9,200,False
409,9,20,"[0.6897355810747324, 0.3102644189252675]",80,0.5702755271939337,0.9902715279068856,45.6220421755147,79.22172223255085,2,0.9,200,False
410,10,20,"[0.6897355810747324, 0.3102644189252675]",80,0.5629175805076876,0.9942333609108382,45.033406440615,79.53866887286706,2,0.9,200,False
411,11,20,"[0.6897355810747324, 0.3102644189252675]",4,0.5792800892578954,0.6934906126482212,2.3171203570315817,2.773962450592885,2,0.9,200,False
412,12,20,"[0.6897355810747324, 0.3102644189252675]",80,0.5880927803646894,0.9839905908727816,47.04742242917515,78.71924726982253,2,0.9,200,False
413,13,20,"[0.6897355810747324, 0.3102644189252675]",80,0.5742812168713239,0.9904660684207196,45.94249734970592,79.23728547365756,2,0.9,200,False
414,14,20,"[0.6897355810747324, 0.3102644189252675]",80,0.577122125962233,0.98952424529819,46.169770076978644,79.1619396238552,2,0.9,200,False
415,15,20,"[0.6897355810747324, 0.3102644189252675]",80,0.5568427803646716,0.9957382192771096,44.54742242917373,79.65905754216877,2,0.9,200,False
416,16,20,"[0.6897355810747324, 0.3102644189252675]",80,0.5674346181030245,0.9912133510294152,45.394769448241966,79.29706808235322,2,0.9,200,False
417,17,20,"[0.6897355810747324, 0.3102644189252675]",80,0.5532300551741334,0.9959224666420635,44.25840441393067,79.67379733136508,2,0.9,200,False
418,18,20,"[0.6897355810747324, 0.3102644189252675]",80,0.6079791439826319,0.9773978290122937,48.63833151861055,78.1918263209835,2,0.9,200,False
419,19,20,"[0.6897355810747324, 0.3102644189252675]",80,0.5458853942266272,0.9998842996460162,43.67083153813017,79.9907439716813,2,0.9,200,False
420,0,21,"[0.7243416121295858, 0.2756583878704143]",80,0.6424763033175361,0.9678623134800084,51.39810426540289,77.42898507840067,2,0.9,200,False
421,1,21,"[0.7243416121295858, 0.2756583878704143]",80,0.6140104751215885,0.9759078284594231,49.12083800972707,78.07262627675385,2,0.9,200,False
422,2,21,"[0.7243416121295858, 0.2756583878704143]",80,0.5629308487720819,0.9942333609108382,45.03446790176655,79.53866887286706,2,0.9,200,False
423,3,21,"[0.7243416121295858, 0.2756583878704143]",80,0.6391912771901346,0.967532262897239,51.13530217521077,77.40258103177912,2,0.9,200,False
424,4,21,"[0.7243416121295858, 0.2756583878704143]",10,0.6860301546475422,0.8230978260869563,6.860301546475422,8.230978260869563,2,0.9,200,False
425,5,21,"[0.7243416121295858, 0.2756583878704143]",80,0.6072073453757331,0.976640253254718,48.57658763005865,78.13122026037745,2,0.9,200,False
426,6,21,"[0.7243416121295858, 0.2756583878704143]",80,0.5998626669538996,0.9806020862586713,47.989013356311965,78.4481669006937,2,0.9,200,False
427,7,21,"[0.7243416121295858, 0.2756583878704143]",80,0.5909336894555989,0.9844363418067539,47.27469515644791,78.75490734454031,2,0.9,200,False
428,8,21,"[0.7243416121295858, 0.2756583878704143]",4,0.5559848295081872,0.6707633399209486,2.2239393180327487,2.6830533596837944,2,0.9,200,False
429,9,21,"[0.7243416121295858, 0.2756583878704143]",80,0.5873209817393883,0.9846205891717077,46.98567853915106,78.76964713373661,2,0.9,200,False
430,10,21,"[0.7243416121295858, 0.2756583878704143]",80,0.5596836894555989,0.99479639615458,44.77469515644791,79.5837116923664,2,0.9,200,False
431,11,21,"[0.7243416121295858, 0.2756583878704143]",80,0.5625245985465079,0.9938545730320504,45.00196788372064,79.50836584256403,2,0.9,200,False
432,12,21,"[0.7243416121295858, 0.2756583878704143]",80,0.5645937090121155,0.992155174151945,45.16749672096924,79.3724139321556,2,0.9,200,False
433,13,21,"[0.7243416121295858, 0.2756583878704143]",80,0.5909090912049819,0.9835432571159636,47.27272729639856,78.68346056927709,2,0.9,200,False
434,14,21,"[0.7243416121295858, 0.2756583878704143]",80,0.590161873355951,0.9822911919899022,47.21294986847608,78.58329535919218,2,0.9,200,False
435,15,21,"[0.7243416121295858, 0.2756583878704143]",80,0.5759573453757519,0.9883878816618263,46.07658763006015,79.07103053294611,2,0.9,200,False
436,16,21,"[0.7243416121295858, 0.2756583878704143]",8,0.6643558751276096,0.7977087450592883,5.314847001020877,6.381669960474307,2,0.9,200,False
437,17,21,"[0.7243416121295858, 0.2756583878704143]",20,0.7340378360333323,0.878421442687747,14.680756720666645,17.56842885375494,2,0.9,200,False
438,18,21,"[0.7243416121295858, 0.2756583878704143]",5,0.5993330368509037,0.7215415019762845,2.9966651842545184,3.607707509881423,2,0.9,200,False
439,19,21,"[0.7243416121295858, 0.2756583878704143]",80,0.661184618103024,0.9587456139270211,52.89476944824192,76.69964911416169,2,0.9,200,False
440,0,22,"[0.7588142497591365, 0.24118575024086358]",80,0.5714535760448091,0.9914078915432493,45.71628608358473,79.31263132345994,2,0.9,200,False
441,1,22,"[0.7588142497591365, 0.24118575024086358]",80,0.6022973258192347,0.9792814752573534,48.183786065538776,78.34251802058827,2,0.9,200,False
442,2,22,"[0.7588142497591365, 0.24118575024086358]",80,0.5645937090121155,0.992155174151945,45.16749672096924,79.3724139321556,2,0.9,200,False
443,3,22,"[0.7588142497591365, 0.24118575024086358]",80,0.5799630350531422,0.9885824221756604,46.39704280425137,79.08659377405283,2,0.9,200,False
444,4,22,"[0.7588142497591365, 0.24118575024086358]",80,0.5487130186747416,0.9989424765234866,43.89704149397933,79.91539812187892,2,0.9,200,False
445,5,22,"[0.7588142497591365, 0.24118575024086358]",80,0.5913266714167784,0.9848151296855419,47.30613371334228,78.78521037484334,2,0.9,200,False
446,6,22,"[0.7588142497591365, 0.24118575024086358]",80,0.5714403077804149,0.9914078915432493,45.71522462243319,79.31263132345994,2,0.9,200,False
447,7,22,"[0.7588142497591365, 0.24118575024086358]",80,0.5759573453757519,0.9883878816618263,46.07658763006015,79.07103053294611,2,0.9,200,False
448,8,22,"[0.7588142497591365, 0.24118575024086358]",80,0.60961740569458,0.9758141304861727,48.769392455566404,78.06513043889382,2,0.9,200,False
449,9,22,"[0.7588142497591365, 0.24118575024086358]",80,0.5657584895985966,0.9932915377883086,45.26067916788773,79.46332302306469,2,0.9,200,False
450,10,22,"[0.7588142497591365, 0.24118575024086358]",80,0.5844800726484787,0.9841748394524282,46.75840581187829,78.73398715619426,2,0.9,200,False
451,11,22,"[0.7588142497591365, 0.24118575024086358]",80,0.5532300551741334,0.9959224666420635,44.25840441393067,79.67379733136508,2,0.9,200,False
452,12,22,"[0.7588142497591365, 0.24118575024086358]",80,0.5998493986895052,0.9806020862586771,47.987951895160414,78.44816690069416,2,0.9,200,False
453,13,22,"[0.7588142497591365, 0.24118575024086358]",80,0.5970084895985966,0.9829314834404824,47.76067916788773,78.6345186752386,2,0.9,200,False
454,14,22,"[0.7588142497591365, 0.24118575024086358]",80,0.6700482952289721,0.956793420670625,53.603863618317774,76.54347365365,2,0.9,200,False
455,15,22,"[0.7588142497591365, 0.24118575024086358]",4,0.5792800892578954,0.6934906126482212,2.3171203570315817,2.773962450592885,2,0.9,200,False
456,16,22,"[0.7588142497591365, 0.24118575024086358]",80,0.6022801988495983,0.9798046027217839,48.18241590796786,78.38436821774272,2,0.9,200,False
457,17,22,"[0.7588142497591365, 0.24118575024086358]",80,0.5897781657156405,0.981912404111109,47.18225325725123,78.55299232888872,2,0.9,200,False
458,18,22,"[0.7588142497591365, 0.24118575024086358]",80,0.5589118908302791,0.9940388203970043,44.71295126642233,79.52310563176034,2,0.9,200,False
459,19,22,"[0.7588142497591365, 0.24118575024086358]",80,0.5596836894555989,0.99479639615458,44.77469515644791,79.5837116923664,2,0.9,200,False
460,0,23,"[0.7932974561817706, 0.20670254381822945]",80,0.577122125962233,0.98952424529819,46.169770076978644,79.1619396238552,2,0.9,200,False
461,1,23,"[0.7932974561817706, 0.20670254381822945]",80,0.5714535760448091,0.9914078915432493,45.71628608358473,79.31263132345994,2,0.9,200,False
462,2,23,"[0.7932974561817706, 0.20670254381822945]",80,0.6270937090121154,0.971435065456293,50.167496720969226,77.71480523650344,2,0.9,200,False
463,3,23,"[0.7932974561817706, 0.20670254381822945]",80,0.6891628602400341,0.9494430830553418,55.13302881920273,75.95544664442734,2,0.9,200,False
464,4,23,"[0.7932974561817706, 0.20670254381822945]",80,0.6412982544666606,0.9582590044309279,51.303860357332844,76.66072035447424,2,0.9,200,False
465,5,23,"[0.7932974561817706, 0.20670254381822945]",80,0.5702755271939337,0.9902715279068856,45.6220421755147,79.22172223255085,2,0.9,200,False
466,6,23,"[0.7932974561817706, 0.20670254381822945]",80,0.6043664362848422,0.977582076377254,48.34931490278738,78.20656611018032,2,0.9,200,False
467,7,23,"[0.7932974561817706, 0.20670254381822945]",80,0.6055312168539837,0.9787184400136114,48.442497348318696,78.29747520108891,2,0.9,200,False
468,8,23,"[0.7932974561817706, 0.20670254381822945]",3,0.4841166240430941,0.586133069828722,1.4523498721292822,1.758399209486166,2,0.9,200,False
469,9,23,"[0.7932974561817706, 0.20670254381822945]",80,0.5884990305902635,0.9857569528080713,47.07992244722109,78.8605562246457,2,0.9,200,False
470,10,23,"[0.7932974561817706, 0.20670254381822945]",80,0.5998626669538998,0.9753755068650193,47.98901335631198,78.03004054920154,2,0.9,200,False
471,11,23,"[0.7932974561817706, 0.20670254381822945]",80,0.6221836894555983,0.9726887133996456,49.77469515644787,77.81509707197165,2,0.9,200,False
472,12,23,"[0.7932974561817706, 0.20670254381822945]",80,0.5799630350531422,0.9885824221756604,46.39704280425137,79.08659377405283,2,0.9,200,False
473,13,23,"[0.7932974561817706, 0.20670254381822945]",16,0.7244318181818182,0.8668632658102767,11.590909090909092,13.869812252964428,2,0.9,200,False
474,14,23,"[0.7932974561817706, 0.20670254381822945]",80,0.5742812168713239,0.9904660684207196,45.94249734970592,79.23728547365756,2,0.9,200,False
475,15,23,"[0.7932974561817706, 0.20670254381822945]",46,0.6105994407348306,0.9476641606025623,28.08757427380221,43.59255138771787,2,0.9,200,False
476,16,23,"[0.7932974561817706, 0.20670254381822945]",80,0.6083721256663543,0.9777766871736953,48.66977005330835,78.22213497389562,2,0.9,200,False
477,17,23,"[0.7932974561817706, 0.20670254381822945]",9,0.6763971415275721,0.8118137900746594,6.0875742737481495,7.306324110671935,2,0.9,200,False
478,18,23,"[0.7932974561817706, 0.20670254381822945]",80,0.5677830395331154,0.9907276923133519,45.42264316264923,79.25821538506816,2,0.9,200,False
479,19,23,"[0.7932974561817706, 0.20670254381822945]",80,0.5589118908302791,0.9940388203970043,44.71295126642233,79.52310563176034,2,0.9,200,False
480,0,24,"[0.827780913336682, 0.17221908666331803]",4,0.5792800892578954,0.6934906126482212,2.3171203570315817,2.773962450592885,2,0.9,200,False
481,1,24,"[0.827780913336682, 0.17221908666331803]",80,0.5873209642650419,0.983233015112474,46.985677141203354,78.65864120899792,2,0.9,200,False
482,2,24,"[0.827780913336682, 0.17221908666331803]",8,0.6761363636363635,0.8090723814229247,5.409090909090908,6.472579051383398,2,0.9,200,False
483,3,24,"[0.827780913336682, 0.17221908666331803]",80,0.6197357623258692,0.9697006226988198,49.57886098606954,77.57604981590559,2,0.9,200,False
484,4,24,"[0.827780913336682, 0.17221908666331803]",17,0.7253609615053213,0.8684801984034721,12.331136345590462,14.764163372859025,2,0.9,200,False
485,5,24,"[0.827780913336682, 0.17221908666331803]",80,0.6274913939442416,0.9683911782754825,50.19931151553933,77.4712942620386,2,0.9,200,False
486,6,24,"[0.827780913336682, 0.17221908666331803]",80,0.62257665435425,0.9730675057295327,49.80613234834,77.84540045836262,2,0.9,200,False
487,7,24,"[0.827780913336682, 0.17221908666331803]",80,0.587320981720933,0.9832330151127918,46.985678537674644,78.65864120902334,2,0.9,200,False
488,8,24,"[0.827780913336682, 0.17221908666331803]",80,0.6579128602407097,0.9570280688183909,52.63302881925678,76.56224550547127,2,0.9,200,False
489,9,24,"[0.827780913336682, 0.17221908666331803]",80,0.5844800726484791,0.9855624122942374,46.75840581187833,78.84499298353899,2,0.9,200,False
490,10,24,"[0.827780913336682, 0.17221908666331803]",80,0.5742944851357178,0.9891091969262462,45.943558810857425,79.1287357540997,2,0.9,200,False
491,11,24,"[0.827780913336682, 0.17221908666331803]",80,0.5799630350531422,0.9885824221756604,46.39704280425137,79.08659377405283,2,0.9,200,False
492,12,24,"[0.827780913336682, 0.17221908666331803]",17,0.7272727272727274,0.8702627295977681,12.363636363636365,14.794466403162057,2,0.9,200,False
493,13,24,"[0.827780913336682, 0.17221908666331803]",9,0.6763971415275721,0.8118137900746594,6.0875742737481495,7.306324110671935,2,0.9,200,False
494,14,24,"[0.827780913336682, 0.17221908666331803]",70,0.5988863634230971,0.9632445701524872,41.922045439616795,67.42711991067411,2,0.9,200,False
495,15,24,"[0.827780913336682, 0.17221908666331803]",80,0.5828039441440512,0.9876405990531307,46.6243155315241,79.01124792425045,2,0.9,200,False
496,16,24,"[0.827780913336682, 0.17221908666331803]",80,0.6197490305902632,0.9740093244023367,49.57992244722106,77.92074595218693,2,0.9,200,False
497,17,24,"[0.827780913336682, 0.17221908666331803]",80,0.7159090909090913,0.9421030385889386,57.2727272727273,75.36824308711509,2,0.9,200,False
498,18,24,"[0.827780913336682, 0.17221908666331803]",80,0.6481506499224843,0.9645930432661958,51.85205199379874,77.16744346129566,2,0.9,200,False
499,19,24,"[0.827780913336682, 0.17221908666331803]",80,0.5500054384429136,0.9964855018858053,44.00043507543309,79.71884015086442,2,0.9,200,False
500,0,25,"[0.8622912552798879, 0.1377087447201122]",80,0.5994563844715035,0.9755949935617529,47.95651075772028,78.04759948494024,2,0.9,200,False
501,1,25,"[0.8622912552798879, 0.1377087447201122]",80,0.5970217578629903,0.9801644308880384,47.761740629039224,78.41315447104307,2,0.9,200,False
502,2,25,"[0.8622912552798879, 0.1377087447201122]",37,0.6045452427455057,0.9430010939666126,22.36817398158371,34.891040476764665,2,0.9,200,False
503,3,25,"[0.8622912552798879, 0.1377087447201122]",53,0.6074487109314711,0.9522046381870831,32.19478167936797,50.466845823915406,2,0.9,200,False
504,4,25,"[0.8622912552798879, 0.1377087447201122]",80,0.5901618908302969,0.9822911920110087,47.21295126642375,78.5832953608807,2,0.9,200,False
505,5,25,"[0.8622912552798879, 0.1377087447201122]",80,0.5799630350531415,0.9871948493338512,46.39704280425132,78.97558794670809,2,0.9,200,False
506,6,25,"[0.8622912552798879, 0.1377087447201122]",80,0.5600766714167784,0.9951751840333678,44.80613371334228,79.61401472266942,2,0.9,200,False
507,7,25,"[0.8622912552798879, 0.1377087447201122]",80,0.5965909090909097,0.981659609735184,47.727272727272776,78.53276877881471,2,0.9,200,False
508,8,25,"[0.8622912552798879, 0.1377087447201122]",13,0.7132050624289025,0.853526907874734,9.271665811575732,11.095849802371541,2,0.9,200,False
509,9,25,"[0.8622912552798879, 0.1377087447201122]",80,0.5742944851357181,0.9904660684207196,45.94355881085745,79.23728547365756,2,0.9,200,False
510,10,25,"[0.8622912552798879, 0.1377087447201122]",29,0.7460449025935209,0.8927695243287449,21.635302175212104,25.8903162055336,2,0.9,200,False
511,11,25,"[0.8622912552798879, 0.1377087447201122]",80,0.5625245985465079,0.9938545730320504,45.00196788372064,79.50836584256403,2,0.9,200,False
512,12,25,"[0.8622912552798879, 0.1377087447201122]",80,0.690327640826515,0.946783317113946,55.2262112661212,75.74266536911568,2,0.9,200,False
513,13,25,"[0.8622912552798879, 0.1377087447201122]",4,0.5714204503872016,0.6859148550724637,2.2856818015488063,2.743659420289855,2,0.9,200,False
514,14,25,"[0.8622912552798879, 0.1377087447201122]",79,0.6877359031087401,0.9301895023356955,54.33113634559047,73.48497068451995,2,0.9,200,False
515,15,25,"[0.8622912552798879, 0.1377087447201122]",80,0.6737253194061787,0.9494987619748201,53.898025552494296,75.95990095798561,2,0.9,200,False
516,16,25,"[0.8622912552798879, 0.1377087447201122]",16,0.7224005670539493,0.8649693264163373,11.558409072863189,13.839509222661396,2,0.9,200,False
517,17,25,"[0.8622912552798879, 0.1377087447201122]",80,0.6112130350531417,0.9716082777734437,48.897042804251335,77.7286622218755,2,0.9,200,False
518,18,25,"[0.8622912552798879, 0.1377087447201122]",53,0.5988736975016978,0.9571472711500553,31.740305967589986,50.72880537095293,2,0.9,200,False
519,19,25,"[0.8622912552798879, 0.1377087447201122]",80,0.625360843220829,0.9721405359692566,50.028867457666315,77.77124287754053,2,0.9,200,False
520,0,26,"[0.8968097279960514, 0.10319027200394856]",80,0.6165010168971615,0.9711020767699807,49.32008135177292,77.68816614159846,2,0.9,200,False
521,1,26,"[0.8968097279960514, 0.10319027200394856]",35,0.8006840335489689,0.8664775553309906,28.02394117421391,30.32671443658467,2,0.9,200,False
522,2,26,"[0.8968097279960514, 0.10319027200394856]",9,0.8596887428545175,0.7142678762510885,7.737198685690657,6.428410886259796,2,0.9,200,False
523,3,26,"[0.8968097279960514, 0.10319027200394856]",34,0.6220387284847798,0.9354073278742581,21.149316768482514,31.803849147724776,2,0.9,200,False
524,4,26,"[0.8968097279960514, 0.10319027200394856]",80,0.6079422611015092,0.9765085893041376,48.635380888120736,78.12068714433101,2,0.9,200,False
525,5,26,"[0.8968097279960514, 0.10319027200394856]",9,0.6763971415275721,0.8118137900746594,6.0875742737481495,7.306324110671935,2,0.9,200,False
526,6,26,"[0.8968097279960514, 0.10319027200394856]",34,0.7432842931664085,0.8967022755456211,25.271665967657892,30.487877368551118,2,0.9,200,False
527,7,26,"[0.8968097279960514, 0.10319027200394856]",69,0.5836627140982806,0.9686109011337928,40.27272727278137,66.8341521782317,2,0.9,200,False
528,8,26,"[0.8968097279960514, 0.10319027200394856]",4,0.5559848295081872,0.6707633399209486,2.2239393180327487,2.6830533596837944,2,0.9,200,False
529,9,26,"[0.8968097279960514, 0.10319027200394856]",27,0.643058713513043,0.9156743409420399,17.36258526485216,24.723207205435077,2,0.9,200,False
530,10,26,"[0.8968097279960514, 0.10319027200394856]",80,0.5657584895985966,0.9932915377883086,45.26067916788773,79.46332302306469,2,0.9,200,False
531,11,26,"[0.8968097279960514, 0.10319027200394856]",80,0.6306760214942824,0.965404161214486,50.454081719542586,77.23233289715888,2,0.9,200,False
532,12,26,"[0.8968097279960514, 0.10319027200394856]",16,0.7224005670539493,0.8649693264163373,11.558409072863189,13.839509222661396,2,0.9,200,False
533,13,26,"[0.8968097279960514, 0.10319027200394856]",21,0.7314429307845443,0.8762939958592133,15.360301546475428,18.40217391304348,2,0.9,200,False
534,14,26,"[0.8968097279960514, 0.10319027200394856]",4,0.5559848295081872,0.6707633399209486,2.2239393180327487,2.6830533596837944,2,0.9,200,False
535,15,26,"[0.8968097279960514, 0.10319027200394856]",12,0.6302455575674667,0.8623727102357693,7.5629466908096,10.348472522829232,2,0.9,200,False
536,16,26,"[0.8968097279960514, 0.10319027200394856]",55,0.6247327558208486,0.9480086614464323,34.360301570146675,52.140476379553775,2,0.9,200,False
537,17,26,"[0.8968097279960514, 0.10319027200394856]",8,0.6643558751276096,0.7977087450592883,5.314847001020877,6.381669960474307,2,0.9,200,False
538,18,26,"[0.8968097279960514, 0.10319027200394856]",9,0.6763971415275721,0.8118137900746594,6.0875742737481495,7.306324110671935,2,0.9,200,False
539,19,26,"[0.8968097279960514, 0.10319027200394856]",4,0.5714204503872016,0.6859148550724637,2.2856818015488063,2.743659420289855,2,0.9,200,False
540,0,27,"[0.9313335294841139, 0.06866647051588616]",27,0.6383305444669568,0.9029422461812793,17.234924700607834,24.37944064689454,2,0.9,200,False
541,1,27,"[0.9313335294841139, 0.06866647051588616]",17,0.7272102883814603,0.8702627295977681,12.362574902484825,14.794466403162057,2,0.9,200,False
542,2,27,"[0.9313335294841139, 0.06866647051588616]",16,0.7244318181818182,0.8668632658102767,11.590909090909092,13.869812252964428,2,0.9,200,False
543,3,27,"[0.9313335294841139, 0.06866647051588616]",14,0.8706764864643152,0.7588263449721927,12.189470810500412,10.623568829610697,2,0.9,200,False
544,4,27,"[0.9313335294841139, 0.06866647051588616]",18,0.7297390097340055,0.8732844751866492,13.135302175212098,15.719120553359685,2,0.9,200,False
545,5,27,"[0.9313335294841139, 0.06866647051588616]",80,0.614067212408445,0.9758929706463885,49.1253769926756,78.07143765171108,2,0.9,200,False
546,6,27,"[0.9313335294841139, 0.06866647051588616]",58,0.6261769057083485,0.9439561198462134,36.31826053108421,54.74945495108038,2,0.9,200,False
547,7,27,"[0.9313335294841139, 0.06866647051588616]",45,0.6444208563880288,0.938475230657894,28.998938537461296,42.23138537960523,2,0.9,200,False
548,8,27,"[0.9313335294841139, 0.06866647051588616]",8,0.6643558751276096,0.7977087450592883,5.314847001020877,6.381669960474307,2,0.9,200,False
549,9,27,"[0.9313335294841139, 0.06866647051588616]",80,0.6509990305851321,0.9584161999903882,52.07992244681056,76.67329599923106,2,0.9,200,False
550,10,27,"[0.9313335294841139, 0.06866647051588616]",16,0.7224005670539493,0.8649693264163373,11.558409072863189,13.839509222661396,2,0.9,200,False
551,11,27,"[0.9313335294841139, 0.06866647051588616]",8,0.6643558751276096,0.7977087450592883,5.314847001020877,6.381669960474307,2,0.9,200,False
552,12,27,"[0.9313335294841139, 0.06866647051588616]",69,0.5997253791249062,0.9597569419241689,41.38105115961853,66.22322899276766,2,0.9,200,False
553,13,27,"[0.9313335294841139, 0.06866647051588616]",4,0.5795454545454545,0.6934906126482212,2.318181818181818,2.773962450592885,2,0.9,200,False
554,14,27,"[0.9313335294841139, 0.06866647051588616]",80,0.6254308487331282,0.9655121187858924,50.03446789865025,77.2409695028714,2,0.9,200,False
555,15,27,"[0.9313335294841139, 0.06866647051588616]",18,0.9298443701121906,0.7632604114622732,16.73719866201943,13.738687406320917,2,0.9,200,False
556,16,27,"[0.9313335294841139, 0.06866647051588616]",5,0.6116818145729143,0.7336627140974967,3.0584090728645714,3.6683135704874834,2,0.9,200,False
557,17,27,"[0.9313335294841139, 0.06866647051588616]",4,0.5795454545454545,0.6934906126482212,2.318181818181818,2.773962450592885,2,0.9,200,False
558,18,27,"[0.9313335294841139, 0.06866647051588616]",52,0.598712292013242,0.9530187258997299,31.133039184688588,49.55697374678596,2,0.9,200,False
559,19,27,"[0.9313335294841139, 0.06866647051588616]",80,0.6424270356520649,0.957852213785723,51.394162852165195,76.62817710285785,2,0.9,200,False
560,0,28,"[0.965784400809455, 0.034215599190544996]",8,0.6643558751276096,0.7977087450592883,5.314847001020877,6.381669960474307,2,0.9,200,False
561,1,28,"[0.965784400809455, 0.034215599190544996]",10,0.6954545454545453,0.8321887351778654,6.954545454545453,8.321887351778654,2,0.9,200,False
562,2,28,"[0.965784400809455, 0.034215599190544996]",4,0.5795454545454545,0.6934906126482212,2.318181818181818,2.773962450592885,2,0.9,200,False
563,3,28,"[0.965784400809455, 0.034215599190544996]",34,0.6899730716894139,0.9146435326638542,23.459084437440072,31.097880110571044,2,0.9,200,False
564,4,28,"[0.965784400809455, 0.034215599190544996]",5,0.793108492743885,0.6134135297468188,3.9655424637194248,3.067067648734094,2,0.9,200,False
565,5,28,"[0.965784400809455, 0.034215599190544996]",17,0.8533919394378221,0.7765587925686406,14.507662970442976,13.20149947366689,2,0.9,200,False
566,6,28,"[0.965784400809455, 0.034215599190544996]",9,0.8850591223723021,0.7017788401943729,7.9655321013507185,6.316009561749356,2,0.9,200,False
567,7,28,"[0.965784400809455, 0.034215599190544996]",26,0.6783476325805664,0.8950037073983789,17.637038447094728,23.27009639235785,2,0.9,200,False
568,8,28,"[0.965784400809455, 0.034215599190544996]",35,0.6791904907591679,0.9155738466247982,23.771667176570876,32.04508463186794,2,0.9,200,False
569,9,28,"[0.965784400809455, 0.034215599190544996]",12,0.7004796743274974,0.8400238801054017,8.405756091929968,10.08028656126482,2,0.9,200,False
570,10,28,"[0.965784400809455, 0.034215599190544996]",4,0.5559848295081872,0.6707633399209486,2.2239393180327487,2.6830533596837944,2,0.9,200,False
571,11,28,"[0.965784400809455, 0.034215599190544996]",13,0.7132050624289025,0.853526907874734,9.271665811575732,11.095849802371541,2,0.9,200,False
572,12,28,"[0.965784400809455, 0.034215599190544996]",80,0.6278410386594832,0.9699124786419615,50.227283092758654,77.59299829135692,2,0.9,200,False
573,13,28,"[0.965784400809455, 0.034215599190544996]",9,0.6868686868686867,0.8219148001756695,6.181818181818181,7.397233201581026,2,0.9,200,False
574,14,28,"[0.965784400809455, 0.034215599190544996]",80,0.6185709817393874,0.9679366662829413,49.485678539150996,77.4349333026353,2,0.9,200,False
575,15,28,"[0.965784400809455, 0.034215599190544996]",16,0.724365476859847,0.8668632658102767,11.589847629757552,13.869812252964428,2,0.9,200,False
576,16,28,"[0.965784400809455, 0.034215599190544996]",8,0.8706915152380934,0.6879695920077707,6.965532121904747,5.503756736062166,2,0.9,200,False
577,17,28,"[0.965784400809455, 0.034215599190544996]",20,0.93840941448893,0.7675334964390153,18.7681882897786,15.350669928780306,2,0.9,200,False
578,18,28,"[0.965784400809455, 0.034215599190544996]",78,0.6130118681221295,0.956664612554662,47.8149257135261,74.61983977926363,2,0.9,200,False
579,19,28,"[0.965784400809455, 0.034215599190544996]",10,0.8965532098644016,0.7128262507905985,8.965532098644015,7.128262507905985,2,0.9,200,False
580,0,29,"[1.0, 0.0]",15,0.9158132441346367,0.7534619008694077,13.737198662019551,11.301928513041116,2,0.9,200,False
581,1,29,"[1.0, 0.0]",13,0.7107867118985668,0.8511959055437315,9.240227254681368,11.06554677206851,2,0.9,200,False
582,2,29,"[1.0, 0.0]",78,0.6346085610440921,0.9459674975715539,49.499467761439185,73.7854648105812,2,0.9,200,False
583,3,29,"[1.0, 0.0]",5,0.793108492743885,0.6134135297468188,3.9655424637194248,3.067067648734094,2,0.9,200,False
584,4,29,"[1.0, 0.0]",11,0.6939117108366086,0.8323302191879265,7.6330288192026945,9.155632411067192,2,0.9,200,False
585,5,29,"[1.0, 0.0]",12,0.7004796743274974,0.8400238801054017,8.405756091929968,10.08028656126482,2,0.9,200,False
586,6,29,"[1.0, 0.0]",9,0.798830241716513,0.7291459134282458,7.189472175448617,6.562313220854212,2,0.9,200,False
587,7,29,"[1.0, 0.0]",10,0.8189470990199741,0.7374558184873256,8.189470990199741,7.374558184873256,2,0.9,200,False
588,8,29,"[1.0, 0.0]",8,0.8098110989044336,0.7122831414078306,6.478488791235469,5.6982651312626444,2,0.9,200,False
589,9,29,"[1.0, 0.0]",17,0.9257175683540841,0.7603784965820031,15.73719866201943,12.926434441894052,2,0.9,200,False
590,10,29,"[1.0, 0.0]",12,0.7083333333333331,0.8475996376811593,8.499999999999998,10.171195652173912,2,0.9,200,False
591,11,29,"[1.0, 0.0]",6,0.7895348379175559,0.6652869664886205,4.737209027505335,3.991721798931723,2,0.9,200,False
592,12,29,"[1.0, 0.0]",12,0.9137943415200532,0.729397369503079,10.965532098240638,8.752768434036948,2,0.9,200,False
593,13,29,"[1.0, 0.0]",16,0.9353457561395951,0.7501112682310264,14.965532098233522,12.001780291696422,2,0.9,200,False
594,14,29,"[1.0, 0.0]",58,0.6245506536234152,0.9383609435548868,36.223937910158085,54.42493472618343,2,0.9,200,False
595,15,29,"[1.0, 0.0]",47,0.6740601368667047,0.9132926715101217,31.680826432735124,42.92475556097572,2,0.9,200,False
596,16,29,"[1.0, 0.0]",9,0.6763971415275721,0.8118137900746594,6.0875742737481495,7.306324110671935,2,0.9,200,False
597,17,29,"[1.0, 0.0]",23,0.8718741900861602,0.8041674538235467,20.053106371981684,18.495851437941575,2,0.9,200,False
598,18,29,"[1.0, 0.0]",10,0.8965532098644016,0.7128262507905985,8.965532098644015,7.128262507905985,2,0.9,200,False
599,19,29,"[1.0, 0.0]",11,0.9059574634806888,0.7218650427206277,9.965532098287577,7.940515469926904,2,0.9,200,False
