,repetition_number,weight_index,weight_tuple,num_iterations,normalised_speed_reward,normalised_energy_reward,raw_speed_reward,raw_energy_reward,env_config_id,gamma,replay_buffer_size,use_reward_normalisation_wrapper,use_default_reward_normalisation,network_hidden_sizes
0,0,0,"[0.0, 1.0]",80,0.1015260284009772,0.9944861552867621,8.122082272078176,79.55889242294097,0,0.9,100,False,True,"[128, 128]"
1,1,0,"[0.0, 1.0]",80,0.09742603734948187,0.9978849530469729,7.794082987958549,79.83079624375783,0,0.9,100,False,True,"[128, 128]"
2,2,0,"[0.0, 1.0]",80,0.09745260663507115,0.9978849530469729,7.796208530805692,79.83079624375783,0,0.9,100,False,True,"[128, 128]"
3,3,0,"[0.0, 1.0]",80,0.09742603734948187,0.9978849530469729,7.794082987958549,79.83079624375783,0,0.9,100,False,True,"[128, 128]"
4,4,0,"[0.0, 1.0]",80,0.08986199924806013,0.9978746598980928,7.18895993984481,79.82997279184742,0,0.9,100,False,True,"[128, 128]"
5,5,0,"[0.0, 1.0]",80,0.09135391750274587,0.9993898114132443,7.308313400219669,79.95118491305955,0,0.9,100,False,True,"[128, 128]"
6,6,0,"[0.0, 1.0]",80,0.091770788453253,0.9997685992920322,7.3416630762602395,79.98148794336258,0,0.9,100,False,True,"[128, 128]"
7,7,0,"[0.0, 1.0]",80,0.09135391750274587,0.9993898114132443,7.308313400219669,79.95118491305955,0,0.9,100,False,True,"[128, 128]"
8,8,0,"[0.0, 1.0]",80,0.09135391750274587,0.9993898114132443,7.308313400219669,79.95118491305955,0,0.9,100,False,True,"[128, 128]"
9,9,0,"[0.0, 1.0]",80,0.08868937654958789,0.9967382962617292,7.095150123967032,79.73906370093833,0,0.9,100,False,True,"[128, 128]"
10,10,0,"[0.0, 1.0]",80,0.091770788453253,0.9997685992920322,7.3416630762602395,79.98148794336258,0,0.9,100,False,True,"[128, 128]"
11,11,0,"[0.0, 1.0]",80,0.09742603734948187,0.9978849530469729,7.794082987958549,79.83079624375783,0,0.9,100,False,True,"[128, 128]"
12,12,0,"[0.0, 1.0]",80,0.09745260663507115,0.9978849530469729,7.796208530805692,79.83079624375783,0,0.9,100,False,True,"[128, 128]"
13,13,0,"[0.0, 1.0]",80,0.091770788453253,0.9997685992920322,7.3416630762602395,79.98148794336258,0,0.9,100,False,True,"[128, 128]"
14,14,0,"[0.0, 1.0]",80,0.08834675823801294,0.9963595083829413,7.067740659041035,79.7087606706353,0,0.9,100,False,True,"[128, 128]"
15,15,0,"[0.0, 1.0]",80,0.091770788453253,0.9997685992920322,7.3416630762602395,79.98148794336258,0,0.9,100,False,True,"[128, 128]"
16,16,0,"[0.0, 1.0]",80,0.0954808277520105,0.9959910136530337,7.63846622016084,79.67928109224269,0,0.9,100,False,True,"[128, 128]"
17,17,0,"[0.0, 1.0]",80,0.091770788453253,0.9997685992920322,7.3416630762602395,79.98148794336258,0,0.9,100,False,True,"[128, 128]"
18,18,0,"[0.0, 1.0]",80,0.09745260663507115,0.9978849530469729,7.796208530805692,79.83079624375783,0,0.9,100,False,True,"[128, 128]"
19,19,0,"[0.0, 1.0]",80,0.09663018242865282,0.9971273772893972,7.730414594292226,79.77019018315177,0,0.9,100,False,True,"[128, 128]"
20,0,1,"[0.034178143776678147, 0.9658218562233218]",80,0.0954808277520105,0.9959910136530337,7.63846622016084,79.67928109224269,0,0.9,100,False,True,"[128, 128]"
21,1,1,"[0.034178143776678147, 0.9658218562233218]",80,0.09135391750274587,0.9993898114132443,7.308313400219669,79.95118491305955,0,0.9,100,False,True,"[128, 128]"
22,2,1,"[0.034178143776678147, 0.9658218562233218]",80,0.09745260663507115,0.9978849530469729,7.796208530805692,79.83079624375783,0,0.9,100,False,True,"[128, 128]"
23,3,1,"[0.034178143776678147, 0.9658218562233218]",80,0.09060785553130005,0.991066771228791,7.248628442504004,79.28534169830328,0,0.9,100,False,True,"[128, 128]"
24,4,1,"[0.034178143776678147, 0.9658218562233218]",80,0.09663018242865282,0.9971273772893972,7.730414594292226,79.77019018315177,0,0.9,100,False,True,"[128, 128]"
25,5,1,"[0.034178143776678147, 0.9658218562233218]",80,0.09058334999036613,0.9986322356556686,7.24666799922929,79.89057885245349,0,0.9,100,False,True,"[128, 128]"
26,6,1,"[0.034178143776678147, 0.9658218562233218]",80,0.09135391750274587,0.9993898114132443,7.308313400219669,79.95118491305955,0,0.9,100,False,True,"[128, 128]"
27,7,1,"[0.034178143776678147, 0.9658218562233218]",80,0.0894452769766791,0.9974958720193049,7.155622158134328,79.7996697615444,0,0.9,100,False,True,"[128, 128]"
28,8,1,"[0.034178143776678147, 0.9658218562233218]",80,0.1015260284009772,0.9944861552867621,8.122082272078176,79.55889242294097,0,0.9,100,False,True,"[128, 128]"
29,9,1,"[0.034178143776678147, 0.9658218562233218]",80,0.091770788453253,0.9997685992920322,7.3416630762602395,79.98148794336258,0,0.9,100,False,True,"[128, 128]"
30,10,1,"[0.034178143776678147, 0.9658218562233218]",80,0.0879445675342003,0.9959807205041533,7.035565402736024,79.67845764033227,0,0.9,100,False,True,"[128, 128]"
31,11,1,"[0.034178143776678147, 0.9658218562233218]",80,0.09745260663507115,0.9978849530469729,7.796208530805692,79.83079624375783,0,0.9,100,False,True,"[128, 128]"
32,12,1,"[0.034178143776678147, 0.9658218562233218]",80,0.091770788453253,0.9997685992920322,7.3416630762602395,79.98148794336258,0,0.9,100,False,True,"[128, 128]"
33,13,1,"[0.034178143776678147, 0.9658218562233218]",80,0.09663018242865282,0.9971273772893972,7.730414594292226,79.77019018315177,0,0.9,100,False,True,"[128, 128]"
34,14,1,"[0.034178143776678147, 0.9658218562233218]",80,0.091770788453253,0.9997685992920322,7.3416630762602395,79.98148794336258,0,0.9,100,False,True,"[128, 128]"
35,15,1,"[0.034178143776678147, 0.9658218562233218]",80,0.09100008995090889,0.9990110235344565,7.28000719607271,79.92088188275652,0,0.9,100,False,True,"[128, 128]"
36,16,1,"[0.034178143776678147, 0.9658218562233218]",80,0.091770788453253,0.9997685992920322,7.3416630762602395,79.98148794336258,0,0.9,100,False,True,"[128, 128]"
37,17,1,"[0.034178143776678147, 0.9658218562233218]",80,0.091770788453253,0.9997685992920322,7.3416630762602395,79.98148794336258,0,0.9,100,False,True,"[128, 128]"
38,18,1,"[0.034178143776678147, 0.9658218562233218]",80,0.08834675823801294,0.9963595083829413,7.067740659041035,79.7087606706353,0,0.9,100,False,True,"[128, 128]"
39,19,1,"[0.034178143776678147, 0.9658218562233218]",80,0.09135391750274587,0.9993898114132443,7.308313400219669,79.95118491305955,0,0.9,100,False,True,"[128, 128]"
40,0,2,"[0.06878821035110917, 0.9312117896488908]",80,0.08836143848246059,0.9963595083829413,7.068915078596847,79.7087606706353,0,0.9,100,False,True,"[128, 128]"
41,1,2,"[0.06878821035110917, 0.9312117896488908]",80,0.1027006773622621,0.9956225189231258,8.216054188980968,79.64980151385006,0,0.9,100,False,True,"[128, 128]"
42,2,2,"[0.06878821035110917, 0.9312117896488908]",80,0.1015260284009772,0.9944861552867621,8.122082272078176,79.55889242294097,0,0.9,100,False,True,"[128, 128]"
43,3,2,"[0.06878821035110917, 0.9312117896488908]",80,0.09663018242865282,0.9971273772893972,7.730414594292226,79.77019018315177,0,0.9,100,False,True,"[128, 128]"
44,4,2,"[0.06878821035110917, 0.9312117896488908]",80,0.0894452769766791,0.9974958720193049,7.155622158134328,79.7996697615444,0,0.9,100,False,True,"[128, 128]"
45,5,2,"[0.06878821035110917, 0.9312117896488908]",80,0.10313442481688931,0.9960013068019137,8.250753985351144,79.6801045441531,0,0.9,100,False,True,"[128, 128]"
46,6,2,"[0.06878821035110917, 0.9312117896488908]",80,0.12586169754416218,0.9884667218216764,10.068935803532975,79.07733774573411,0,0.9,100,False,True,"[128, 128]"
47,7,2,"[0.06878821035110917, 0.9312117896488908]",80,0.08909270401614854,0.9895516197136395,7.127416321291883,79.16412957709116,0,0.9,100,False,True,"[128, 128]"
48,8,2,"[0.06878821035110917, 0.9312117896488908]",80,0.09742603734948187,0.9978849530469729,7.794082987958549,79.83079624375783,0,0.9,100,False,True,"[128, 128]"
49,9,2,"[0.06878821035110917, 0.9312117896488908]",80,0.08760408766930841,0.9956019326253654,7.0083270135446725,79.64815461002924,0,0.9,100,False,True,"[128, 128]"
50,10,2,"[0.06878821035110917, 0.9312117896488908]",80,0.091770788453253,0.9997685992920322,7.3416630762602395,79.98148794336258,0,0.9,100,False,True,"[128, 128]"
51,11,2,"[0.06878821035110917, 0.9312117896488908]",80,0.091770788453253,0.9997685992920322,7.3416630762602395,79.98148794336258,0,0.9,100,False,True,"[128, 128]"
52,12,2,"[0.06878821035110917, 0.9312117896488908]",80,0.08718699503602749,0.9952231447465776,6.974959602882199,79.6178515797262,0,0.9,100,False,True,"[128, 128]"
53,13,2,"[0.06878821035110917, 0.9312117896488908]",80,0.09135391750274587,0.9993898114132443,7.308313400219669,79.95118491305955,0,0.9,100,False,True,"[128, 128]"
54,14,2,"[0.06878821035110917, 0.9312117896488908]",80,0.09135391750274587,0.9993898114132443,7.308313400219669,79.95118491305955,0,0.9,100,False,True,"[128, 128]"
55,15,2,"[0.06878821035110917, 0.9312117896488908]",80,0.09627655092221314,0.9967485894106092,7.7021240737770515,79.73988715284874,0,0.9,100,False,True,"[128, 128]"
56,16,2,"[0.06878821035110917, 0.9312117896488908]",80,0.0954808277520105,0.9959910136530337,7.63846622016084,79.67928109224269,0,0.9,100,False,True,"[128, 128]"
57,17,2,"[0.06878821035110917, 0.9312117896488908]",80,0.09063256904516079,0.9986322356556686,7.2506055236128635,79.89057885245349,0,0.9,100,False,True,"[128, 128]"
58,18,2,"[0.06878821035110917, 0.9312117896488908]",80,0.09100008995090889,0.9990110235344565,7.28000719607271,79.92088188275652,0,0.9,100,False,True,"[128, 128]"
59,19,2,"[0.06878821035110917, 0.9312117896488908]",80,0.1027006773622621,0.9956225189231258,8.216054188980968,79.64980151385006,0,0.9,100,False,True,"[128, 128]"
60,0,3,"[0.10310817527726998, 0.89689182472273]",80,0.09058334999036613,0.9986322356556686,7.24666799922929,79.89057885245349,0,0.9,100,False,True,"[128, 128]"
61,1,3,"[0.10310817527726998, 0.89689182472273]",80,0.09742603734948187,0.9978849530469729,7.794082987958549,79.83079624375783,0,0.9,100,False,True,"[128, 128]"
62,2,3,"[0.10310817527726998, 0.89689182472273]",80,0.10313442481688931,0.9960013068019137,8.250753985351144,79.6801045441531,0,0.9,100,False,True,"[128, 128]"
63,3,3,"[0.10310817527726998, 0.89689182472273]",80,0.09742603734948187,0.9978849530469729,7.794082987958549,79.83079624375783,0,0.9,100,False,True,"[128, 128]"
64,4,3,"[0.10310817527726998, 0.89689182472273]",80,0.10310788825342172,0.9960013068019137,8.248631060273738,79.6801045441531,0,0.9,100,False,True,"[128, 128]"
65,5,3,"[0.10310817527726998, 0.89689182472273]",80,0.09745260663507115,0.9978849530469729,7.796208530805692,79.83079624375783,0,0.9,100,False,True,"[128, 128]"
66,6,3,"[0.10310817527726998, 0.89689182472273]",80,0.08868937654958789,0.9967382962617292,7.095150123967032,79.73906370093833,0,0.9,100,False,True,"[128, 128]"
67,7,3,"[0.10310817527726998, 0.89689182472273]",80,0.09100008995090889,0.9990110235344565,7.28000719607271,79.92088188275652,0,0.9,100,False,True,"[128, 128]"
68,8,3,"[0.10310817527726998, 0.89689182472273]",80,0.09745260663507115,0.9978849530469729,7.796208530805692,79.83079624375783,0,0.9,100,False,True,"[128, 128]"
69,9,3,"[0.10310817527726998, 0.89689182472273]",80,0.09745260663507115,0.9978849530469729,7.796208530805692,79.83079624375783,0,0.9,100,False,True,"[128, 128]"
70,10,3,"[0.10310817527726998, 0.89689182472273]",80,0.13722533390779865,0.9846994293315579,10.978026712623892,78.77595434652463,0,0.9,100,False,True,"[128, 128]"
71,11,3,"[0.10310817527726998, 0.89689182472273]",80,0.09742603734948187,0.9978849530469729,7.794082987958549,79.83079624375783,0,0.9,100,False,True,"[128, 128]"
72,12,3,"[0.10310817527726998, 0.89689182472273]",80,0.09664007130165561,0.9895619128625197,7.731205704132449,79.16495302900158,0,0.9,100,False,True,"[128, 128]"
73,13,3,"[0.10310817527726998, 0.89689182472273]",80,0.0834108858343304,0.9838698015318211,6.672870866746432,78.70958412254569,0,0.9,100,False,True,"[128, 128]"
74,14,3,"[0.10310817527726998, 0.89689182472273]",80,0.08987681500998321,0.9978746598980928,7.190145200798657,79.82997279184742,0,0.9,100,False,True,"[128, 128]"
75,15,3,"[0.10310817527726998, 0.89689182472273]",80,0.09475967238462477,0.9952334378954578,7.580773790769981,79.61867503163663,0,0.9,100,False,True,"[128, 128]"
76,16,3,"[0.10310817527726998, 0.89689182472273]",80,0.09663018242865282,0.9971273772893972,7.730414594292226,79.77019018315177,0,0.9,100,False,True,"[128, 128]"
77,17,3,"[0.10310817527726998, 0.89689182472273]",80,0.091770788453253,0.9997685992920322,7.3416630762602395,79.98148794336258,0,0.9,100,False,True,"[128, 128]"
78,18,3,"[0.10310817527726998, 0.89689182472273]",80,0.09742603734948187,0.9978849530469729,7.794082987958549,79.83079624375783,0,0.9,100,False,True,"[128, 128]"
79,19,3,"[0.10310817527726998, 0.89689182472273]",80,0.0894452769766791,0.9974958720193049,7.155622158134328,79.7996697615444,0,0.9,100,False,True,"[128, 128]"
80,0,4,"[0.13765378751090937, 0.8623462124890906]",80,0.0954808277520105,0.9959910136530337,7.63846622016084,79.67928109224269,0,0.9,100,False,True,"[128, 128]"
81,1,4,"[0.13765378751090937, 0.8623462124890906]",80,0.12542798497180246,0.9880879339428885,10.034238797744196,79.04703471543108,0,0.9,100,False,True,"[128, 128]"
82,2,4,"[0.13765378751090937, 0.8623462124890906]",80,0.0954808277520105,0.9959910136530337,7.63846622016084,79.67928109224269,0,0.9,100,False,True,"[128, 128]"
83,3,4,"[0.13765378751090937, 0.8623462124890906]",80,0.09553184274292373,0.9959910136530337,7.642547419433898,79.67928109224269,0,0.9,100,False,True,"[128, 128]"
84,4,4,"[0.13765378751090937, 0.8623462124890906]",80,0.09663018242865282,0.9971273772893972,7.730414594292226,79.77019018315177,0,0.9,100,False,True,"[128, 128]"
85,5,4,"[0.13765378751090937, 0.8623462124890906]",80,0.1083825303895056,0.9937388726780665,8.670602431160448,79.49910981424532,0,0.9,100,False,True,"[128, 128]"
86,6,4,"[0.13765378751090937, 0.8623462124890906]",80,0.09745260663507115,0.9978849530469729,7.796208530805692,79.83079624375783,0,0.9,100,False,True,"[128, 128]"
87,7,4,"[0.13765378751090937, 0.8623462124890906]",80,0.09627655092221314,0.9967485894106092,7.7021240737770515,79.73988715284874,0,0.9,100,False,True,"[128, 128]"
88,8,4,"[0.13765378751090937, 0.8623462124890906]",80,0.13154351572598041,0.9865830755766172,10.523481258078434,78.92664604612938,0,0.9,100,False,True,"[128, 128]"
89,9,4,"[0.13765378751090937, 0.8623462124890906]",80,0.11449806118052572,0.9922340143117949,9.159844894442058,79.3787211449436,0,0.9,100,False,True,"[128, 128]"
90,10,4,"[0.13765378751090937, 0.8623462124890906]",80,0.06942230360476824,0.9774201144435469,5.553784288381459,78.19360915548376,0,0.9,100,False,True,"[128, 128]"
91,11,4,"[0.13765378751090937, 0.8623462124890906]",80,0.12586169754416218,0.9884667218216764,10.068935803532975,79.07733774573411,0,0.9,100,False,True,"[128, 128]"
92,12,4,"[0.13765378751090937, 0.8623462124890906]",80,0.08416846159190614,0.984627377289397,6.733476927352491,78.77019018315175,0,0.9,100,False,True,"[128, 128]"
93,13,4,"[0.13765378751090937, 0.8623462124890906]",80,0.09475967238462477,0.9952334378954578,7.580773790769981,79.61867503163663,0,0.9,100,False,True,"[128, 128]"
94,14,4,"[0.13765378751090937, 0.8623462124890906]",80,0.09058334999036613,0.9986322356556686,7.24666799922929,79.89057885245349,0,0.9,100,False,True,"[128, 128]"
95,15,4,"[0.13765378751090937, 0.8623462124890906]",80,0.11449806118052572,0.9922340143117949,9.159844894442058,79.3787211449436,0,0.9,100,False,True,"[128, 128]"
96,16,4,"[0.13765378751090937, 0.8623462124890906]",80,0.12586169754416218,0.9884667218216764,10.068935803532975,79.07733774573411,0,0.9,100,False,True,"[128, 128]"
97,17,4,"[0.13765378751090937, 0.8623462124890906]",80,0.10310788825342172,0.9960013068019137,8.248631060273738,79.6801045441531,0,0.9,100,False,True,"[128, 128]"
98,18,4,"[0.13765378751090937, 0.8623462124890906]",80,0.05199806118052584,0.9599958720193051,4.159844894442068,76.79966976154441,0,0.9,100,False,True,"[128, 128]"
99,19,4,"[0.13765378751090937, 0.8623462124890906]",80,0.09056957636804672,0.991066771228791,7.245566109443738,79.28534169830328,0,0.9,100,False,True,"[128, 128]"
100,0,5,"[0.1721526601655432, 0.8278473398344568]",80,0.15995260663507158,0.9771648443513208,12.796208530805727,78.17318754810566,0,0.9,100,False,True,"[128, 128]"
101,1,5,"[0.1721526601655432, 0.8278473398344568]",80,0.1083825303895056,0.9937388726780665,8.670602431160448,79.49910981424532,0,0.9,100,False,True,"[128, 128]"
102,2,5,"[0.1721526601655432, 0.8278473398344568]",80,0.14290715208961688,0.9828157830864985,11.43257216716935,78.62526264691988,0,0.9,100,False,True,"[128, 128]"
103,3,5,"[0.1721526601655432, 0.8278473398344568]",80,0.10042769487691602,0.9933497916503985,8.034215590153282,79.46798333203188,0,0.9,100,False,True,"[128, 128]"
104,4,5,"[0.1721526601655432, 0.8278473398344568]",80,0.09663018242865282,0.9971273772893972,7.730414594292226,79.77019018315177,0,0.9,100,False,True,"[128, 128]"
105,5,5,"[0.1721526601655432, 0.8278473398344568]",80,0.13722533390779865,0.9846994293315579,10.978026712623892,78.77595434652463,0,0.9,100,False,True,"[128, 128]"
106,6,5,"[0.1721526601655432, 0.8278473398344568]",80,0.09745260663507115,0.9978849530469729,7.796208530805692,79.83079624375783,0,0.9,100,False,True,"[128, 128]"
107,7,5,"[0.1721526601655432, 0.8278473398344568]",80,0.08987681500998321,0.9978746598980928,7.190145200798657,79.82997279184742,0,0.9,100,False,True,"[128, 128]"
108,8,5,"[0.1721526601655432, 0.8278473398344568]",80,0.09100008995090889,0.9990110235344565,7.28000719607271,79.92088188275652,0,0.9,100,False,True,"[128, 128]"
109,9,5,"[0.1721526601655432, 0.8278473398344568]",80,0.09663018242865282,0.9971273772893972,7.730414594292226,79.77019018315177,0,0.9,100,False,True,"[128, 128]"
110,10,5,"[0.1721526601655432, 0.8278473398344568]",80,0.08419317502783732,0.9921928417162746,6.7354540022269855,79.37542733730197,0,0.9,100,False,True,"[128, 128]"
111,11,5,"[0.1721526601655432, 0.8278473398344568]",80,0.09627655092221314,0.9967485894106092,7.7021240737770515,79.73988715284874,0,0.9,100,False,True,"[128, 128]"
112,12,5,"[0.1721526601655432, 0.8278473398344568]",80,0.07889200049653555,0.9868898114132444,6.311360039722844,78.95118491305955,0,0.9,100,False,True,"[128, 128]"
113,13,5,"[0.1721526601655432, 0.8278473398344568]",80,0.11896014529692037,0.9892140044303721,9.516811623753629,79.13712035442977,0,0.9,100,False,True,"[128, 128]"
114,14,5,"[0.1721526601655432, 0.8278473398344568]",80,0.07093745511991974,0.9789352659586985,5.674996409593579,78.31482127669588,0,0.9,100,False,True,"[128, 128]"
115,15,5,"[0.1721526601655432, 0.8278473398344568]",80,0.14288061556082837,0.9828157830864985,11.43044924486627,78.62526264691988,0,0.9,100,False,True,"[128, 128]"
116,16,5,"[0.1721526601655432, 0.8278473398344568]",80,0.1015260284009772,0.9944861552867621,8.122082272078176,79.55889242294097,0,0.9,100,False,True,"[128, 128]"
117,17,5,"[0.1721526601655432, 0.8278473398344568]",80,0.09401498246987487,0.9944758621378821,7.52119859758999,79.55806897103056,0,0.9,100,False,True,"[128, 128]"
118,18,5,"[0.1721526601655432, 0.8278473398344568]",80,0.09590903005967641,0.9963698015318213,7.672722404774113,79.7095841225457,0,0.9,100,False,True,"[128, 128]"
119,19,5,"[0.1721526601655432, 0.8278473398344568]",80,0.09742603734948187,0.9978849530469729,7.794082987958549,79.83079624375783,0,0.9,100,False,True,"[128, 128]"
120,0,6,"[0.20663369778684532, 0.7933663022131546]",80,0.1015260284009772,0.9944861552867621,8.122082272078176,79.55889242294097,0,0.9,100,False,True,"[128, 128]"
121,1,6,"[0.20663369778684532, 0.7933663022131546]",80,0.07472532942202242,0.9827231447465776,5.978026353761794,78.6178515797262,0,0.9,100,False,True,"[128, 128]"
122,2,6,"[0.20663369778684532, 0.7933663022131546]",80,0.09475967238462477,0.9952334378954578,7.580773790769981,79.61867503163663,0,0.9,100,False,True,"[128, 128]"
123,3,6,"[0.20663369778684532, 0.7933663022131546]",80,0.10080488219357694,0.9937285795291864,8.064390575486156,79.49828636233491,0,0.9,100,False,True,"[128, 128]"
124,4,6,"[0.20663369778684532, 0.7933663022131546]",80,0.1015260284009772,0.9944861552867621,8.122082272078176,79.55889242294097,0,0.9,100,False,True,"[128, 128]"
125,5,6,"[0.20663369778684532, 0.7933663022131546]",80,0.08834675823801294,0.9963595083829413,7.067740659041035,79.7087606706353,0,0.9,100,False,True,"[128, 128]"
126,6,6,"[0.20663369778684532, 0.7933663022131546]",80,0.11449806118052572,0.9922340143117949,9.159844894442058,79.3787211449436,0,0.9,100,False,True,"[128, 128]"
127,7,6,"[0.20663369778684532, 0.7933663022131546]",80,0.12017987936234395,0.9903503680667358,9.614390348987516,79.22802944533886,0,0.9,100,False,True,"[128, 128]"
128,8,6,"[0.20663369778684532, 0.7933663022131546]",80,0.09745260663507115,0.9978849530469729,7.796208530805692,79.83079624375783,0,0.9,100,False,True,"[128, 128]"
129,9,6,"[0.20663369778684532, 0.7933663022131546]",80,0.06146775815022283,0.9694655689890013,4.917420652017826,77.5572455191201,0,0.9,100,False,True,"[128, 128]"
130,10,6,"[0.20663369778684532, 0.7933663022131546]",80,0.1027006773622621,0.9956225189231258,8.216054188980968,79.64980151385006,0,0.9,100,False,True,"[128, 128]"
131,11,6,"[0.20663369778684532, 0.7933663022131546]",80,0.08986199924806013,0.9978746598980928,7.18895993984481,79.82997279184742,0,0.9,100,False,True,"[128, 128]"
132,12,6,"[0.20663369778684532, 0.7933663022131546]",80,0.09745260663507115,0.9978849530469729,7.796208530805692,79.83079624375783,0,0.9,100,False,True,"[128, 128]"
133,13,6,"[0.20663369778684532, 0.7933663022131546]",80,0.06901694644039107,0.9694758621378817,5.5213557152312855,77.55806897103054,0,0.9,100,False,True,"[128, 128]"
134,14,6,"[0.20663369778684532, 0.7933663022131546]",80,0.09250179492521601,0.9929607106227305,7.4001435940172815,79.43685684981844,0,0.9,100,False,True,"[128, 128]"
135,15,6,"[0.20663369778684532, 0.7933663022131546]",80,0.09745260663507115,0.9978849530469729,7.796208530805692,79.83079624375783,0,0.9,100,False,True,"[128, 128]"
136,16,6,"[0.20663369778684532, 0.7933663022131546]",80,0.06071018239264703,0.9687079932314262,4.856814591411762,77.4966394585141,0,0.9,100,False,True,"[128, 128]"
137,17,6,"[0.20663369778684532, 0.7933663022131546]",80,0.07429158645317127,0.9672134280140343,5.943326916253702,77.37707424112274,0,0.9,100,False,True,"[128, 128]"
138,18,6,"[0.20663369778684532, 0.7933663022131546]",80,0.1315169791971919,0.9865830755766172,10.521358335775352,78.92664604612938,0,0.9,100,False,True,"[128, 128]"
139,19,6,"[0.20663369778684532, 0.7933663022131546]",80,0.09742603734948187,0.9978849530469729,7.794082987958549,79.83079624375783,0,0.9,100,False,True,"[128, 128]"
140,0,7,"[0.24113824275216084, 0.7588617572478392]",80,0.09063256904516079,0.9986322356556686,7.2506055236128635,79.89057885245349,0,0.9,100,False,True,"[128, 128]"
141,1,7,"[0.24113824275216084, 0.7588617572478392]",80,0.08419499675245279,0.9921928417162746,6.735599740196223,79.37542733730197,0,0.9,100,False,True,"[128, 128]"
142,2,7,"[0.24113824275216084, 0.7588617572478392]",80,0.10313442481688931,0.9960013068019137,8.250753985351144,79.6801045441531,0,0.9,100,False,True,"[128, 128]"
143,3,7,"[0.24113824275216084, 0.7588617572478392]",80,0.14290715208961688,0.9777865208759629,11.43257216716935,78.22292167007703,0,0.9,100,False,True,"[128, 128]"
144,4,7,"[0.24113824275216084, 0.7588617572478392]",80,0.08986199924806013,0.9978746598980928,7.18895993984481,79.82997279184742,0,0.9,100,False,True,"[128, 128]"
145,5,7,"[0.24113824275216084, 0.7588617572478392]",80,0.10313442481688931,0.9960013068019137,8.250753985351144,79.6801045441531,0,0.9,100,False,True,"[128, 128]"
146,6,7,"[0.24113824275216084, 0.7588617572478392]",80,0.0811647278471924,0.9891625386859715,6.493178227775393,79.13300309487772,0,0.9,100,False,True,"[128, 128]"
147,7,7,"[0.24113824275216084, 0.7588617572478392]",80,0.11447152465173718,0.9922340143117949,9.157721972138974,79.3787211449436,0,0.9,100,False,True,"[128, 128]"
148,8,7,"[0.24113824275216084, 0.7588617572478392]",80,0.08456069593358537,0.9925716295950625,6.76485567468683,79.405730367605,0,0.9,100,False,True,"[128, 128]"
149,9,7,"[0.24113824275216084, 0.7588617572478392]",80,0.09058334999036613,0.9986322356556686,7.24666799922929,79.89057885245349,0,0.9,100,False,True,"[128, 128]"
150,10,7,"[0.24113824275216084, 0.7588617572478392]",80,0.09745260663507115,0.9978849530469729,7.796208530805692,79.83079624375783,0,0.9,100,False,True,"[128, 128]"
151,11,7,"[0.24113824275216084, 0.7588617572478392]",80,0.09742603734948187,0.9978849530469729,7.794082987958549,79.83079624375783,0,0.9,100,False,True,"[128, 128]"
152,12,7,"[0.24113824275216084, 0.7588617572478392]",80,0.09745260663507115,0.9978849530469729,7.796208530805692,79.83079624375783,0,0.9,100,False,True,"[128, 128]"
153,13,7,"[0.24113824275216084, 0.7588617572478392]",80,0.12583516101537368,0.9884667218216764,10.066812881229895,79.07733774573411,0,0.9,100,False,True,"[128, 128]"
154,14,7,"[0.24113824275216084, 0.7588617572478392]",80,0.1485624337426466,0.9809321368414393,11.88499469941173,78.47457094731514,0,0.9,100,False,True,"[128, 128]"
155,15,7,"[0.24113824275216084, 0.7588617572478392]",80,0.0731836131070577,0.9660770643776706,5.854689048564617,77.28616515021365,0,0.9,100,False,True,"[128, 128]"
156,16,7,"[0.24113824275216084, 0.7588617572478392]",80,0.09745260663507115,0.9978849530469729,7.796208530805692,79.83079624375783,0,0.9,100,False,True,"[128, 128]"
157,17,7,"[0.24113824275216084, 0.7588617572478392]",80,0.09745260663507115,0.9978849530469729,7.796208530805692,79.83079624375783,0,0.9,100,False,True,"[128, 128]"
158,18,7,"[0.24113824275216084, 0.7588617572478392]",80,0.08002836421082873,0.988026175049608,6.402269136866298,79.04209400396864,0,0.9,100,False,True,"[128, 128]"
159,19,7,"[0.24113824275216084, 0.7588617572478392]",80,0.0894452769766791,0.9974958720193049,7.155622158134328,79.7996697615444,0,0.9,100,False,True,"[128, 128]"
160,0,8,"[0.2756604025638892, 0.7243395974361109]",80,0.10310788825342172,0.9960013068019137,8.248631060273738,79.6801045441531,0,0.9,100,False,True,"[128, 128]"
161,1,8,"[0.2756604025638892, 0.7243395974361109]",80,0.12015334283355543,0.9903503680667358,9.612267426684435,79.22802944533886,0,0.9,100,False,True,"[128, 128]"
162,2,8,"[0.2756604025638892, 0.7243395974361109]",80,0.091770788453253,0.9997685992920322,7.3416630762602395,79.98148794336258,0,0.9,100,False,True,"[128, 128]"
163,3,8,"[0.2756604025638892, 0.7243395974361109]",80,0.04858897027143497,0.9565867811102141,3.8871176217147974,76.52694248881713,0,0.9,100,False,True,"[128, 128]"
164,4,8,"[0.2756604025638892, 0.7243395974361109]",80,0.08911730933121867,0.997117084140517,7.129384746497493,79.76936673124136,0,0.9,100,False,True,"[128, 128]"
165,5,8,"[0.2756604025638892, 0.7243395974361109]",80,0.08987681500998321,0.9978746598980928,7.190145200798657,79.82997279184742,0,0.9,100,False,True,"[128, 128]"
166,6,8,"[0.2756604025638892, 0.7243395974361109]",80,0.09627655092221314,0.9967485894106092,7.7021240737770515,79.73988715284874,0,0.9,100,False,True,"[128, 128]"
167,7,8,"[0.2756604025638892, 0.7243395974361109]",80,0.07845825311983794,0.9713800946807011,6.276660249587035,77.71040757445608,0,0.9,100,False,True,"[128, 128]"
168,8,8,"[0.2756604025638892, 0.7243395974361109]",80,0.07239764705923188,0.9653194886200949,5.791811764738551,77.22555908960759,0,0.9,100,False,True,"[128, 128]"
169,9,8,"[0.2756604025638892, 0.7243395974361109]",80,0.1723948819900879,0.9368497725736573,13.791590559207032,74.94798180589258,0,0.9,100,False,True,"[128, 128]"
170,10,8,"[0.2756604025638892, 0.7243395974361109]",80,0.0875907405508692,0.9956019326253654,7.007259244069536,79.64815461002924,0,0.9,100,False,True,"[128, 128]"
171,11,8,"[0.2756604025638892, 0.7243395974361109]",80,0.10313442481688931,0.9960013068019137,8.250753985351144,79.6801045441531,0,0.9,100,False,True,"[128, 128]"
172,12,8,"[0.2756604025638892, 0.7243395974361109]",80,0.11447152465173718,0.9922340143117949,9.157721972138974,79.3787211449436,0,0.9,100,False,True,"[128, 128]"
173,13,8,"[0.2756604025638892, 0.7243395974361109]",80,0.09627655092221314,0.9967485894106092,7.7021240737770515,79.73988715284874,0,0.9,100,False,True,"[128, 128]"
174,14,8,"[0.2756604025638892, 0.7243395974361109]",80,0.07770252730441049,0.9706225189231255,6.21620218435284,77.64980151385004,0,0.9,100,False,True,"[128, 128]"
175,15,8,"[0.2756604025638892, 0.7243395974361109]",80,0.09745260663507115,0.9978849530469729,7.796208530805692,79.83079624375783,0,0.9,100,False,True,"[128, 128]"
176,16,8,"[0.2756604025638892, 0.7243395974361109]",80,0.12503966552247986,0.9877091460641007,10.003173241798388,79.01673168512805,0,0.9,100,False,True,"[128, 128]"
177,17,8,"[0.2756604025638892, 0.7243395974361109]",80,0.1315169791971919,0.9865830755766172,10.521358335775352,78.92664604612938,0,0.9,100,False,True,"[128, 128]"
178,18,8,"[0.2756604025638892, 0.7243395974361109]",80,0.14856243374264666,0.97429132954259,11.884994699411733,77.9433063634072,0,0.9,100,False,True,"[128, 128]"
179,19,8,"[0.2756604025638892, 0.7243395974361109]",80,0.09969876462220909,0.9850267514659452,7.975901169776726,78.80214011727561,0,0.9,100,False,True,"[128, 128]"
180,0,9,"[0.3101562709484349, 0.6898437290515651]",80,0.3007880732872548,0.9052967015774245,24.063045862980385,72.42373612619396,0,0.9,100,False,True,"[128, 128]"
181,1,9,"[0.3101562709484349, 0.6898437290515651]",80,0.10310788825342172,0.9960013068019137,8.248631060273738,79.6801045441531,0,0.9,100,False,True,"[128, 128]"
182,2,9,"[0.3101562709484349, 0.6898437290515651]",80,0.5290627022137155,0.8049898155814643,42.32501617709725,64.39918524651715,0,0.9,100,False,True,"[128, 128]"
183,3,9,"[0.3101562709484349, 0.6898437290515651]",80,0.06712300704645169,0.9675819227439421,5.369840563716135,77.40655381951537,0,0.9,100,False,True,"[128, 128]"
184,4,9,"[0.3101562709484349, 0.6898437290515651]",80,0.10310788825342172,0.9960013068019137,8.248631060273738,79.6801045441531,0,0.9,100,False,True,"[128, 128]"
185,5,9,"[0.3101562709484349, 0.6898437290515651]",80,0.09742603734948187,0.9978849530469729,7.794082987958549,79.83079624375783,0,0.9,100,False,True,"[128, 128]"
186,6,9,"[0.3101562709484349, 0.6898437290515651]",80,0.08987681500998321,0.9978746598980928,7.190145200798657,79.82997279184742,0,0.9,100,False,True,"[128, 128]"
187,7,9,"[0.3101562709484349, 0.6898437290515651]",80,0.0894452769766791,0.9974958720193049,7.155622158134328,79.7996697615444,0,0.9,100,False,True,"[128, 128]"
188,8,9,"[0.3101562709484349, 0.6898437290515651]",80,0.09627655092221314,0.9967485894106092,7.7021240737770515,79.73988715284874,0,0.9,100,False,True,"[128, 128]"
189,9,9,"[0.3101562709484349, 0.6898437290515651]",80,0.06146775815022283,0.9694655689890013,4.917420652017826,77.5572455191201,0,0.9,100,False,True,"[128, 128]"
190,10,9,"[0.3101562709484349, 0.6898437290515651]",80,0.13722533390779865,0.9846994293315579,10.978026712623892,78.77595434652463,0,0.9,100,False,True,"[128, 128]"
191,11,9,"[0.3101562709484349, 0.6898437290515651]",80,0.07471221116303015,0.9827231447465774,5.976976893042412,78.61785157972619,0,0.9,100,False,True,"[128, 128]"
192,12,9,"[0.3101562709484349, 0.6898437290515651]",80,0.08833512825857279,0.9887940439560637,7.066810260685823,79.1035235164851,0,0.9,100,False,True,"[128, 128]"
193,13,9,"[0.3101562709484349, 0.6898437290515651]",80,0.19972532941414214,0.9535314082433815,15.978026353131371,76.28251265947051,0,0.9,100,False,True,"[128, 128]"
194,14,9,"[0.3101562709484349, 0.6898437290515651]",80,0.06712300704645169,0.9675819227439421,5.369840563716135,77.40655381951537,0,0.9,100,False,True,"[128, 128]"
195,15,9,"[0.3101562709484349, 0.6898437290515651]",80,0.09663018242865282,0.9971273772893972,7.730414594292226,79.77019018315177,0,0.9,100,False,True,"[128, 128]"
196,16,9,"[0.3101562709484349, 0.6898437290515651]",80,0.09250176080796153,0.9929607106227305,7.4001408646369224,79.43685684981844,0,0.9,100,False,True,"[128, 128]"
197,17,9,"[0.3101562709484349, 0.6898437290515651]",80,0.14815525771988594,0.9728933763656962,11.852420617590875,77.83147010925569,0,0.9,100,False,True,"[128, 128]"
198,18,9,"[0.3101562709484349, 0.6898437290515651]",80,0.13154351572598041,0.9865830755766172,10.523481258078434,78.92664604612938,0,0.9,100,False,True,"[128, 128]"
199,19,9,"[0.3101562709484349, 0.6898437290515651]",80,0.13604861137094038,0.9758901598381199,10.88388890967523,78.07121278704959,0,0.9,100,False,True,"[128, 128]"
200,0,10,"[0.34465997490843536, 0.6553400250915647]",80,0.0940169463624759,0.9944758621378821,7.5213557089980725,79.55806897103056,0,0.9,100,False,True,"[128, 128]"
201,1,10,"[0.34465997490843536, 0.6553400250915647]",80,0.10080488219357694,0.9937285795291864,8.064390575486156,79.49828636233491,0,0.9,100,False,True,"[128, 128]"
202,2,10,"[0.34465997490843536, 0.6553400250915647]",80,0.23299191091491087,0.9368217780438031,18.63935287319287,74.94574224350424,0,0.9,100,False,True,"[128, 128]"
203,3,10,"[0.34465997490843536, 0.6553400250915647]",80,0.09626128342286809,0.9891831249837318,7.7009026738294475,79.13464999869855,0,0.9,100,False,True,"[128, 128]"
204,4,10,"[0.34465997490843536, 0.6553400250915647]",80,0.08947149188467408,0.9899304075924276,7.1577193507739265,79.1944326073942,0,0.9,100,False,True,"[128, 128]"
205,5,10,"[0.34465997490843536, 0.6553400250915647]",80,0.18792800498657902,0.9524663191529367,15.034240398926322,76.19730553223494,0,0.9,100,False,True,"[128, 128]"
206,6,10,"[0.34465997490843536, 0.6553400250915647]",80,0.09325937068146381,0.9937182863803062,7.460749654517104,79.4974629104245,0,0.9,100,False,True,"[128, 128]"
207,7,10,"[0.34465997490843536, 0.6553400250915647]",80,0.3064767609973211,0.905483868101738,24.518140879785687,72.43870944813904,0,0.9,100,False,True,"[128, 128]"
208,8,10,"[0.34465997490843536, 0.6553400250915647]",80,0.18833516103496403,0.9572787687281703,15.066812882797123,76.58230149825363,0,0.9,100,False,True,"[128, 128]"
209,9,10,"[0.34465997490843536, 0.6553400250915647]",80,0.1015260284009772,0.9944861552867621,8.122082272078176,79.55889242294097,0,0.9,100,False,True,"[128, 128]"
210,10,10,"[0.34465997490843536, 0.6553400250915647]",80,0.3335878810522571,0.8848782904831296,26.68703048418057,70.79026323865037,0,0.9,100,False,True,"[128, 128]"
211,11,10,"[0.34465997490843536, 0.6553400250915647]",80,0.09929158586155992,0.9922134280140348,7.943326868924793,79.37707424112278,0,0.9,100,False,True,"[128, 128]"
212,12,10,"[0.34465997490843536, 0.6553400250915647]",80,0.0898502797737243,0.9903091954712153,7.188022381897944,79.22473563769722,0,0.9,100,False,True,"[128, 128]"
213,13,10,"[0.34465997490843536, 0.6553400250915647]",80,0.36533897050916064,0.8710933908202559,29.227117640732853,69.68747126562047,0,0.9,100,False,True,"[128, 128]"
214,14,10,"[0.34465997490843536, 0.6553400250915647]",80,0.08189573431917888,0.9823546500166698,6.55165874553431,78.58837200133358,0,0.9,100,False,True,"[128, 128]"
215,15,10,"[0.34465997490843536, 0.6553400250915647]",80,0.33287685449114185,0.8752024094768862,26.630148359291347,70.0161927581509,0,0.9,100,False,True,"[128, 128]"
216,16,10,"[0.34465997490843536, 0.6553400250915647]",80,0.23146590952127571,0.9220251286701882,18.517272761702056,73.76201029361505,0,0.9,100,False,True,"[128, 128]"
217,17,10,"[0.34465997490843536, 0.6553400250915647]",80,0.10313442481688931,0.9960013068019137,8.250753985351144,79.6801045441531,0,0.9,100,False,True,"[128, 128]"
218,18,10,"[0.34465997490843536, 0.6553400250915647]",80,0.201971231574016,0.9472920737503789,16.15769852592128,75.78336590003032,0,0.9,100,False,True,"[128, 128]"
219,19,10,"[0.34465997490843536, 0.6553400250915647]",80,0.1201533102021205,0.9878248929644815,9.61226481616964,79.02599143715852,0,0.9,100,False,True,"[128, 128]"
220,0,11,"[0.3791629382391822, 0.6208370617608178]",80,0.09063256904516079,0.9986322356556686,7.2506055236128635,79.89057885245349,0,0.9,100,False,True,"[128, 128]"
221,1,11,"[0.3791629382391822, 0.6208370617608178]",80,0.07772906765251227,0.9781879833500028,6.218325412200981,78.25503866800022,0,0.9,100,False,True,"[128, 128]"
222,2,11,"[0.3791629382391822, 0.6208370617608178]",80,0.09250176080796153,0.9929607106227305,7.4001408646369224,79.43685684981844,0,0.9,100,False,True,"[128, 128]"
223,3,11,"[0.3791629382391822, 0.6208370617608178]",80,0.44114358078692906,0.8405643662214315,35.291486462954325,67.24514929771452,0,0.9,100,False,True,"[128, 128]"
224,4,11,"[0.3791629382391822, 0.6208370617608178]",80,0.33703951455419606,0.8648326292923956,26.963161164335684,69.18661034339165,0,0.9,100,False,True,"[128, 128]"
225,5,11,"[0.3791629382391822, 0.6208370617608178]",80,0.20915102505783706,0.9402543464183213,16.732082004626964,75.2203477134657,0,0.9,100,False,True,"[128, 128]"
226,6,11,"[0.3791629382391822, 0.6208370617608178]",80,0.51333152872667,0.7933579595494703,41.0665222981336,63.468636763957626,0,0.9,100,False,True,"[128, 128]"
227,7,11,"[0.3791629382391822, 0.6208370617608178]",80,0.47147653062538175,0.8276330395958589,37.71812245003054,66.2106431676687,0,0.9,100,False,True,"[128, 128]"
228,8,11,"[0.3791629382391822, 0.6208370617608178]",80,0.3257056706688304,0.8927964074422325,26.05645365350643,71.4237125953786,0,0.9,100,False,True,"[128, 128]"
229,9,11,"[0.3791629382391822, 0.6208370617608178]",5,0.29451471936567497,0.3391541157764381,1.4725735968283749,1.6957705788821906,0,0.9,100,False,True,"[128, 128]"
230,10,11,"[0.3791629382391822, 0.6208370617608178]",80,0.08450897030744073,0.9850061651681848,6.760717624595259,78.80049321345479,0,0.9,100,False,True,"[128, 128]"
231,11,11,"[0.3791629382391822, 0.6208370617608178]",80,0.42203021432830595,0.8300843978808494,33.762417146264475,66.40675183046795,0,0.9,100,False,True,"[128, 128]"
232,12,11,"[0.3791629382391822, 0.6208370617608178]",80,0.07093745511991974,0.9789352659586985,5.674996409593579,78.31482127669588,0,0.9,100,False,True,"[128, 128]"
233,13,11,"[0.3791629382391822, 0.6208370617608178]",80,0.06713645358727263,0.9751473871708196,5.370916286981811,78.01179097366557,0,0.9,100,False,True,"[128, 128]"
234,14,11,"[0.3791629382391822, 0.6208370617608178]",80,0.06146775815022283,0.9694655689890013,4.917420652017826,77.5572455191201,0,0.9,100,False,True,"[128, 128]"
235,15,11,"[0.3791629382391822, 0.6208370617608178]",5,0.48247451963824695,0.2598508301307958,2.4123725981912347,1.299254150653979,0,0.9,100,False,True,"[128, 128]"
236,16,11,"[0.3791629382391822, 0.6208370617608178]",80,0.08533139451385904,0.9933292053526384,6.826511561108724,79.46633642821106,0,0.9,100,False,True,"[128, 128]"
237,17,11,"[0.3791629382391822, 0.6208370617608178]",80,0.4559929722660946,0.8327046138348925,36.479437781287565,66.6163691067914,0,0.9,100,False,True,"[128, 128]"
238,18,11,"[0.3791629382391822, 0.6208370617608178]",80,0.4424035677414101,0.8074269865828139,35.392285419312806,64.59415892662511,0,0.9,100,False,True,"[128, 128]"
239,19,11,"[0.3791629382391822, 0.6208370617608178]",80,0.07735027977372436,0.9778091954712151,6.188022381897948,78.22473563769721,0,0.9,100,False,True,"[128, 128]"
240,0,12,"[0.41364336407957975, 0.5863566359204202]",80,0.25791866408585606,0.9021156678683774,20.633493126868483,72.16925342947019,0,0.9,100,False,True,"[128, 128]"
241,1,12,"[0.41364336407957975, 0.5863566359204202]",80,0.4078368658209133,0.8217351232139473,32.62694926567306,65.73880985711578,0,0.9,100,False,True,"[128, 128]"
242,2,12,"[0.41364336407957975, 0.5863566359204202]",53,0.642340052522299,0.6639416953461765,34.04402278368185,35.188909853347354,0,0.9,100,False,True,"[128, 128]"
243,3,12,"[0.41364336407957975, 0.5863566359204202]",80,0.6039160992474342,0.7601617618646387,48.31328793979473,60.81294094917109,0,0.9,100,False,True,"[128, 128]"
244,4,12,"[0.41364336407957975, 0.5863566359204202]",80,0.5766768563168773,0.7393800599351597,46.13414850535018,59.15040479481277,0,0.9,100,False,True,"[128, 128]"
245,5,12,"[0.41364336407957975, 0.5863566359204202]",80,0.6236062164843815,0.7458479263401581,49.888497318750524,59.66783410721265,0,0.9,100,False,True,"[128, 128]"
246,6,12,"[0.41364336407957975, 0.5863566359204202]",80,0.6501604011333397,0.7238637480950909,52.01283209066718,57.90909984760727,0,0.9,100,False,True,"[128, 128]"
247,7,12,"[0.41364336407957975, 0.5863566359204202]",80,0.8970014021745222,0.6343620571582824,71.76011217396177,50.748964572662594,0,0.9,100,False,True,"[128, 128]"
248,8,12,"[0.41364336407957975, 0.5863566359204202]",80,0.06525563303604746,0.9139751502696418,5.220450642883797,73.11801202157135,0,0.9,100,False,True,"[128, 128]"
249,9,12,"[0.41364336407957975, 0.5863566359204202]",80,0.7537892986361603,0.6776636745974821,60.30314389089283,54.21309396779857,0,0.9,100,False,True,"[128, 128]"
250,10,12,"[0.41364336407957975, 0.5863566359204202]",80,0.7428443890184337,0.6896504879853463,59.4275511214747,55.172039038827705,0,0.9,100,False,True,"[128, 128]"
251,11,12,"[0.41364336407957975, 0.5863566359204202]",80,0.7716378765367538,0.6920284764067992,61.7310301229403,55.36227811254394,0,0.9,100,False,True,"[128, 128]"
252,12,12,"[0.41364336407957975, 0.5863566359204202]",10,0.7021973334718586,0.47061300729148464,7.021973334718586,4.7061300729148465,0,0.9,100,False,True,"[128, 128]"
253,13,12,"[0.41364336407957975, 0.5863566359204202]",80,0.21950346673912563,0.814937831361202,17.56027733913005,65.19502650889616,0,0.9,100,False,True,"[128, 128]"
254,14,12,"[0.41364336407957975, 0.5863566359204202]",80,0.48649478597929585,0.7926788852613149,38.91958287834367,63.41431082090519,0,0.9,100,False,True,"[128, 128]"
255,15,12,"[0.41364336407957975, 0.5863566359204202]",80,0.7671471306827545,0.6925674698535904,61.37177045462036,55.40539758828724,0,0.9,100,False,True,"[128, 128]"
256,16,12,"[0.41364336407957975, 0.5863566359204202]",14,0.7695329407609978,0.49114831093219224,10.773461170653968,6.876076353050691,0,0.9,100,False,True,"[128, 128]"
257,17,12,"[0.41364336407957975, 0.5863566359204202]",80,0.20410311462785474,0.9270607253320652,16.32824917022838,74.16485802656521,0,0.9,100,False,True,"[128, 128]"
258,18,12,"[0.41364336407957975, 0.5863566359204202]",80,0.5479966066830039,0.7641772458098892,43.83972853464031,61.13417966479114,0,0.9,100,False,True,"[128, 128]"
259,19,12,"[0.41364336407957975, 0.5863566359204202]",32,0.890446708697167,0.5576392437371743,28.494294678309345,17.84445579958958,0,0.9,100,False,True,"[128, 128]"
260,0,13,"[0.44814395371590793, 0.551856046284092]",46,0.556909100263735,0.7171663809392004,25.61781861213181,32.989653523203216,0,0.9,100,False,True,"[128, 128]"
261,1,13,"[0.44814395371590793, 0.551856046284092]",80,0.9553901707848402,0.6090974046544565,76.43121366278721,48.72779237235652,0,0.9,100,False,True,"[128, 128]"
262,2,13,"[0.44814395371590793, 0.551856046284092]",80,0.8140283861637352,0.6713499292820801,65.12227089309881,53.70799434256641,0,0.9,100,False,True,"[128, 128]"
263,3,13,"[0.44814395371590793, 0.551856046284092]",80,0.8041522502519355,0.6703284832569524,64.33218002015484,53.62627866055619,0,0.9,100,False,True,"[128, 128]"
264,4,13,"[0.44814395371590793, 0.551856046284092]",80,0.47443630722957086,0.8157691517716573,37.95490457836567,65.26153214173259,0,0.9,100,False,True,"[128, 128]"
265,5,13,"[0.44814395371590793, 0.551856046284092]",80,0.8205009651389881,0.6726996375606973,65.64007721111905,53.81597100485578,0,0.9,100,False,True,"[128, 128]"
266,6,13,"[0.44814395371590793, 0.551856046284092]",80,0.33327996925203285,0.8203549930203856,26.662397540162626,65.62839944163085,0,0.9,100,False,True,"[128, 128]"
267,7,13,"[0.44814395371590793, 0.551856046284092]",80,0.884076879858331,0.6369366151131489,70.72615038866648,50.95492920905191,0,0.9,100,False,True,"[128, 128]"
268,8,13,"[0.44814395371590793, 0.551856046284092]",37,0.8995957868825288,0.5711228625739183,33.285044114653566,21.131545915234977,0,0.9,100,False,True,"[128, 128]"
269,9,13,"[0.44814395371590793, 0.551856046284092]",14,0.7871335621758979,0.4891018433542982,11.019869870462571,6.8474258069601746,0,0.9,100,False,True,"[128, 128]"
270,10,13,"[0.44814395371590793, 0.551856046284092]",80,0.9511822638954885,0.6096920166183539,76.09458111163909,48.77536132946831,0,0.9,100,False,True,"[128, 128]"
271,11,13,"[0.44814395371590793, 0.551856046284092]",80,0.968315647707327,0.6138779565949568,77.46525181658616,49.11023652759655,0,0.9,100,False,True,"[128, 128]"
272,12,13,"[0.44814395371590793, 0.551856046284092]",80,0.9185406561875358,0.6220348097132364,73.48325249500286,49.76278477705892,0,0.9,100,False,True,"[128, 128]"
273,13,13,"[0.44814395371590793, 0.551856046284092]",80,0.5713279351343347,0.7463968865000786,45.70623481074677,59.71175092000629,0,0.9,100,False,True,"[128, 128]"
274,14,13,"[0.44814395371590793, 0.551856046284092]",27,0.8916493294247636,0.5313755309325848,24.074531894468617,14.34713933517979,0,0.9,100,False,True,"[128, 128]"
275,15,13,"[0.44814395371590793, 0.551856046284092]",80,0.8523328557604486,0.6528255036980736,68.18662846083589,52.226040295845884,0,0.9,100,False,True,"[128, 128]"
276,16,13,"[0.44814395371590793, 0.551856046284092]",80,0.8091862977131893,0.6709363286860476,64.73490381705514,53.674906294883804,0,0.9,100,False,True,"[128, 128]"
277,17,13,"[0.44814395371590793, 0.551856046284092]",13,0.45136507094835626,0.6299148383246753,5.8677459223286315,8.188892898220779,0,0.9,100,False,True,"[128, 128]"
278,18,13,"[0.44814395371590793, 0.551856046284092]",80,0.7830705482385095,0.6669716433029735,62.645643859080764,53.35773146423789,0,0.9,100,False,True,"[128, 128]"
279,19,13,"[0.44814395371590793, 0.551856046284092]",80,0.653783159323422,0.7393208874073898,52.302652745873765,59.145670992591185,0,0.9,100,False,True,"[128, 128]"
280,0,14,"[0.4826766426563214, 0.5173233573436787]",80,0.9046119378056956,0.639873711872525,72.36895502445564,51.189896949802,0,0.9,100,False,True,"[128, 128]"
281,1,14,"[0.4826766426563214, 0.5173233573436787]",80,0.9734814818497869,0.61156048225947,77.87851854798295,48.9248385807576,0,0.9,100,False,True,"[128, 128]"
282,2,14,"[0.4826766426563214, 0.5173233573436787]",80,0.41548072033214156,0.8335406755925658,33.238457626571325,66.68325404740527,0,0.9,100,False,True,"[128, 128]"
283,3,14,"[0.4826766426563214, 0.5173233573436787]",80,0.3139872409043928,0.8595403380207916,25.118979272351424,68.76322704166333,0,0.9,100,False,True,"[128, 128]"
284,4,14,"[0.4826766426563214, 0.5173233573436787]",80,0.9693439119430378,0.6025395857611278,77.54751295544303,48.20316686089022,0,0.9,100,False,True,"[128, 128]"
285,5,14,"[0.4826766426563214, 0.5173233573436787]",29,0.8940636284835656,0.5683045969195011,25.9278452260234,16.48083331066553,0,0.9,100,False,True,"[128, 128]"
286,6,14,"[0.4826766426563214, 0.5173233573436787]",80,0.9780772474702415,0.6161059368049245,78.24617979761932,49.28847494439396,0,0.9,100,False,True,"[128, 128]"
287,7,14,"[0.4826766426563214, 0.5173233573436787]",80,0.9257553384452482,0.6044262939888903,74.06042707561986,48.35410351911122,0,0.9,100,False,True,"[128, 128]"
288,8,14,"[0.4826766426563214, 0.5173233573436787]",14,0.7847378585089729,0.4638930437422125,10.98633001912562,6.494502612390975,0,0.9,100,False,True,"[128, 128]"
289,9,14,"[0.4826766426563214, 0.5173233573436787]",80,0.9347359061057722,0.6059039353434534,74.77887248846177,48.472314827476275,0,0.9,100,False,True,"[128, 128]"
290,10,14,"[0.4826766426563214, 0.5173233573436787]",41,0.8566352173157646,0.5383348784619472,35.12204390994635,22.071730016939835,0,0.9,100,False,True,"[128, 128]"
291,11,14,"[0.4826766426563214, 0.5173233573436787]",80,0.9760619987948111,0.6057201495848981,78.08495990358489,48.457611966791845,0,0.9,100,False,True,"[128, 128]"
292,12,14,"[0.4826766426563214, 0.5173233573436787]",80,0.9792005189178458,0.6002586047891146,78.33604151342766,48.02068838312917,0,0.9,100,False,True,"[128, 128]"
293,13,14,"[0.4826766426563214, 0.5173233573436787]",22,0.8976198426605653,0.5258535443044163,19.747636538532436,11.56877797469716,0,0.9,100,False,True,"[128, 128]"
294,14,14,"[0.4826766426563214, 0.5173233573436787]",80,0.8417129990576411,0.6448617855111156,67.33703992461129,51.58894284088925,0,0.9,100,False,True,"[128, 128]"
295,15,14,"[0.4826766426563214, 0.5173233573436787]",70,0.70743881274047,0.6825522396418011,49.520716891832905,47.77865677492608,0,0.9,100,False,True,"[128, 128]"
296,16,14,"[0.4826766426563214, 0.5173233573436787]",80,0.8621350598778358,0.6531868609353313,68.97080479022686,52.2549488748265,0,0.9,100,False,True,"[128, 128]"
297,17,14,"[0.4826766426563214, 0.5173233573436787]",80,0.8419793761173052,0.6491684156100052,67.35835008938442,51.93347324880041,0,0.9,100,False,True,"[128, 128]"
298,18,14,"[0.4826766426563214, 0.5173233573436787]",52,0.5474299057122625,0.7199790006053916,28.46635509703765,37.43890803148036,0,0.9,100,False,True,"[128, 128]"
299,19,14,"[0.4826766426563214, 0.5173233573436787]",41,0.9217818892028025,0.5631388203955295,37.7930574573149,23.088691636216712,0,0.9,100,False,True,"[128, 128]"
300,0,15,"[0.5171742625180676, 0.48282573748193236]",80,0.9791999093952176,0.6172423004412887,78.33599275161741,49.3793840353031,0,0.9,100,False,True,"[128, 128]"
301,1,15,"[0.5171742625180676, 0.48282573748193236]",80,0.9693179474898133,0.6158856634188907,77.54543579918506,49.27085307351126,0,0.9,100,False,True,"[128, 128]"
302,2,15,"[0.5171742625180676, 0.48282573748193236]",80,0.6201803544212015,0.7567743485640988,49.61442835369611,60.541947885127904,0,0.9,100,False,True,"[128, 128]"
303,3,15,"[0.5171742625180676, 0.48282573748193236]",7,0.6480538484377097,0.3689688896783471,4.5363769390639685,2.58278222774843,0,0.9,100,False,True,"[128, 128]"
304,4,15,"[0.5171742625180676, 0.48282573748193236]",80,0.9811133603837046,0.6021525441830541,78.48906883069637,48.172203534644325,0,0.9,100,False,True,"[128, 128]"
305,5,15,"[0.5171742625180676, 0.48282573748193236]",31,0.8751825533758179,0.5437520486161118,27.130659154650353,16.856313507099465,0,0.9,100,False,True,"[128, 128]"
306,6,15,"[0.5171742625180676, 0.48282573748193236]",30,0.7526994321247215,0.5764165163913252,22.580982963741643,17.292495491739757,0,0.9,100,False,True,"[128, 128]"
307,7,15,"[0.5171742625180676, 0.48282573748193236]",80,0.9795923990660549,0.6176210883200763,78.3673919252844,49.40968706560611,0,0.9,100,False,True,"[128, 128]"
308,8,15,"[0.5171742625180676, 0.48282573748193236]",80,0.9398017897745792,0.6278698845667947,75.18414318196633,50.22959076534358,0,0.9,100,False,True,"[128, 128]"
309,9,15,"[0.5171742625180676, 0.48282573748193236]",80,0.7451226441369438,0.6891490644897262,59.60981153095551,55.1319251591781,0,0.9,100,False,True,"[128, 128]"
310,10,15,"[0.5171742625180676, 0.48282573748193236]",80,0.9932754710695028,0.6142737563042658,79.46203768556022,49.141900504341265,0,0.9,100,False,True,"[128, 128]"
311,11,15,"[0.5171742625180676, 0.48282573748193236]",80,0.9772789117437005,0.6104941306614603,78.18231293949604,48.839530452916826,0,0.9,100,False,True,"[128, 128]"
312,12,15,"[0.5171742625180676, 0.48282573748193236]",26,0.8523192506624443,0.5555167199700264,22.16030051722355,14.443434719220686,0,0.9,100,False,True,"[128, 128]"
313,13,15,"[0.5171742625180676, 0.48282573748193236]",80,0.9723346659200912,0.6055698882384839,77.7867732736073,48.445591059078716,0,0.9,100,False,True,"[128, 128]"
314,14,15,"[0.5171742625180676, 0.48282573748193236]",80,0.9257312006679369,0.6165557592551969,74.05849605343495,49.32446074041575,0,0.9,100,False,True,"[128, 128]"
315,15,15,"[0.5171742625180676, 0.48282573748193236]",80,0.9956084988703594,0.616546483576993,79.64867990962875,49.323718686159445,0,0.9,100,False,True,"[128, 128]"
316,16,15,"[0.5171742625180676, 0.48282573748193236]",80,0.9890685117985452,0.6101070896375991,79.12548094388362,48.80856717100793,0,0.9,100,False,True,"[128, 128]"
317,17,15,"[0.5171742625180676, 0.48282573748193236]",80,0.5868634636521929,0.7734463029194861,46.94907709217543,61.87570423355889,0,0.9,100,False,True,"[128, 128]"
318,18,15,"[0.5171742625180676, 0.48282573748193236]",80,0.822044456368852,0.6781763109951653,65.76355650950816,54.25410487961322,0,0.9,100,False,True,"[128, 128]"
319,19,15,"[0.5171742625180676, 0.48282573748193236]",80,0.9651513393273691,0.6068647663663354,77.21210714618952,48.549181309306825,0,0.9,100,False,True,"[128, 128]"
320,0,16,"[0.5516636785942566, 0.4483363214057434]",9,0.7598384679702838,0.3934566702877355,6.838546211732554,3.5411100325896196,0,0.9,100,False,True,"[128, 128]"
321,1,16,"[0.5516636785942566, 0.4483363214057434]",80,0.9685466079162387,0.6151280876613147,77.4837286332991,49.21024701290517,0,0.9,100,False,True,"[128, 128]"
322,2,16,"[0.5516636785942566, 0.4483363214057434]",80,0.9776180032352304,0.6072353011000502,78.20944025881843,48.57882408800401,0,0.9,100,False,True,"[128, 128]"
323,3,16,"[0.5516636785942566, 0.4483363214057434]",80,0.9204620698365863,0.6282364607260778,73.6369655869269,50.25891685808622,0,0.9,100,False,True,"[128, 128]"
324,4,16,"[0.5516636785942566, 0.4483363214057434]",80,0.9802506125866437,0.6098868162515648,78.42004900693149,48.79094530012519,0,0.9,100,False,True,"[128, 128]"
325,5,16,"[0.5516636785942566, 0.4483363214057434]",39,0.8098424517617562,0.5631411951008229,31.58385561870849,21.962506608932095,0,0.9,100,False,True,"[128, 128]"
326,6,16,"[0.5516636785942566, 0.4483363214057434]",19,0.6833594050692573,0.5231429580433173,12.98382869631589,9.93971620282303,0,0.9,100,False,True,"[128, 128]"
327,7,16,"[0.5516636785942566, 0.4483363214057434]",14,0.8322784822579036,0.4629872466399784,11.65189875161065,6.481821452959698,0,0.9,100,False,True,"[128, 128]"
328,8,16,"[0.5516636785942566, 0.4483363214057434]",80,0.96972381435085,0.5992807556455063,77.577905148068,47.94246045164051,0,0.9,100,False,True,"[128, 128]"
329,9,16,"[0.5516636785942566, 0.4483363214057434]",80,0.9857191703999438,0.6066979987285082,78.85753363199551,48.535839898280656,0,0.9,100,False,True,"[128, 128]"
330,10,16,"[0.5516636785942566, 0.4483363214057434]",80,0.8508649641975806,0.6663723846482126,68.06919713580645,53.309790771857,0,0.9,100,False,True,"[128, 128]"
331,11,16,"[0.5516636785942566, 0.4483363214057434]",80,0.8318179392673543,0.6360338101620294,66.54543514138834,50.88270481296235,0,0.9,100,False,True,"[128, 128]"
332,12,16,"[0.5516636785942566, 0.4483363214057434]",32,0.8429798122677745,0.5645660899077252,26.975353992568785,18.066114877047205,0,0.9,100,False,True,"[128, 128]"
333,13,16,"[0.5516636785942566, 0.4483363214057434]",22,0.8876875417934849,0.5162116710261793,19.529125919456668,11.356656762575945,0,0.9,100,False,True,"[128, 128]"
334,14,16,"[0.5516636785942566, 0.4483363214057434]",80,0.7554147295500007,0.6928278284321482,60.43317836400006,55.42622627457185,0,0.9,100,False,True,"[128, 128]"
335,15,16,"[0.5516636785942566, 0.4483363214057434]",80,0.9378379321257265,0.6165475061101013,75.02703457005812,49.323800488808104,0,0.9,100,False,True,"[128, 128]"
336,16,16,"[0.5516636785942566, 0.4483363214057434]",34,0.903096182682959,0.54783061892151,30.705270211220604,18.62624104333134,0,0.9,100,False,True,"[128, 128]"
337,17,16,"[0.5516636785942566, 0.4483363214057434]",80,0.952428899375656,0.6233880870600997,76.19431195005248,49.87104696480798,0,0.9,100,False,True,"[128, 128]"
338,18,16,"[0.5516636785942566, 0.4483363214057434]",80,0.9905239119810012,0.6116222411527508,79.2419129584801,48.92977929222006,0,0.9,100,False,True,"[128, 128]"
339,19,16,"[0.5516636785942566, 0.4483363214057434]",80,0.8632907531866169,0.6222086044679291,69.06326025492935,49.77668835743433,0,0.9,100,False,True,"[128, 128]"
340,0,17,"[0.5861751468165578, 0.41382485318344225]",80,0.9825681574626028,0.6036676956982052,78.60545259700822,48.29341565585642,0,0.9,100,False,True,"[128, 128]"
341,1,17,"[0.5861751468165578, 0.41382485318344225]",80,0.9875534202596439,0.6085919381224476,79.00427362077151,48.68735504979581,0,0.9,100,False,True,"[128, 128]"
342,2,17,"[0.5861751468165578, 0.41382485318344225]",80,0.991362575349177,0.6123798169103265,79.30900602793416,48.99038535282612,0,0.9,100,False,True,"[128, 128]"
343,3,17,"[0.5861751468165578, 0.41382485318344225]",21,0.8722116463353929,0.5333036879851398,18.316444573043253,11.199377447687937,0,0.9,100,False,True,"[128, 128]"
344,4,17,"[0.5861751468165578, 0.41382485318344225]",80,0.983785602425511,0.6048040593345692,78.70284819404088,48.38432474676553,0,0.9,100,False,True,"[128, 128]"
345,5,17,"[0.5861751468165578, 0.41382485318344225]",80,0.9735784483580444,0.594576786607298,77.88627586864355,47.56614292858384,0,0.9,100,False,True,"[128, 128]"
346,6,17,"[0.5861751468165578, 0.41382485318344225]",80,0.8140826263725265,0.6472597470422056,65.12661010980212,51.780779763376444,0,0.9,100,False,True,"[128, 128]"
347,7,17,"[0.5861751468165578, 0.41382485318344225]",80,0.9856932595597311,0.6151898465545953,78.85546076477848,49.215187724367624,0,0.9,100,False,True,"[128, 128]"
348,8,17,"[0.5861751468165578, 0.41382485318344225]",80,0.9018792449178663,0.624802565953219,72.15033959342931,49.98420527625752,0,0.9,100,False,True,"[128, 128]"
349,9,17,"[0.5861751468165578, 0.41382485318344225]",80,0.9921591714173523,0.6131373926679021,79.37273371338819,49.05099141343217,0,0.9,100,False,True,"[128, 128]"
350,10,17,"[0.5861751468165578, 0.41382485318344225]",80,0.9867957867904031,0.6078343623648722,78.94366294323225,48.62674898918978,0,0.9,100,False,True,"[128, 128]"
351,11,17,"[0.5861751468165578, 0.41382485318344225]",80,0.9867562157342163,0.6078343623648724,78.94049725873731,48.62674898918979,0,0.9,100,False,True,"[128, 128]"
352,12,17,"[0.5861751468165578, 0.41382485318344225]",80,0.9856530226213518,0.6151898465545955,78.85224180970815,49.215187724367645,0,0.9,100,False,True,"[128, 128]"
353,13,17,"[0.5861751468165578, 0.41382485318344225]",20,0.8538503561956075,0.5123397201507579,17.07700712391215,10.246794403015159,0,0.9,100,False,True,"[128, 128]"
354,14,17,"[0.5861751468165578, 0.41382485318344225]",80,0.8790776618746448,0.6184108925246375,70.32621294997158,49.472871401971005,0,0.9,100,False,True,"[128, 128]"
355,15,17,"[0.5861751468165578, 0.41382485318344225]",80,0.9829871811960451,0.6040464835769934,78.63897449568361,48.323718686159474,0,0.9,100,False,True,"[128, 128]"
356,16,17,"[0.5861751468165578, 0.41382485318344225]",80,0.9910228092502067,0.6120010290315389,79.28182474001653,48.96008232252311,0,0.9,100,False,True,"[128, 128]"
357,17,17,"[0.5861751468165578, 0.41382485318344225]",80,0.9799368227902276,0.6010161805466901,78.39494582321821,48.08129444373521,0,0.9,100,False,True,"[128, 128]"
358,18,17,"[0.5861751468165578, 0.41382485318344225]",80,0.9848622168150089,0.6059404229709329,78.7889773452007,48.47523383767463,0,0.9,100,False,True,"[128, 128]"
359,19,17,"[0.5861751468165578, 0.41382485318344225]",46,0.7731445323799382,0.6022259851756946,35.56464848947716,27.70239531808195,0,0.9,100,False,True,"[128, 128]"
360,0,18,"[0.6206947157900865, 0.37930528420991355]",80,0.9894271907051136,0.6104858775163873,79.15417525640909,48.83887020131098,0,0.9,100,False,True,"[128, 128]"
361,1,18,"[0.6206947157900865, 0.37930528420991355]",19,0.8557274136877043,0.5160056134726099,16.258820860066383,9.804106655979588,0,0.9,100,False,True,"[128, 128]"
362,2,18,"[0.6206947157900865, 0.37930528420991355]",80,0.9136687346143937,0.6136813217129682,73.0934987691515,49.09450573703746,0,0.9,100,False,True,"[128, 128]"
363,3,18,"[0.6206947157900865, 0.37930528420991355]",80,0.7632859704411309,0.6854890859262326,61.06287763529047,54.8391268740986,0,0.9,100,False,True,"[128, 128]"
364,4,18,"[0.6206947157900865, 0.37930528420991355]",80,0.8886832223565891,0.640021924802012,71.09465778852713,51.201753984160966,0,0.9,100,False,True,"[128, 128]"
365,5,18,"[0.6206947157900865, 0.37930528420991355]",80,0.9765886325551751,0.5976070896375993,78.12709060441401,47.80856717100795,0,0.9,100,False,True,"[128, 128]"
366,6,18,"[0.6206947157900865, 0.37930528420991355]",80,0.5771996100440238,0.7250409830985877,46.175968803521904,58.003278647887015,0,0.9,100,False,True,"[128, 128]"
367,7,18,"[0.6206947157900865, 0.37930528420991355]",10,0.6149571477066458,0.42679824743126477,6.149571477066458,4.267982474312648,0,0.9,100,False,True,"[128, 128]"
368,8,18,"[0.6206947157900865, 0.37930528420991355]",80,0.9625062267011597,0.595721403388733,77.00049813609277,47.657712271098646,0,0.9,100,False,True,"[128, 128]"
369,9,18,"[0.6206947157900865, 0.37930528420991355]",80,0.9834269328225134,0.604425271455781,78.67415462580107,48.354021716462476,0,0.9,100,False,True,"[128, 128]"
370,10,18,"[0.6206947157900865, 0.37930528420991355]",25,0.8792786033822638,0.5073888001473064,21.981965084556595,12.68472000368266,0,0.9,100,False,True,"[128, 128]"
371,11,18,"[0.6206947157900865, 0.37930528420991355]",30,0.8984174305563244,0.5456880523446858,26.95252291668973,16.370641570340574,0,0.9,100,False,True,"[128, 128]"
372,12,18,"[0.6206947157900865, 0.37930528420991355]",80,0.7628661891008128,0.6797817601458396,61.02929512806502,54.38254081166717,0,0.9,100,False,True,"[128, 128]"
373,13,18,"[0.6206947157900865, 0.37930528420991355]",80,0.8318103413163771,0.6329004713734798,66.54482730531016,50.63203770987839,0,0.9,100,False,True,"[128, 128]"
374,14,18,"[0.6206947157900865, 0.37930528420991355]",9,0.7701182447446042,0.40355768038874573,6.931064202701438,3.6320191234987114,0,0.9,100,False,True,"[128, 128]"
375,15,18,"[0.6206947157900865, 0.37930528420991355]",80,0.9458284974199025,0.6084731447267472,75.6662797935922,48.67785157813977,0,0.9,100,False,True,"[128, 128]"
376,16,18,"[0.6206947157900865, 0.37930528420991355]",80,0.9712188477705135,0.6007959071606565,77.69750782164108,48.06367257285252,0,0.9,100,False,True,"[128, 128]"
377,17,18,"[0.6206947157900865, 0.37930528420991355]",80,0.9901847631154327,0.6112434532739628,79.21478104923462,48.89947626191702,0,0.9,100,False,True,"[128, 128]"
378,18,18,"[0.6206947157900865, 0.37930528420991355]",80,0.9928771176125212,0.613894968425478,79.43016940900169,49.111597474038234,0,0.9,100,False,True,"[128, 128]"
379,19,18,"[0.6206947157900865, 0.37930528420991355]",80,0.9393543448502124,0.6180626576252525,75.14834758801699,49.4450126100202,0,0.9,100,False,True,"[128, 128]"
380,0,19,"[0.6552062642881579, 0.3447937357118421]",80,0.9498917595578616,0.6038427484398325,75.99134076462893,48.3074198751866,0,0.9,100,False,True,"[128, 128]"
381,1,19,"[0.6552062642881579, 0.3447937357118421]",27,0.9141556306938936,0.5418778354948098,24.682202028735126,14.630701558359865,0,0.9,100,False,True,"[128, 128]"
382,2,19,"[0.6552062642881579, 0.3447937357118421]",80,0.9360064944411437,0.6231320210507489,74.8805195552915,49.85056168405991,0,0.9,100,False,True,"[128, 128]"
383,3,19,"[0.6552062642881579, 0.3447937357118421]",80,0.9788016676211871,0.5998798169103263,78.30413340969497,47.99038535282611,0,0.9,100,False,True,"[128, 128]"
384,4,19,"[0.6552062642881579, 0.3447937357118421]",27,0.8724039100439079,0.5475011931824769,23.554905571185515,14.782532215926876,0,0.9,100,False,True,"[128, 128]"
385,5,19,"[0.6552062642881579, 0.3447937357118421]",42,0.7737224806743284,0.6159462980399714,32.49634418832179,25.869744517678797,0,0.9,100,False,True,"[128, 128]"
386,6,19,"[0.6552062642881579, 0.3447937357118421]",80,0.9735313061776022,0.6067062518735825,77.88250449420818,48.5365001498866,0,0.9,100,False,True,"[128, 128]"
387,7,19,"[0.6552062642881579, 0.3447937357118421]",73,0.9307506258639826,0.5940145467717738,67.94479568807073,43.36306191433949,0,0.9,100,False,True,"[128, 128]"
388,8,19,"[0.6552062642881579, 0.3447937357118421]",5,0.5134897127604973,0.15409978676636507,2.567448563802486,0.7704989338318253,0,0.9,100,False,True,"[128, 128]"
389,9,19,"[0.6552062642881579, 0.3447937357118421]",38,0.890134775429158,0.542687872484414,33.825121466308005,20.62213915440773,0,0.9,100,False,True,"[128, 128]"
390,10,19,"[0.6552062642881579, 0.3447937357118421]",20,0.8903316560091025,0.5190186088797856,17.80663312018205,10.380372177595712,0,0.9,100,False,True,"[128, 128]"
391,11,19,"[0.6552062642881579, 0.3447937357118421]",34,0.9173325471028321,0.5446292522202251,31.18930660149629,18.517394575487653,0,0.9,100,False,True,"[128, 128]"
392,12,19,"[0.6552062642881579, 0.3447937357118421]",18,0.5875597948566958,0.5414114021173427,10.576076307420525,9.74540523811217,0,0.9,100,False,True,"[128, 128]"
393,13,19,"[0.6552062642881579, 0.3447937357118421]",31,0.8683906810284946,0.5462968394051011,26.920111111883333,16.935202021558133,0,0.9,100,False,True,"[128, 128]"
394,14,19,"[0.6552062642881579, 0.3447937357118421]",80,0.9928765094600042,0.613894968425478,79.43012075680033,49.111597474038234,0,0.9,100,False,True,"[128, 128]"
395,15,19,"[0.6552062642881579, 0.3447937357118421]",80,0.8329544567984394,0.6494823500369461,66.63635654387515,51.958588002955686,0,0.9,100,False,True,"[128, 128]"
396,16,19,"[0.6552062642881579, 0.3447937357118421]",25,0.8937596619012433,0.521934254692761,22.343991547531083,13.048356367319025,0,0.9,100,False,True,"[128, 128]"
397,17,19,"[0.6552062642881579, 0.3447937357118421]",80,0.9731386967228695,0.5941979987285095,77.85109573782955,47.53583989828076,0,0.9,100,False,True,"[128, 128]"
398,18,19,"[0.6552062642881579, 0.3447937357118421]",21,0.6279078098846804,0.551894134533913,13.186064007578288,11.589776825212173,0,0.9,100,False,True,"[128, 128]"
399,19,19,"[0.6552062642881579, 0.3447937357118421]",80,0.9339954353134526,0.5963771312671725,74.71963482507621,47.7101705013738,0,0.9,100,False,True,"[128, 128]"
400,0,20,"[0.6896942287585541, 0.3103057712414458]",41,0.9270721634396034,0.5683125084960469,38.00995870102374,23.300812848337923,0,0.9,100,False,True,"[128, 128]"
401,1,20,"[0.6896942287585541, 0.3103057712414458]",80,0.7996092888627431,0.6705123663282986,63.96874310901945,53.64098930626388,0,0.9,100,False,True,"[128, 128]"
402,2,20,"[0.6896942287585541, 0.3103057712414458]",13,0.6658552852174264,0.48738455917348583,8.656118707826543,6.335999269255316,0,0.9,100,False,True,"[128, 128]"
403,3,20,"[0.6896942287585541, 0.3103057712414458]",80,0.9523462089977872,0.5733646653951763,76.18769671982298,45.869173231614106,0,0.9,100,False,True,"[128, 128]"
404,4,20,"[0.6896942287585541, 0.3103057712414458]",80,0.9764613277143723,0.6060989374636867,78.11690621714979,48.48791499709493,0,0.9,100,False,True,"[128, 128]"
405,5,20,"[0.6896942287585541, 0.3103057712414458]",80,0.9897864584592678,0.6108646653951754,79.18291667674143,48.86917323161403,0,0.9,100,False,True,"[128, 128]"
406,6,20,"[0.6896942287585541, 0.3103057712414458]",3,0.019495260742115716,0.22277119016249447,0.05848578222634715,0.6683135704874834,0,0.9,100,False,True,"[128, 128]"
407,7,20,"[0.6896942287585541, 0.3103057712414458]",80,0.9760425050974515,0.6057201495848984,78.08340040779612,48.45761196679187,0,0.9,100,False,True,"[128, 128]"
408,8,20,"[0.6896942287585541, 0.3103057712414458]",80,0.9807144521707185,0.601773756304267,78.45715617365748,48.14190050434136,0,0.9,100,False,True,"[128, 128]"
409,9,20,"[0.6896942287585541, 0.3103057712414458]",80,0.9284968245315379,0.6324602862273827,74.27974596252304,50.59682289819062,0,0.9,100,False,True,"[128, 128]"
410,10,20,"[0.6896942287585541, 0.3103057712414458]",7,0.6998789200400123,0.3361009457251278,4.899152440280086,2.3527066200758946,0,0.9,100,False,True,"[128, 128]"
411,11,20,"[0.6896942287585541, 0.3103057712414458]",23,0.7831446199435603,0.501050036639572,18.012326258701886,11.524150842710156,0,0.9,100,False,True,"[128, 128]"
412,12,20,"[0.6896942287585541, 0.3103057712414458]",80,0.959408985859883,0.6011829481845171,76.75271886879064,48.09463585476137,0,0.9,100,False,True,"[128, 128]"
413,13,20,"[0.6896942287585541, 0.3103057712414458]",47,0.876065439666614,0.5610420269842283,41.175075664330855,26.36897526825873,0,0.9,100,False,True,"[128, 128]"
414,14,20,"[0.6896942287585541, 0.3103057712414458]",20,0.8537672364201899,0.5123397201507579,17.0753447284038,10.246794403015159,0,0.9,100,False,True,"[128, 128]"
415,15,20,"[0.6896942287585541, 0.3103057712414458]",80,0.9769674276511612,0.6064777253424741,78.1573942120929,48.51821802739793,0,0.9,100,False,True,"[128, 128]"
416,16,20,"[0.6896942287585541, 0.3103057712414458]",25,0.8490178830933433,0.5159001540798981,21.22544707733358,12.897503851997453,0,0.9,100,False,True,"[128, 128]"
417,17,20,"[0.6896942287585541, 0.3103057712414458]",80,0.9799581546548293,0.601016180546692,78.39665237238634,48.08129444373536,0,0.9,100,False,True,"[128, 128]"
418,18,20,"[0.6896942287585541, 0.3103057712414458]",11,0.7428980883250326,0.3748595620252773,8.171878971575358,4.12345518227805,0,0.9,100,False,True,"[128, 128]"
419,19,20,"[0.6896942287585541, 0.3103057712414458]",80,0.9795982086690721,0.6006373926679036,78.36785669352577,48.050991413432286,0,0.9,100,False,True,"[128, 128]"
420,0,21,"[0.7242099614326751, 0.2757900385673248]",16,0.8326653681359312,0.49944968312653826,13.322645890174899,7.991194930024612,0,0.9,100,False,True,"[128, 128]"
421,1,21,"[0.7242099614326751, 0.2757900385673248]",80,0.9143810649293875,0.6144265788448287,73.150485194351,49.154126307586296,0,0.9,100,False,True,"[128, 128]"
422,2,21,"[0.7242099614326751, 0.2757900385673248]",80,0.9246551822719435,0.6154193956188109,73.97241458175549,49.23355164950487,0,0.9,100,False,True,"[128, 128]"
423,3,21,"[0.7242099614326751, 0.2757900385673248]",11,0.800603046576683,0.43271080169469883,8.806633512343513,4.759818818641687,0,0.9,100,False,True,"[128, 128]"
424,4,21,"[0.7242099614326751, 0.2757900385673248]",27,0.8950759460942918,0.5227981497484573,24.167050544545877,14.115550043208348,0,0.9,100,False,True,"[128, 128]"
425,5,21,"[0.7242099614326751, 0.2757900385673248]",80,0.8082483237727519,0.6663071891083512,64.65986590182015,53.3045751286681,0,0.9,100,False,True,"[128, 128]"
426,6,21,"[0.7242099614326751, 0.2757900385673248]",80,0.9746343395368958,0.5957131502436611,77.97074716295167,47.65705201949289,0,0.9,100,False,True,"[128, 128]"
427,7,21,"[0.7242099614326751, 0.2757900385673248]",28,0.9030390098151749,0.5307595747597939,25.285092274824898,14.861268093274226,0,0.9,100,False,True,"[128, 128]"
428,8,21,"[0.7242099614326751, 0.2757900385673248]",80,0.978436542421073,0.6079928768576258,78.27492339368584,48.63943014861007,0,0.9,100,False,True,"[128, 128]"
429,9,21,"[0.7242099614326751, 0.2757900385673248]",80,0.8325514706153718,0.6169853155398739,66.60411764922975,49.35882524318991,0,0.9,100,False,True,"[128, 128]"
430,10,21,"[0.7242099614326751, 0.2757900385673248]",80,0.9571622436934748,0.5867807556455061,76.57297949547798,46.94246045164049,0,0.9,100,False,True,"[128, 128]"
431,11,21,"[0.7242099614326751, 0.2757900385673248]",30,0.9054610652343295,0.532968927658987,27.163831957029885,15.98906782976961,0,0.9,100,False,True,"[128, 128]"
432,12,21,"[0.7242099614326751, 0.2757900385673248]",18,0.8228082435373086,0.5222877200609175,14.810548383671556,9.401178961096516,0,0.9,100,False,True,"[128, 128]"
433,13,21,"[0.7242099614326751, 0.2757900385673248]",80,0.9814465357643762,0.6110231798879294,78.5157228611501,48.88185439103435,0,0.9,100,False,True,"[128, 128]"
434,14,21,"[0.7242099614326751, 0.2757900385673248]",54,0.9316231204317452,0.5815142231954441,50.30764850331424,31.401768052553983,0,0.9,100,False,True,"[128, 128]"
435,15,21,"[0.7242099614326751, 0.2757900385673248]",68,0.9088575331702162,0.5958278657053553,61.802312255574705,40.516294867964156,0,0.9,100,False,True,"[128, 128]"
436,16,21,"[0.7242099614326751, 0.2757900385673248]",22,0.8556868001857836,0.5154106768951459,18.82510960408724,11.33903489169321,0,0.9,100,False,True,"[128, 128]"
437,17,21,"[0.7242099614326751, 0.2757900385673248]",13,0.7403309998697811,0.423566178460331,9.624302998307154,5.506360319984303,0,0.9,100,False,True,"[128, 128]"
438,18,21,"[0.7242099614326751, 0.2757900385673248]",21,0.8691200631749082,0.4980677886188056,18.25152132667307,10.459423560994917,0,0.9,100,False,True,"[128, 128]"
439,19,21,"[0.7242099614326751, 0.2757900385673248]",80,0.9750728728506719,0.5960919381224496,78.00582982805375,47.68735504979597,0,0.9,100,False,True,"[128, 128]"
440,0,22,"[0.758732730596041, 0.2412672694039591]",80,0.9716442699723897,0.5926828472133585,77.73154159779118,47.41462777706868,0,0.9,100,False,True,"[128, 128]"
441,1,22,"[0.758732730596041, 0.2412672694039591]",80,0.9674574924440069,0.5885161805466917,77.39659939552055,47.08129444373534,0,0.9,100,False,True,"[128, 128]"
442,2,22,"[0.758732730596041, 0.2412672694039591]",80,0.9849219662529454,0.6059404229709328,78.79375730023563,48.47523383767462,0,0.9,100,False,True,"[128, 128]"
443,3,22,"[0.758732730596041, 0.2412672694039591]",69,0.7542753395562147,0.6122722779637843,52.044998429378815,42.24678717950111,0,0.9,100,False,True,"[128, 128]"
444,4,22,"[0.758732730596041, 0.2412672694039591]",80,0.964420332302368,0.5976153427826734,77.15362658418944,47.809227422613866,0,0.9,100,False,True,"[128, 128]"
445,5,22,"[0.758732730596041, 0.2412672694039591]",16,0.8174132612595151,0.48429816797502323,13.078612180152241,7.748770687600372,0,0.9,100,False,True,"[128, 128]"
446,6,22,"[0.758732730596041, 0.2412672694039591]",80,0.97078615245046,0.5919252714557829,77.6628921960368,47.35402171646263,0,0.9,100,False,True,"[128, 128]"
447,7,22,"[0.758732730596041, 0.2412672694039591]",80,0.9787815016902849,0.5998798169103278,78.30252013522279,47.99038535282622,0,0.9,100,False,True,"[128, 128]"
448,8,22,"[0.758732730596041, 0.2412672694039591]",41,0.912334335428095,0.562717427227647,37.40570775255189,23.071414516333526,0,0.9,100,False,True,"[128, 128]"
449,9,22,"[0.758732730596041, 0.2412672694039591]",80,0.9737950712202933,0.5949555744860844,77.90360569762346,47.59644595888675,0,0.9,100,False,True,"[128, 128]"
450,10,22,"[0.758732730596041, 0.2412672694039591]",80,0.9730588856144575,0.5941979987285098,77.8447108491566,47.53583989828078,0,0.9,100,False,True,"[128, 128]"
451,11,22,"[0.758732730596041, 0.2412672694039591]",9,0.7394521533997351,0.37325465008571534,6.655069380597617,3.359291850771438,0,0.9,100,False,True,"[128, 128]"
452,12,22,"[0.758732730596041, 0.2412672694039591]",38,0.8891462249711454,0.5783247080220384,33.787556548903524,21.97633890483746,0,0.9,100,False,True,"[128, 128]"
453,13,22,"[0.758732730596041, 0.2412672694039591]",80,0.9830280814741028,0.6040464835769931,78.64224651792823,48.323718686159445,0,0.9,100,False,True,"[128, 128]"
454,14,22,"[0.758732730596041, 0.2412672694039591]",51,0.901358933241829,0.5585475750563773,45.96930559533328,28.48592632787524,0,0.9,100,False,True,"[128, 128]"
455,15,22,"[0.758732730596041, 0.2412672694039591]",18,0.873096023307093,0.5022472904988394,15.715728419527675,9.04045122897911,0,0.9,100,False,True,"[128, 128]"
456,16,22,"[0.758732730596041, 0.2412672694039591]",80,0.971225852611812,0.5963355145313007,77.69806820894496,47.70684116250406,0,0.9,100,False,True,"[128, 128]"
457,17,22,"[0.758732730596041, 0.2412672694039591]",14,0.813089425045033,0.4859135094954491,11.383251950630463,6.8027891329362875,0,0.9,100,False,True,"[128, 128]"
458,18,22,"[0.758732730596041, 0.2412672694039591]",80,0.9734175533629209,0.5945767866072967,77.87340426903367,47.56614292858374,0,0.9,100,False,True,"[128, 128]"
459,19,22,"[0.758732730596041, 0.2412672694039591]",16,0.8151256615265359,0.4877575331682569,13.042010584424574,7.80412053069211,0,0.9,100,False,True,"[128, 128]"
460,0,23,"[0.7932347015369545, 0.20676529846304542]",22,0.8780825769269156,0.5335559319612231,19.317816692392142,11.738230503146907,0,0.9,100,False,True,"[128, 128]"
461,1,23,"[0.7932347015369545, 0.20676529846304542]",80,0.9518000798309589,0.5899695731685624,76.14400638647672,47.19756585348499,0,0.9,100,False,True,"[128, 128]"
462,2,23,"[0.7932347015369545, 0.20676529846304542]",21,0.47202817399262226,0.613548872113173,9.912591653845068,12.884526314376632,0,0.9,100,False,True,"[128, 128]"
463,3,23,"[0.7932347015369545, 0.20676529846304542]",14,0.7805072453024969,0.4534459770279166,10.927101434234958,6.3482436783908325,0,0.9,100,False,True,"[128, 128]"
464,4,23,"[0.7932347015369545, 0.20676529846304542]",80,0.9640477889135886,0.5851070896376008,77.12382311308708,46.808567171008065,0,0.9,100,False,True,"[128, 128]"
465,5,23,"[0.7932347015369545, 0.20676529846304542]",26,0.9038590487684548,0.5317068249110742,23.500335267979825,13.82437744768793,0,0.9,100,False,True,"[128, 128]"
466,6,23,"[0.7932347015369545, 0.20676529846304542]",51,0.9099280618781255,0.5744090145788431,46.4063311557844,29.294859743520995,0,0.9,100,False,True,"[128, 128]"
467,7,23,"[0.7932347015369545, 0.20676529846304542]",80,0.9696705181249483,0.5907889078194187,77.57364144999586,47.2631126255535,0,0.9,100,False,True,"[128, 128]"
468,8,23,"[0.7932347015369545, 0.20676529846304542]",80,0.6921389895219673,0.6821929539466062,55.371119161757385,54.575436315728496,0,0.9,100,False,True,"[128, 128]"
469,9,23,"[0.7932347015369545, 0.20676529846304542]",21,0.8520342056660833,0.48075177130278846,17.89271831898775,10.095787197358558,0,0.9,100,False,True,"[128, 128]"
470,10,23,"[0.7932347015369545, 0.20676529846304542]",12,0.6883265351359479,0.4259927488281689,8.259918421631374,5.111912985938027,0,0.9,100,False,True,"[128, 128]"
471,11,23,"[0.7932347015369545, 0.20676529846304542]",9,0.6553781646669568,0.3550457045574974,5.89840348200261,3.1954113410174765,0,0.9,100,False,True,"[128, 128]"
472,12,23,"[0.7932347015369545, 0.20676529846304542]",80,0.9655086496530976,0.6120977846310119,77.2406919722478,48.96782277048096,0,0.9,100,False,True,"[128, 128]"
473,13,23,"[0.7932347015369545, 0.20676529846304542]",80,0.9583866944141992,0.579425271455781,76.67093555313593,46.35402171646248,0,0.9,100,False,True,"[128, 128]"
474,14,23,"[0.7932347015369545, 0.20676529846304542]",80,0.9898663279091833,0.6108646653951749,79.18930623273467,48.86917323161399,0,0.9,100,False,True,"[128, 128]"
475,15,23,"[0.7932347015369545, 0.20676529846304542]",80,0.9105767226780852,0.6152896129578285,72.84613781424682,49.223169036626274,0,0.9,100,False,True,"[128, 128]"
476,16,23,"[0.7932347015369545, 0.20676529846304542]",80,0.9567898638846414,0.5779101199406311,76.54318911077131,46.23280959525049,0,0.9,100,False,True,"[128, 128]"
477,17,23,"[0.7932347015369545, 0.20676529846304542]",80,0.979213629785907,0.6087504526152017,78.33709038287256,48.70003620921614,0,0.9,100,False,True,"[128, 128]"
478,18,23,"[0.7932347015369545, 0.20676529846304542]",15,0.8515472232392123,0.4818359668682752,12.773208348588184,7.227539503024127,0,0.9,100,False,True,"[128, 128]"
479,19,23,"[0.7932347015369545, 0.20676529846304542]",80,0.9784560528624674,0.6079928768576258,78.27648422899739,48.63943014861007,0,0.9,100,False,True,"[128, 128]"
480,0,24,"[0.827743036642702, 0.17225696335729807]",42,0.9030605166263002,0.5597746041618736,37.928541698304606,23.51053337479869,0,0.9,100,False,True,"[128, 128]"
481,1,24,"[0.827743036642702, 0.17225696335729807]",13,0.7915286798970688,0.42259070465235143,10.289872838661895,5.493679160480569,0,0.9,100,False,True,"[128, 128]"
482,2,24,"[0.827743036642702, 0.17225696335729807]",37,0.8952926974057618,0.5568472724384321,33.125829804013186,20.60334908022199,0,0.9,100,False,True,"[128, 128]"
483,3,24,"[0.827743036642702, 0.17225696335729807]",80,0.9427391100492029,0.6054428417698715,75.41912880393623,48.43542734158972,0,0.9,100,False,True,"[128, 128]"
484,4,24,"[0.827743036642702, 0.17225696335729807]",28,0.880252520176614,0.508032302032521,24.647070564945192,14.22490445691059,0,0.9,100,False,True,"[128, 128]"
485,5,24,"[0.827743036642702, 0.17225696335729807]",62,0.8335428882504725,0.6174909787064148,51.679659071529294,38.28444067979772,0,0.9,100,False,True,"[128, 128]"
486,6,24,"[0.827743036642702, 0.17225696335729807]",16,0.7982699612437577,0.4653587740356292,12.772319379900123,7.445740384570067,0,0.9,100,False,True,"[128, 128]"
487,7,24,"[0.827743036642702, 0.17225696335729807]",80,0.8810173390394853,0.6161681524463032,70.48138712315883,49.293452195704255,0,0.9,100,False,True,"[128, 128]"
488,8,24,"[0.827743036642702, 0.17225696335729807]",80,0.9625935996191586,0.5835919381224492,77.00748796953269,46.68735504979594,0,0.9,100,False,True,"[128, 128]"
489,9,24,"[0.827743036642702, 0.17225696335729807]",80,0.9757505828693505,0.5968495138800253,78.06004662954804,47.747961110402024,0,0.9,100,False,True,"[128, 128]"
490,10,24,"[0.827743036642702, 0.17225696335729807]",15,0.8233153684803884,0.493132802098361,12.349730527205827,7.396992031475415,0,0.9,100,False,True,"[128, 128]"
491,11,24,"[0.827743036642702, 0.17225696335729807]",80,0.9856536376197162,0.6151898465545956,78.8522910095773,49.21518772436765,0,0.9,100,False,True,"[128, 128]"
492,12,24,"[0.827743036642702, 0.17225696335729807]",80,0.9580010182070204,0.5911759488432792,76.64008145656163,47.294075907462336,0,0.9,100,False,True,"[128, 128]"
493,13,24,"[0.827743036642702, 0.17225696335729807]",24,0.8882424174778198,0.5411350983689339,21.317818019467676,12.987242360854415,0,0.9,100,False,True,"[128, 128]"
494,14,24,"[0.827743036642702, 0.17225696335729807]",80,0.957230213697455,0.5782889078194188,76.5784170957964,46.263112625553504,0,0.9,100,False,True,"[128, 128]"
495,15,24,"[0.827743036642702, 0.17225696335729807]",80,0.9754327571235593,0.5964707260012354,78.03462056988474,47.717658080098836,0,0.9,100,False,True,"[128, 128]"
496,16,24,"[0.827743036642702, 0.17225696335729807]",80,0.9795716919650348,0.6091292404939892,78.36573535720278,48.73033923951914,0,0.9,100,False,True,"[128, 128]"
497,17,24,"[0.827743036642702, 0.17225696335729807]",80,0.960212822683159,0.5934486761160083,76.81702581465272,47.475894089280665,0,0.9,100,False,True,"[128, 128]"
498,18,24,"[0.827743036642702, 0.17225696335729807]",24,0.8430280852094092,0.5521585326895163,20.23267404502582,13.25180478454839,0,0.9,100,False,True,"[128, 128]"
499,19,24,"[0.827743036642702, 0.17225696335729807]",80,0.9662669731546878,0.6080011300026987,77.30135785237502,48.6400904002159,0,0.9,100,False,True,"[128, 128]"
500,0,25,"[0.8622773039962379, 0.1377226960037621]",80,0.9666785772424789,0.5877586047891161,77.3342861793983,47.02068838312929,0,0.9,100,False,True,"[128, 128]"
501,1,25,"[0.8622773039962379, 0.1377226960037621]",33,0.8948889205522175,0.5604860794295611,29.53133437822318,18.496040621175517,0,0.9,100,False,True,"[128, 128]"
502,2,25,"[0.8622773039962379, 0.1377226960037621]",9,0.7192555986169792,0.3530526298836951,6.473300387552813,3.1774736689532563,0,0.9,100,False,True,"[128, 128]"
503,3,25,"[0.8622773039962379, 0.1377226960037621]",23,0.8610181974395489,0.5483732876665603,19.803418541109625,12.612585616330888,0,0.9,100,False,True,"[128, 128]"
504,4,25,"[0.8622773039962379, 0.1377226960037621]",26,0.8921440400618994,0.5200518132560625,23.195745041609385,13.521347144657625,0,0.9,100,False,True,"[128, 128]"
505,5,25,"[0.8622773039962379, 0.1377226960037621]",80,0.934066613048491,0.596730720484324,74.72532904387928,47.73845763874592,0,0.9,100,False,True,"[128, 128]"
506,6,25,"[0.8622773039962379, 0.1377226960037621]",80,0.9765282791181139,0.5976070896375997,78.12226232944911,47.80856717100797,0,0.9,100,False,True,"[128, 128]"
507,7,25,"[0.8622773039962379, 0.1377226960037621]",80,0.9692916792439965,0.5904101199406309,77.54333433951972,47.23280959525047,0,0.9,100,False,True,"[128, 128]"
508,8,25,"[0.8622773039962379, 0.1377226960037621]",18,0.8579026954559714,0.5200788282746676,15.442248518207485,9.361418908944016,0,0.9,100,False,True,"[128, 128]"
509,9,25,"[0.8622773039962379, 0.1377226960037621]",7,0.24675324675324672,0.5071993224167136,1.727272727272727,3.550395256916995,0,0.9,100,False,True,"[128, 128]"
510,10,25,"[0.8622773039962379, 0.1377226960037621]",24,0.7367910553385414,0.5568553410123998,17.682985328124992,13.364528184297594,0,0.9,100,False,True,"[128, 128]"
511,11,25,"[0.8622773039962379, 0.1377226960037621]",80,0.9753925213183221,0.5964707260012372,78.03140170546577,47.71765808009898,0,0.9,100,False,True,"[128, 128]"
512,12,25,"[0.8622773039962379, 0.1377226960037621]",27,0.8849749348464441,0.5126971396474472,23.89432324085399,13.842822770481074,0,0.9,100,False,True,"[128, 128]"
513,13,25,"[0.8622773039962379, 0.1377226960037621]",80,0.9666930116637069,0.5998880700555658,77.33544093309655,47.99104560444526,0,0.9,100,False,True,"[128, 128]"
514,14,25,"[0.8622773039962379, 0.1377226960037621]",80,0.9614106008059906,0.5909474223121725,76.91284806447925,47.2757937849738,0,0.9,100,False,True,"[128, 128]"
515,15,25,"[0.8622773039962379, 0.1377226960037621]",80,0.987214210272521,0.6082131502436597,78.97713682180168,48.65705201949278,0,0.9,100,False,True,"[128, 128]"
516,16,25,"[0.8622773039962379, 0.1377226960037621]",80,0.9670717001213633,0.5966292404939895,77.36573600970907,47.73033923951916,0,0.9,100,False,True,"[128, 128]"
517,17,25,"[0.8622773039962379, 0.1377226960037621]",54,0.9321471247915576,0.5585005241495904,50.33594473874411,30.15902830407788,0,0.9,100,False,True,"[128, 128]"
518,18,25,"[0.8622773039962379, 0.1377226960037621]",40,0.6559790624437434,0.6045172389447236,26.239162497749735,24.180689557788945,0,0.9,100,False,True,"[128, 128]"
519,19,25,"[0.8622773039962379, 0.1377226960037621]",80,0.9681679251053034,0.6014032216435337,77.45343400842427,48.11225773148269,0,0.9,100,False,True,"[128, 128]"
520,0,26,"[0.8968138039185675, 0.10318619608143263]",80,0.9833453049600177,0.6044252714557808,78.66762439680141,48.35402171646247,0,0.9,100,False,True,"[128, 128]"
521,1,26,"[0.8968138039185675, 0.10318619608143263]",5,0.16363636363636364,0.40671936758893273,0.8181818181818181,2.0335968379446636,0,0.9,100,False,True,"[128, 128]"
522,2,26,"[0.8968138039185675, 0.10318619608143263]",9,0.7360905728479601,0.369887646718712,6.624815155631641,3.3289888204684077,0,0.9,100,False,True,"[128, 128]"
523,3,26,"[0.8968138039185675, 0.10318619608143263]",80,0.9624771388176592,0.6041649090838879,76.99817110541274,48.33319272671103,0,0.9,100,False,True,"[128, 128]"
524,4,26,"[0.8968138039185675, 0.10318619608143263]",37,0.9019739007580572,0.5633992789904386,33.373034328048114,20.84577332264623,0,0.9,100,False,True,"[128, 128]"
525,5,26,"[0.8968138039185675, 0.10318619608143263]",24,0.85647556095891,0.5095694418032773,20.55541346301384,12.229666603278657,0,0.9,100,False,True,"[128, 128]"
526,6,26,"[0.8968138039185675, 0.10318619608143263]",22,0.849156964264271,0.5046303121265124,18.681453213813963,11.101866866783274,0,0.9,100,False,True,"[128, 128]"
527,7,26,"[0.8968138039185675, 0.10318619608143263]",28,0.8866833346485122,0.5145258085260275,24.827133370158343,14.406722638728768,0,0.9,100,False,True,"[128, 128]"
528,8,26,"[0.8968138039185675, 0.10318619608143263]",80,0.9651225806564531,0.5862434532739629,77.20980645251625,46.89947626191703,0,0.9,100,False,True,"[128, 128]"
529,9,26,"[0.8968138039185675, 0.10318619608143263]",80,0.9670326715432991,0.5966292404939912,77.36261372346392,47.730339239519296,0,0.9,100,False,True,"[128, 128]"
530,10,26,"[0.8968138039185675, 0.10318619608143263]",14,0.6072490047547058,0.5290281126804413,8.501486066565882,7.4063935775261776,0,0.9,100,False,True,"[128, 128]"
531,11,26,"[0.8968138039185675, 0.10318619608143263]",80,0.9709200392649882,0.6040547367220663,77.67360314119905,48.3243789377653,0,0.9,100,False,True,"[128, 128]"
532,12,26,"[0.8968138039185675, 0.10318619608143263]",41,0.9048992177067382,0.5461395594938293,37.10086792597627,22.391721939247002,0,0.9,100,False,True,"[128, 128]"
533,13,26,"[0.8968138039185675, 0.10318619608143263]",80,0.9769265768062436,0.5979858775163872,78.15412614449949,47.838870201310975,0,0.9,100,False,True,"[128, 128]"
534,14,26,"[0.8968138039185675, 0.10318619608143263]",80,0.9628653955016532,0.5924625738273239,77.02923164013225,47.39700590618592,0,0.9,100,False,True,"[128, 128]"
535,15,26,"[0.8968138039185675, 0.10318619608143263]",40,0.884950242623377,0.567998784163992,35.39800970493508,22.71995136655968,0,0.9,100,False,True,"[128, 128]"
536,16,26,"[0.8968138039185675, 0.10318619608143263]",80,0.975432150623476,0.5964707260012353,78.03457204987808,47.71765808009882,0,0.9,100,False,True,"[128, 128]"
537,17,26,"[0.8968138039185675, 0.10318619608143263]",80,0.9647995595835133,0.6064376363566145,77.18396476668106,48.51501090852916,0,0.9,100,False,True,"[128, 128]"
538,18,26,"[0.8968138039185675, 0.10318619608143263]",80,0.9526634227113876,0.5737434532739643,76.213073816911,45.89947626191714,0,0.9,100,False,True,"[128, 128]"
539,19,26,"[0.8968138039185675, 0.10318619608143263]",29,0.9063809757537796,0.5339922076595854,26.28504829685961,15.485774022127977,0,0.9,100,False,True,"[128, 128]"
540,0,27,"[0.9313301519995582, 0.06866984800044187]",80,0.893169001364041,0.6208535710512055,71.45352010912328,49.668285684096446,0,0.9,100,False,True,"[128, 128]"
541,1,27,"[0.9313301519995582, 0.06866984800044187]",7,0.626515715788466,0.26250787213205423,4.385610010519262,1.8375551049243795,0,0.9,100,False,True,"[128, 128]"
542,2,27,"[0.9313301519995582, 0.06866984800044187]",80,0.9504925043528754,0.5714707260012376,76.03940034823003,45.71765808009901,0,0.9,100,False,True,"[128, 128]"
543,3,27,"[0.9313301519995582, 0.06866984800044187]",80,0.8958131996981387,0.5745020515646471,71.66505597585109,45.960164125171765,0,0.9,100,False,True,"[128, 128]"
544,4,27,"[0.9313301519995582, 0.06866984800044187]",27,0.8510967138569254,0.5010158079289757,22.979611274136985,13.527426814082343,0,0.9,100,False,True,"[128, 128]"
545,5,27,"[0.9313301519995582, 0.06866984800044187]",80,0.9712253043397905,0.5923040593345708,77.69802434718324,47.384324746765664,0,0.9,100,False,True,"[128, 128]"
546,6,27,"[0.9313301519995582, 0.06866984800044187]",28,0.8683855169050878,0.5307831551779113,24.31479447334246,14.861928344981516,0,0.9,100,False,True,"[128, 128]"
547,7,27,"[0.9313301519995582, 0.06866984800044187]",80,0.9617089208695301,0.5913262101909595,76.93671366956241,47.30609681527677,0,0.9,100,False,True,"[128, 128]"
548,8,27,"[0.9313301519995582, 0.06866984800044187]",80,0.9674309698769926,0.597008028372778,77.39447759015941,47.76064226982224,0,0.9,100,False,True,"[128, 128]"
549,9,27,"[0.9313301519995582, 0.06866984800044187]",28,0.8856620520095736,0.5134435574437763,24.79853745626806,14.376419608425737,0,0.9,100,False,True,"[128, 128]"
550,10,27,"[0.9313301519995582, 0.06866984800044187]",80,0.8686075461557863,0.6086654442691024,69.4886036924629,48.69323554152819,0,0.9,100,False,True,"[128, 128]"
551,11,27,"[0.9313301519995582, 0.06866984800044187]",29,0.8865584796081573,0.5346107378987097,25.71019590863656,15.503711399062581,0,0.9,100,False,True,"[128, 128]"
552,12,27,"[0.9313301519995582, 0.06866984800044187]",80,0.967437976974469,0.5885161805466917,77.39503815795752,47.08129444373534,0,0.9,100,False,True,"[128, 128]"
553,13,27,"[0.9313301519995582, 0.06866984800044187]",42,0.9208131981853427,0.5475783450277658,38.67415432378439,22.998290491166163,0,0.9,100,False,True,"[128, 128]"
554,14,27,"[0.9313301519995582, 0.06866984800044187]",40,0.86897920525881,0.5372473192942488,34.7591682103524,21.489892771769956,0,0.9,100,False,True,"[128, 128]"
555,15,27,"[0.9313301519995582, 0.06866984800044187]",5,0.5134897127604973,0.15409978676636507,2.567448563802486,0.7704989338318253,0,0.9,100,False,True,"[128, 128]"
556,16,27,"[0.9313301519995582, 0.06866984800044187]",26,0.8627429236026452,0.5170430466603395,22.431316013668773,13.443119213168828,0,0.9,100,False,True,"[128, 128]"
557,17,27,"[0.9313301519995582, 0.06866984800044187]",80,0.9321688211869343,0.6193575357543701,74.57350569495475,49.54860286034961,0,0.9,100,False,True,"[128, 128]"
558,18,27,"[0.9313301519995582, 0.06866984800044187]",20,0.8764538645876238,0.5053822452434219,17.529077291752476,10.107644904868438,0,0.9,100,False,True,"[128, 128]"
559,19,27,"[0.9313301519995582, 0.06866984800044187]",13,0.6904471223119792,0.5035006823971169,8.97581259005573,6.545508871162519,0,0.9,100,False,True,"[128, 128]"
560,0,28,"[0.9657980686864772, 0.03420193131352274]",80,0.9685323310601918,0.589652544183055,77.48258648481534,47.1722035346444,0,0.9,100,False,True,"[128, 128]"
561,1,28,"[0.9657980686864772, 0.03420193131352274]",80,0.9587188505863242,0.5882959071606562,76.69750804690594,47.06367257285249,0,0.9,100,False,True,"[128, 128]"
562,2,28,"[0.9657980686864772, 0.03420193131352274]",31,0.9046006295021269,0.5320116657229433,28.042619514565935,16.492361637411243,0,0.9,100,False,True,"[128, 128]"
563,3,28,"[0.9657980686864772, 0.03420193131352274]",8,0.5968838579886762,0.3911325281391729,4.775070863909409,3.129060225113383,0,0.9,100,False,True,"[128, 128]"
564,4,28,"[0.9657980686864772, 0.03420193131352274]",24,0.8465839127489754,0.5151635018480104,20.31801390597541,12.363924044352249,0,0.9,100,False,True,"[128, 128]"
565,5,28,"[0.9657980686864772, 0.03420193131352274]",62,0.9125955218270223,0.5701595255193264,56.58092235327538,35.349890582198235,0,0.9,100,False,True,"[128, 128]"
566,6,28,"[0.9657980686864772, 0.03420193131352274]",80,0.9534020996318123,0.5745010290315398,76.27216797054498,45.960082322523185,0,0.9,100,False,True,"[128, 128]"
567,7,28,"[0.9657980686864772, 0.03420193131352274]",80,0.9776783639802573,0.6072353011000495,78.21426911842059,48.57882408800396,0,0.9,100,False,True,"[128, 128]"
568,8,28,"[0.9657980686864772, 0.03420193131352274]",80,0.9640483980215672,0.5851070896376005,77.12387184172538,46.80856717100804,0,0.9,100,False,True,"[128, 128]"
569,9,28,"[0.9657980686864772, 0.03420193131352274]",17,0.8083060403253063,0.4380146076722582,13.741202685530206,7.446248330428389,0,0.9,100,False,True,"[128, 128]"
570,10,28,"[0.9657980686864772, 0.03420193131352274]",19,0.7964184667370285,0.5285047466811266,15.131950868003543,10.041590186941406,0,0.9,100,False,True,"[128, 128]"
571,11,28,"[0.9657980686864772, 0.03420193131352274]",80,0.9780031839023886,0.5991222411527511,78.24025471219109,47.92977929222009,0,0.9,100,False,True,"[128, 128]"
572,12,28,"[0.9657980686864772, 0.03420193131352274]",80,0.9462378527188792,0.5794335246008557,75.69902821751033,46.354681968068455,0,0.9,100,False,True,"[128, 128]"
573,13,28,"[0.9657980686864772, 0.03420193131352274]",25,0.8830157322734624,0.534772961891357,22.07539330683656,13.369324047283925,0,0.9,100,False,True,"[128, 128]"
574,14,28,"[0.9657980686864772, 0.03420193131352274]",9,0.6856812023045138,0.3853487348605277,6.171130820740624,3.468138613744749,0,0.9,100,False,True,"[128, 128]"
575,15,28,"[0.9657980686864772, 0.03420193131352274]",44,0.8426977290991403,0.5977938819207324,37.078700080362175,26.302930804512222,0,0.9,100,False,True,"[128, 128]"
576,16,28,"[0.9657980686864772, 0.03420193131352274]",18,0.8222967444524687,0.489483785887509,14.801341400144436,8.810708145975163,0,0.9,100,False,True,"[128, 128]"
577,17,28,"[0.9657980686864772, 0.03420193131352274]",80,0.9636696114641573,0.584728301758813,77.09356891713259,46.77826414070504,0,0.9,100,False,True,"[128, 128]"
578,18,28,"[0.9657980686864772, 0.03420193131352274]",15,0.7648026422429813,0.4798367985857392,11.47203963364472,7.1975519787860875,0,0.9,100,False,True,"[128, 128]"
579,19,28,"[0.9657980686864772, 0.03420193131352274]",11,0.7977019030240864,0.42995598075805963,8.77472093326495,4.729515788338656,0,0.9,100,False,True,"[128, 128]"
580,0,29,"[1.0, 0.0]",80,0.9637500821127938,0.584728301758813,77.1000065690235,46.77826414070504,0,0.9,100,False,True,"[128, 128]"
581,1,29,"[1.0, 0.0]",80,0.964737996250495,0.5943565132212624,77.1790397000396,47.54852105770099,0,0.9,100,False,True,"[128, 128]"
582,2,29,"[1.0, 0.0]",80,0.9723345389574922,0.6019322707970193,77.78676311659937,48.15458166376154,0,0.9,100,False,True,"[128, 128]"
583,3,29,"[1.0, 0.0]",80,0.9694520186297362,0.5904101199406313,77.5561614903789,47.2328095952505,0,0.9,100,False,True,"[128, 128]"
584,4,29,"[1.0, 0.0]",80,0.967416037832131,0.5885161805466919,77.39328302657049,47.081294443735345,0,0.9,100,False,True,"[128, 128]"
585,5,29,"[1.0, 0.0]",80,0.9557087180626761,0.5852656041303536,76.45669744501409,46.82124833042828,0,0.9,100,False,True,"[128, 128]"
586,6,29,"[1.0, 0.0]",37,0.9117937861460926,0.5388207272298232,33.736370087405426,19.93636690750346,0,0.9,100,False,True,"[128, 128]"
587,7,29,"[1.0, 0.0]",24,0.8564737072394831,0.5095694418032773,20.555368973747594,12.229666603278657,0,0.9,100,False,True,"[128, 128]"
588,8,29,"[1.0, 0.0]",80,0.9591241556024311,0.5801828472133586,76.72993244819449,46.41462777706868,0,0.9,100,False,True,"[128, 128]"
589,9,29,"[1.0, 0.0]",37,0.9110402492702776,0.5540475359430433,33.70848922300027,20.499758829892603,0,0.9,100,False,True,"[128, 128]"
590,10,29,"[1.0, 0.0]",17,0.863753618598631,0.4932730746954312,14.683811516176727,8.38564226982233,0,0.9,100,False,True,"[128, 128]"
591,11,29,"[1.0, 0.0]",80,0.9735382660313977,0.594576786607296,77.88306128251182,47.56614292858367,0,0.9,100,False,True,"[128, 128]"
592,12,29,"[1.0, 0.0]",80,0.9673959147719497,0.588516180546691,77.39167318175598,47.081294443735274,0,0.9,100,False,True,"[128, 128]"
593,13,29,"[1.0, 0.0]",25,0.9085001976971253,0.5364797092382154,22.712504942428133,13.411992730955387,0,0.9,100,False,True,"[128, 128]"
594,14,29,"[1.0, 0.0]",80,0.9450219418287575,0.5746595435242937,75.6017553463006,45.972763481943495,0,0.9,100,False,True,"[128, 128]"
595,15,29,"[1.0, 0.0]",25,0.8731996346978985,0.5285021071301788,21.829990867447464,13.212552678254468,0,0.9,100,False,True,"[128, 128]"
596,16,29,"[1.0, 0.0]",30,0.9033622375883296,0.5507385573951907,27.100867127649888,16.522156721855723,0,0.9,100,False,True,"[128, 128]"
597,17,29,"[1.0, 0.0]",7,0.6390359902237222,0.27549488511906717,4.473251931566055,1.9284641958334703,0,0.9,100,False,True,"[128, 128]"
598,18,29,"[1.0, 0.0]",14,0.758537397846032,0.4379190177681866,10.619523569844448,6.130866248754613,0,0.9,100,False,True,"[128, 128]"
599,19,29,"[1.0, 0.0]",3,0.2703491758513858,-0.07605614597278469,0.8110475275541573,-0.22816843791835406,0,0.9,100,False,True,"[128, 128]"
