,episode,speed_reward,energy_reward
0,0,5.083333333333339,8.109477970219338
1,1,12.133333333333345,18.712052024427884
2,2,8.583333333333327,15.162052024427824
3,3,2.733333333333333,4.574999188842001
4,4,13.283333333333326,19.86205202442784
5,5,13.183333333333328,19.76205202442784
6,6,7.816666666666677,12.290507591902749
7,7,8.73333333333333,15.312052024427823
8,8,5.733333333333326,10.931022402744425
9,9,8.433333333333325,15.012052024427822
10,10,7.416666666666658,13.864638894198269
11,11,8.733333333333327,15.312052024427825
12,12,13.133333333333326,19.712052024427837
13,13,8.533333333333326,15.112052024427824
14,14,-0.9166666666666667,-0.8500000000000001
15,15,8.733333333333329,15.312052024427825
16,16,8.533333333333328,15.112052024427824
17,17,-0.5833333333333335,-0.2551666165486155
18,18,13.233333333333325,19.81205202442784
19,19,13.133333333333328,19.71205202442784
20,20,8.766666666666671,13.635333852361864
21,21,13.133333333333328,19.712052024427837
22,22,13.233333333333327,19.81205202442784
23,23,8.583333333333325,15.162052024427823
24,24,13.183333333333326,19.76205202442784
25,25,13.033333333333328,19.612052024427843
26,26,8.63333333333333,15.212052024427823
27,27,13.133333333333328,19.712052024427837
28,28,-0.20000000000000007,0.19310732181081625
29,29,-0.9166666666666667,-0.8500000000000001
30,30,9.150000000000006,14.281884692667937
31,31,13.283333333333326,19.862052024427843
32,32,11.099999999999996,17.2189503438157
33,33,8.483333333333325,15.062052024427823
34,34,13.233333333333327,19.812052024427842
35,35,4.233333333333336,6.864651709760226
36,36,12.833333333333327,19.412052024427844
37,37,5.633333333333328,10.633609272514871
38,38,8.583333333333327,15.162052024427823
39,39,2.4666666666666686,5.163789419836734
40,40,7.166666666666677,11.245681331443638
41,41,8.68333333333333,15.262052024427824
42,42,13.183333333333326,19.762052024427838
43,43,1.383333333333333,3.224999188841999
44,44,8.533333333333324,15.112052024427822
45,45,8.783333333333326,15.362052024427825
46,46,8.63333333333333,15.212052024427825
47,47,8.583333333333325,15.162052024427823
48,48,13.133333333333328,19.712052024427837
49,49,8.633333333333326,15.212052024427823
50,50,7.783333333333342,12.191369881826231
51,51,1.0499999999999992,2.628448348535925
52,52,-0.9166666666666667,-0.8500000000000001
53,53,6.016666666666675,9.50344194075497
54,54,10.533333333333335,17.112052024427843
55,55,13.233333333333327,19.812052024427842
56,56,7.216666666666677,11.295681331443639
57,57,13.083333333333329,19.66205202442784
58,58,-0.8666666666666667,-0.8
59,59,3.0500000000000016,6.010340260142808
60,60,12.983333333333329,19.562052024427842
61,61,0.33333333333333326,0.9905204076871168
62,62,0.7333333333333327,1.982759798153332
63,63,11.833333333333357,18.412052024427883
64,64,13.233333333333325,19.81205202442784
65,65,7.716666666666666,12.980160112820952
66,66,1.1499999999999992,2.7284483485359248
67,67,8.583333333333325,15.162052024427823
68,68,8.633333333333326,15.212052024427821
69,69,8.68333333333333,15.262052024427824
70,70,0.5666666666666662,1.6844843780002958
71,71,8.733333333333329,15.312052024427825
72,72,13.083333333333329,19.662052024427837
73,73,13.233333333333327,19.81205202442784
74,74,13.133333333333328,19.712052024427837
75,75,8.266666666666673,12.937920722132306
76,76,13.083333333333329,19.66205202442784
77,77,2.6833333333333327,4.524999188842001
78,78,8.583333333333329,15.162052024427823
79,79,10.883333333333352,17.462052024427848
80,80,9.033333333333335,15.612052024427829
81,81,-0.9166666666666667,-0.8500000000000001
82,82,13.03333333333333,19.612052024427847
83,83,8.533333333333328,15.112052024427822
84,84,5.049999999999996,9.786196142285315
85,85,8.583333333333327,15.162052024427824
86,86,0.6666666666666661,1.9818975082298511
87,87,6.016666666666663,11.08188469266791
88,88,0.08333333333333326,0.9379335376953313
89,89,8.633333333333328,15.212052024427825
90,90,7.599999999999993,14.113776604274788
91,91,2.6833333333333327,4.524999188842001
92,92,13.183333333333326,19.76205202442784
93,93,13.133333333333328,19.712052024427837
94,94,13.133333333333328,19.712052024427837
95,95,13.233333333333327,19.81205202442784
96,96,8.633333333333328,15.212052024427825
97,97,13.13333333333333,19.712052024427837
98,98,13.183333333333326,19.762052024427838
99,99,5.166666666666663,9.837920722132282
100,100,10.366666666666667,16.024986373280083
101,101,9.11666666666667,14.182746982591421
102,102,-0.36666666666666675,0.09310732181081627
103,103,-0.06666666666666676,0.3931073218108161
104,104,13.083333333333329,19.662052024427844
105,105,12.983333333333327,19.56205202442784
106,106,5.233333333333331,10.036196142285316
107,107,7.616666666666676,11.893094461673195
108,108,5.216666666666662,9.88792072213228
109,109,8.58333333333333,15.162052024427824
110,110,8.483333333333325,15.062052024427823
111,111,5.099999999999996,9.837058432208797
112,112,13.183333333333328,19.762052024427838
113,113,8.833333333333329,15.412052024427826
114,114,8.633333333333331,15.212052024427825
115,115,9.000000000000005,14.131884692667937
116,116,8.483333333333327,15.062052024427823
117,117,0.1333333333333333,0.9879335376953311
118,118,8.583333333333325,15.162052024427823
119,119,8.583333333333327,15.162052024427823
120,120,12.933333333333328,19.51205202442784
121,121,13.033333333333328,19.61205202442784
122,122,10.366666666666665,16.024986373280083
123,123,13.233333333333327,19.812052024427842
124,124,13.183333333333326,19.762052024427838
125,125,13.233333333333327,19.812052024427842
126,126,3.2166666666666663,5.321550029148076
127,127,13.083333333333329,19.66205202442784
128,128,13.183333333333328,19.762052024427845
129,129,6.11666666666666,11.577573243050496
130,130,1.55,3.523274608995035
131,131,8.783333333333328,15.362052024427822
132,132,-0.6666666666666667,-0.40429692248779714
133,133,2.3166666666666673,4.816376289607181
134,134,13.083333333333329,19.66205202442784
135,135,1.7499999999999996,3.131035218306369
136,136,8.733333333333333,15.312052024427825
137,137,1.383333333333333,3.224999188841999
138,138,13.133333333333328,19.712052024427837
139,139,4.9499999999999975,9.489645301979243
140,140,1.3499999999999999,3.1258614787654806
141,141,7.516666666666656,13.964638894198272
142,142,8.783333333333331,15.362052024427825
143,143,5.899999999999993,11.229297822897461
144,144,1.2999999999999996,3.0758614787654808
145,145,8.433333333333326,15.012052024427822
146,146,8.533333333333328,15.112052024427824
147,147,4.483333333333331,8.4965436213671
148,148,13.033333333333328,19.61205202442784
149,149,13.083333333333327,19.662052024427837
150,150,13.183333333333326,19.762052024427838
151,151,-0.7333333333333334,-0.6022774772512487
152,152,1.6666666666666665,2.981897508229851
153,153,8.983333333333338,13.9836092725149
154,154,8.883333333333338,13.8836092725149
155,155,13.13333333333333,19.712052024427845
156,156,13.133333333333328,19.712052024427837
157,157,7.016666666666675,11.29309446167319
158,158,13.133333333333328,19.71205202442784
159,159,0.9166666666666659,2.4293106384594068
160,160,7.566666666666675,11.843094461673195
161,161,8.483333333333327,15.062052024427823
162,162,8.68333333333333,15.262052024427824
163,163,5.849999999999995,10.981884692667906
164,164,8.933333333333332,15.51205202442783
165,165,8.683333333333328,15.262052024427824
166,166,2.983333333333336,6.009477970219326
167,167,8.583333333333327,15.162052024427823
168,168,8.68333333333333,15.262052024427826
169,169,13.033333333333326,19.612052024427843
170,170,8.483333333333327,15.062052024427823
171,171,2.8166666666666664,4.724136898918519
172,172,8.383333333333326,14.962052024427821
173,173,0.06666666666666654,0.5922449949290984
174,174,6.60000000000001,11.534471562438366
175,175,13.133333333333328,19.712052024427845
176,176,11.083333333333337,17.66205202442784
177,177,13.133333333333326,19.712052024427837
178,178,6.200000000000008,9.752579650831489
179,179,7.916666666666677,12.39050759190275
180,180,12.983333333333327,19.56205202442784
181,181,13.183333333333328,19.762052024427845
182,182,1.4333333333333331,2.6827597981533318
183,183,12.983333333333327,19.562052024427842
184,184,13.233333333333327,19.81205202442784
185,185,12.983333333333329,19.562052024427842
186,186,8.483333333333325,15.062052024427823
187,187,13.183333333333326,19.76205202442784
188,188,8.483333333333327,15.062052024427823
189,189,8.533333333333328,15.112052024427824
190,190,7.633333333333325,14.212914314351307
191,191,-0.01666666666666683,0.6405204076871169
192,192,8.583333333333327,15.162052024427824
193,193,8.63333333333333,15.212052024427823
194,194,8.883333333333328,15.462052024427827
195,195,1.3333333333333328,3.174999188841999
196,196,2.6833333333333353,5.512064839989771
197,197,10.533333333333335,17.11205202442784
198,198,2.8999999999999995,4.873274608995038
199,199,12.733333333333329,19.312052024427842
200,200,8.550000000000006,13.287058432208827
201,201,2.633333333333333,4.474999188841999
202,202,13.183333333333326,19.762052024427838
203,203,11.733333333333329,18.11550118412177
204,204,13.033333333333328,19.612052024427843
205,205,11.08333333333333,17.070674923662672
206,206,-0.8666666666666667,-0.8
207,207,13.283333333333326,19.862052024427843
208,208,13.333333333333325,19.91205202442784
209,209,2.5499999999999994,4.325861478765481
210,210,8.98333333333333,15.562052024427821
211,211,3.0833333333333326,5.122412319071557
212,212,8.633333333333326,15.212052024427825
213,213,8.583333333333327,15.162052024427823
214,214,8.483333333333325,15.062052024427821
215,215,0.9333333333333329,2.3793106384594065
216,216,3.1333333333333355,6.35689110044888
217,217,8.483333333333327,15.062052024427823
218,218,2.566666666666668,5.263789419836735
219,219,8.53333333333333,15.112052024427824
220,220,2.583333333333335,5.214651709760217
221,221,0.46666666666666656,1.1896581175791983
222,222,8.73333333333333,15.312052024427823
223,223,13.283333333333326,19.86205202442784
224,224,8.583333333333329,15.162052024427824
225,225,7.266666666666658,13.714638894198268
226,226,9.650000000000004,14.979297822897495
227,227,13.233333333333327,19.81205202442784
228,228,11.733333333333329,18.11550118412177
229,229,5.300000000000006,8.457753390372375
230,230,13.233333333333327,19.81205202442784
231,231,13.083333333333327,19.662052024427837
232,232,12.733333333333333,19.312052024427857
233,233,7.8166666666666735,12.290507591902749
234,234,0.3666666666666665,1.0896581175791982
235,235,11.25000000000001,17.763776604274845
236,236,8.583333333333325,15.162052024427823
237,237,4.233333333333336,6.864651709760227
238,238,13.133333333333328,19.71205202442784
239,239,12.283333333333347,18.862052024427893
240,240,4.200000000000003,6.765513999683708
241,241,4.833333333333333,9.241369881826209
242,242,8.683333333333328,15.262052024427824
243,243,4.73333333333333,9.141369881826208
244,244,12.48333333333333,19.06205202442785
245,245,9.033333333333331,15.61205202442782
246,246,8.683333333333328,15.262052024427822
247,247,8.633333333333326,15.212052024427825
248,248,8.63333333333333,15.212052024427823
249,249,-0.9166666666666667,-0.8500000000000001
250,250,8.73333333333333,15.312052024427825
251,251,5.099999999999995,9.837058432208797
252,252,13.083333333333329,19.662052024427847
253,253,13.183333333333326,19.762052024427838
254,254,5.1166666666666725,8.208615680295855
255,255,9.600000000000001,14.929297822897494
256,256,5.666666666666662,10.73274698259139
257,257,4.383333333333331,8.593956751596652
258,258,-0.20000000000000007,0.1939698280044727
259,259,8.23333333333334,12.838783012055789
260,260,12.283333333333344,18.862052024427886
261,261,13.283333333333326,19.86205202442784
262,262,11.899999999999997,18.413776604274805
263,263,8.583333333333327,15.162052024427824
264,264,4.83333333333333,9.241369881826209
265,265,1.5666666666666667,3.4732746089950353
266,266,2.9666666666666686,6.058615680295844
267,267,5.616666666666664,10.68274698259139
268,268,3.0666666666666664,5.171550029148073
269,269,8.18333333333334,12.78878301205579
270,270,13.083333333333329,19.662052024427837
271,271,13.183333333333326,19.762052024427838
272,272,13.233333333333327,19.81205202442784
273,273,-0.8666666666666667,-0.8
274,274,11.333333333333362,17.91205202442787
275,275,8.733333333333329,15.312052024427826
276,276,1.5666666666666667,3.4741368989185166
277,277,8.68333333333333,15.262052024427824
278,278,8.433333333333326,15.012052024427822
279,279,2.250000000000001,4.618100869454144
280,280,8.533333333333328,15.112052024427824
281,281,8.783333333333331,15.362052024427824
282,282,1.2499999999999993,2.827586058612443
283,283,3.7666666666666666,7.450855070984508
284,284,1.9666666666666675,4.268963159377625
285,285,13.233333333333325,19.81205202442784
286,286,8.400000000000006,13.137058432208825
287,287,2.9833333333333325,5.022412319071558
288,288,13.233333333333325,19.81205202442784
289,289,13.233333333333327,19.812052024427842
290,290,13.183333333333328,19.762052024427838
291,291,13.033333333333328,19.612052024427847
292,292,2.85,4.823274608995037
293,293,1.5833333333333333,3.6224123190715534
294,294,8.633333333333338,13.436196142285345
295,295,11.183333333333362,17.762052024427863
296,296,8.483333333333325,15.062052024427823
297,297,10.18333333333335,16.762052024427852
298,298,6.916666666666658,12.96981263373916
299,299,8.98333333333332,15.56205202442783
300,300,8.533333333333326,15.112052024427824
301,301,8.68333333333333,15.262052024427824
302,302,8.633333333333324,15.212052024427825
303,303,8.533333333333326,15.112052024427824
304,304,12.483333333333329,19.062052024427846
305,305,-0.9166666666666667,-0.8500000000000001
306,306,1.1499999999999992,2.7284483485359248
307,307,13.283333333333326,19.86205202442784
308,308,13.133333333333328,19.71205202442784
309,309,13.333333333333325,19.91205202442784
310,310,13.13333333333333,19.712052024427837
311,311,13.183333333333328,19.762052024427838
312,312,7.566666666666677,11.843094461673195
313,313,3.483333333333334,5.719825449301114
314,314,10.58333333333335,17.162052024427847
315,315,2.5500000000000016,5.312927129913254
316,316,0.08333333333333326,0.9379335376953313
317,317,1.8333333333333337,4.069825449301108
318,318,2.366666666666668,4.86637628960718
319,319,1.4166666666666663,3.324136898918517
320,320,8.933333333333328,15.512052024427827
321,321,7.066666666666656,13.317225763968715
322,322,9.13333333333332,15.712052024427829
323,323,4.233333333333336,6.864651709760226
324,324,11.933333333333332,18.512052024427852
325,325,6.050000000000008,9.602579650831487
326,326,2.733333333333333,4.574999188842001
327,327,0.1499999999999999,0.741382698689883
328,328,13.13333333333333,19.71205202442784
329,329,4.550000000000004,7.312927129913263
330,330,13.08333333333333,19.662052024427844
331,331,13.183333333333328,19.76205202442784
332,332,1.083333333333333,2.1353466679237822
333,333,9.083333333333337,14.083609272514902
334,334,13.283333333333326,19.86205202442784
335,335,2.5499999999999994,4.325861478765482
336,336,12.133333333333349,18.712052024427884
337,337,3.0166666666666693,5.713789419836733
338,338,-0.5833333333333335,-0.2551666165486155
339,339,5.149999999999997,9.887058432208798
340,340,2.2333333333333343,4.667238579530663
341,341,1.3166666666666662,3.026723768688962
342,342,8.633333333333326,15.212052024427825
343,343,8.683333333333332,15.262052024427824
344,344,5.716666666666662,10.782746982591387
345,345,5.983333333333329,11.181022402744428
346,346,4.716666666666665,8.993094461673172
347,347,8.73333333333333,15.312052024427825
348,348,10.883333333333335,17.46205202442784
349,349,0.5999999999999999,1.3887958276241987
350,350,13.183333333333326,19.76205202442784
351,351,8.683333333333339,13.486196142285346
352,352,13.183333333333328,19.76205202442784
353,353,3.0333333333333328,5.0724123190715575
354,354,9.783333333333337,15.178435532974014
355,355,-0.8666666666666667,-0.8
356,356,2.5499999999999994,4.325861478765482
357,357,13.133333333333328,19.71205202442784
358,358,8.800000000000004,13.734471562438383
359,359,4.100000000000001,6.665513999683707
360,360,8.683333333333328,15.262052024427824
361,361,5.716666666666662,10.78274698259139
362,362,8.533333333333324,15.112052024427822
363,363,8.633333333333328,15.212052024427823
364,364,9.633333333333326,16.212052024427834
365,365,7.750000000000009,12.092232171749714
366,366,13.03333333333333,19.612052024427847
367,367,8.683333333333328,15.262052024427826
368,368,10.833333333333332,17.412052024427844
369,369,8.900000000000004,13.834471562438383
370,370,10.050000000000027,16.36636347404527
371,371,8.63333333333333,15.212052024427825
372,372,12.08333333333333,18.662052024427847
373,373,7.900000000000008,12.439645301979269
374,374,3.9833333333333325,7.799130491137543
375,375,8.633333333333328,15.212052024427823
376,376,8.683333333333325,15.262052024427824
377,377,1.4833333333333327,3.3249991888419985
378,378,1.383333333333333,3.224999188841999
379,379,1.3999999999999997,3.1758614787654804
380,380,-0.4166666666666668,0.04224499492909872
381,381,10.533333333333339,17.112052024427847
382,382,8.533333333333328,15.112052024427824
383,383,4.449999999999998,8.594819041520134
384,384,1.7333333333333336,3.772412319071553
385,385,0.7166666666666661,2.031897508229851
386,386,5.599999999999994,10.534471562438352
387,387,0.5499999999999996,1.7336220880768138
388,388,2.9666666666666686,6.058615680295844
389,389,11.183333333333364,17.762052024427867
390,390,0.6666666666666661,1.9818975082298511
391,391,10.433333333333328,17.012052024427838
392,392,11.783333333333333,18.362052024427843
393,393,11.383333333333338,17.962052024427845
394,394,12.533333333333331,19.112052024427847
395,395,11.483333333333343,18.062052024427857
396,396,9.783333333333331,16.362052024427832
397,397,9.133333333333335,15.71205202442783
398,398,0.48333333333333295,1.5353466679237822
399,399,10.383333333333345,16.96205202442785
400,400,6.433333333333335,11.038783012055772
401,401,11.38333333333334,17.96205202442785
402,402,1.5666666666666667,3.4741368989185166
403,403,5.316666666666665,9.198268201214066
404,404,6.1166666666666645,11.380160112820946
405,405,5.949999999999994,11.279297822897462
406,406,1.5166666666666668,3.424136898918517
407,407,2.166666666666667,4.074136898918516
408,408,10.383333333333344,16.962052024427845
409,409,8.583333333333329,15.162052024427823
410,410,2.4333333333333345,5.064651709760216
411,411,10.083333333333337,16.66205202442784
412,412,9.18333333333333,15.762052024427824
413,413,4.133333333333335,7.554304230678439
414,414,8.733333333333327,15.312052024427823
415,415,9.03333333333333,15.612052024427829
416,416,10.48333333333334,17.062052024427846
417,417,8.63333333333333,15.212052024427823
418,418,5.183333333333332,9.788783012055763
419,419,9.683333333333335,16.26205202442783
420,420,9.98333333333334,16.562052024427842
421,421,8.583333333333329,15.162052024427824
422,422,8.583333333333327,15.162052024427824
423,423,8.683333333333326,15.262052024427824
424,424,5.999999999999994,11.32929782289746
425,425,1.9666666666666668,3.6767237686889613
426,426,8.683333333333328,15.262052024427824
427,427,5.233333333333336,9.246543621367108
428,428,10.933333333333337,17.51205202442785
429,429,1.8499999999999999,3.6258614787654797
430,430,-0.4166666666666668,0.043107321810816224
431,431,11.183333333333334,17.76205202442784
432,432,8.583333333333327,15.162052024427823
433,433,-0.9166666666666667,-0.8500000000000001
434,434,4.299999999999998,8.247405911290581
435,435,-0.16666666666666674,0.4896581175791984
436,436,10.58333333333334,17.162052024427847
437,437,8.583333333333325,15.162052024427823
438,438,9.733333333333324,16.31205202442783
439,439,8.583333333333327,15.162052024427823
440,440,10.533333333333337,17.112052024427847
441,441,4.616666666666665,8.89309446167317
442,442,10.083333333333346,16.662052024427833
443,443,4.366666666666667,7.656028810525404
444,444,8.483333333333327,15.062052024427823
445,445,1.3499999999999996,3.125861478765481
446,446,8.583333333333327,15.162052024427824
447,447,8.78333333333333,15.362052024427824
448,448,10.98333333333334,17.56205202442785
449,449,5.3333333333333295,10.136196142285316
450,450,8.583333333333329,15.162052024427824
451,451,7.149999999999996,12.479297822897472
452,452,8.683333333333328,15.262052024427826
453,453,5.683333333333327,10.881022402744424
454,454,9.53333333333333,16.11205202442783
455,455,9.033333333333337,15.612052024427827
456,456,8.583333333333325,15.162052024427824
457,457,-0.5000000000000001,-0.10603017199552722
458,458,8.633333333333328,15.212052024427823
459,459,9.733333333333318,16.31205202442783
460,460,8.933333333333328,15.51205202442782
461,461,8.683333333333328,15.262052024427824
462,462,8.933333333333332,15.512052024427826
463,463,2.566666666666668,5.263789419836735
464,464,8.533333333333324,15.112052024427824
465,465,1.3999999999999997,3.1758614787654804
466,466,2.1000000000000014,4.467238579530662
467,467,8.483333333333325,15.062052024427823
468,468,8.633333333333328,15.212052024427823
469,469,8.433333333333326,15.012052024427822
470,470,8.63333333333333,15.212052024427823
471,471,8.733333333333329,15.312052024427826
472,472,8.683333333333325,15.262052024427822
473,473,8.533333333333326,15.112052024427824
474,474,-0.9166666666666667,-0.8500000000000001
475,475,3.5166666666666684,7.0034419407549535
476,476,5.233333333333328,10.036196142285315
477,477,8.633333333333326,15.212052024427823
478,478,4.566666666666665,8.644819041520135
479,479,8.633333333333326,15.212052024427823
480,480,1.383333333333333,3.224999188841999
481,481,-0.16666666666666674,0.490520407687117
482,482,8.533333333333328,15.112052024427822
483,483,1.4833333333333332,3.3249991888419985
484,484,3.316666666666668,6.606028810525398
485,485,10.85,16.77153721358615
486,486,6.549999999999996,11.484471562438358
487,487,8.733333333333329,15.312052024427825
488,488,4.966666666666663,9.440507591902726
489,489,8.583333333333329,15.162052024427824
490,490,0.9999999999999991,2.5784483485359253
491,491,8.533333333333323,15.112052024427824
492,492,8.583333333333329,15.162052024427823
493,493,8.633333333333326,15.212052024427823
494,494,-0.6166666666666667,-0.3542969224877971
495,495,1.6000000000000003,3.573274608995035
496,496,1.3333333333333328,3.174999188841999
497,497,4.049999999999999,7.9974059112905795
498,498,8.63333333333333,15.212052024427825
499,499,8.58333333333333,15.162052024427824
500,500,8.683333333333328,15.262052024427826
501,501,1.3999999999999997,3.1758614787654804
502,502,8.433333333333326,15.012052024427822
503,503,8.783333333333326,15.362052024427825
504,504,8.433333333333326,15.012052024427822
505,505,0.16666666666666652,1.0870712477709294
506,506,8.833333333333327,15.412052024427828
507,507,2.1333333333333337,4.567238579530663
508,508,8.583333333333327,15.162052024427823
509,509,9.033333333333333,15.612052024427829
510,510,2.5000000000000018,5.262927129913253
511,511,8.433333333333326,15.012052024427822
512,512,8.533333333333328,15.112052024427824
513,513,8.533333333333326,15.112052024427822
514,514,8.583333333333327,15.162052024427823
515,515,8.433333333333325,15.01205202442782
516,516,0.9833333333333327,2.4301729283828877
517,517,8.833333333333332,15.412052024427826
518,518,-0.5000000000000001,-0.10603017199552722
519,519,8.733333333333333,15.312052024427825
520,520,8.533333333333326,15.112052024427824
521,521,8.583333333333327,15.162052024427824
522,522,0.46666666666666634,1.5844843780002962
523,523,4.116666666666665,7.998268201214064
524,524,8.483333333333324,15.062052024427821
525,525,8.63333333333333,15.212052024427823
526,526,1.5166666666666668,3.424136898918517
527,527,8.583333333333327,15.162052024427823
528,528,9.833333333333329,16.412052024427837
529,529,8.833333333333336,15.412052024427828
530,530,8.433333333333326,15.012052024427822
531,531,0.33333333333333304,1.3853466679237822
532,532,1.6500000000000001,3.6232746089950356
533,533,2.0500000000000007,4.023274608995035
534,534,8.63333333333333,15.212052024427825
535,535,2.8000000000000025,5.760340260142806
536,536,8.533333333333328,15.112052024427824
537,537,8.383333333333326,14.962052024427821
538,538,8.433333333333325,15.012052024427822
539,539,-0.2500000000000001,0.34138269868988336
540,540,7.683333333333331,14.262914314351308
541,541,10.916666666666664,16.969812633739185
542,542,10.883333333333354,17.462052024427855
543,543,8.483333333333327,15.062052024427823
544,544,8.533333333333326,15.112052024427824
545,545,8.433333333333326,15.012052024427822
546,546,8.583333333333327,15.162052024427823
547,547,1.7333333333333334,3.772412319071554
548,548,3.7333333333333334,7.351717360907989
549,549,8.533333333333326,15.112052024427824
550,550,8.733333333333327,15.312052024427825
551,551,8.383333333333324,14.962052024427821
552,552,-0.08333333333333337,0.6396581175791984
553,553,8.633333333333326,15.212052024427825
554,554,8.533333333333326,15.112052024427824
555,555,2.6000000000000014,5.362927129913254
556,556,8.58333333333333,15.162052024427824
557,557,8.68333333333333,15.262052024427826
558,558,8.63333333333333,15.212052024427825
559,559,8.883333333333335,15.462052024427827
560,560,8.78333333333333,15.362052024427824
561,561,2.6833333333333353,5.512064839989771
562,562,8.68333333333333,15.262052024427824
563,563,1.55,3.523274608995035
564,564,8.433333333333325,15.012052024427822
565,565,8.433333333333326,15.012052024427822
566,566,8.68333333333333,15.262052024427824
567,567,4.6166666666666645,8.893094461673172
568,568,8.633333333333326,15.212052024427823
569,569,1.6500000000000001,3.6232746089950347
570,570,2.450000000000001,5.0155139996837
571,571,6.383333333333326,11.975848663203534
572,572,8.583333333333327,15.162052024427823
573,573,7.016666666666658,13.069812633739161
574,574,6.499999999999994,12.224124083356571
575,575,-0.9166666666666667,-0.8500000000000001
576,576,8.73333333333333,15.312052024427826
577,577,8.683333333333323,15.262052024427824
578,578,7.399999999999992,13.716363474045234
579,579,8.883333333333331,15.462052024427825
580,580,5.683333333333329,10.683609272514872
581,581,8.633333333333326,15.212052024427825
582,582,8.583333333333325,15.16205202442782
583,583,8.583333333333329,15.162052024427824
584,584,1.7833333333333334,3.8224123190715535
585,585,8.483333333333325,15.062052024427823
586,586,8.933333333333334,15.512052024427827
587,587,3.7833333333333323,7.401717360907991
588,588,8.683333333333326,15.262052024427824
589,589,8.583333333333325,15.162052024427823
590,590,0.9666666666666659,2.4793106384594066
591,591,5.749999999999996,10.881884692667906
592,592,8.583333333333327,15.162052024427823
593,593,8.533333333333328,15.112052024427824
594,594,2.416666666666668,5.113789419836735
595,595,1.6833333333333338,3.722412319071553
596,596,1.8500000000000005,4.02068773922459
597,597,8.633333333333328,15.212052024427825
598,598,8.633333333333331,15.212052024427825
599,599,6.816666666666657,12.868950343815676
600,600,3.483333333333335,6.904304230678434
601,601,8.783333333333331,15.362052024427824
602,602,8.683333333333328,15.262052024427826
603,603,8.633333333333328,15.212052024427823
604,604,8.483333333333325,15.062052024427823
605,605,8.483333333333325,15.062052024427823
606,606,8.583333333333327,15.162052024427824
607,607,3.4666666666666677,6.952579650831471
608,608,8.633333333333328,15.212052024427825
609,609,5.933333333333328,11.131022402744426
610,610,5.783333333333326,10.981022402744424
611,611,8.433333333333326,15.012052024427822
612,612,8.78333333333333,15.362052024427825
613,613,8.533333333333328,15.112052024427824
614,614,8.483333333333327,15.062052024427823
615,615,1.7666666666666664,3.871550029148073
616,616,8.63333333333333,15.212052024427823
617,617,5.733333333333328,10.931022402744425
618,618,9.183333333333335,15.762052024427826
619,619,8.68333333333333,15.262052024427822
620,620,8.683333333333328,15.262052024427824
621,621,8.98333333333333,15.562052024427825
622,622,8.533333333333326,15.112052024427822
623,623,5.483333333333328,10.483609272514869
624,624,8.833333333333332,15.412052024427824
625,625,0.4166666666666663,1.5344843780002964
626,626,8.583333333333329,15.162052024427824
627,627,8.833333333333332,15.412052024427824
628,628,5.316666666666662,10.185333852361834
629,629,5.366666666666662,10.235333852361835
630,630,5.416666666666661,10.481884692667904
631,631,-0.2333333333333335,0.2922449949290984
632,632,4.266666666666665,8.345681331443616
633,633,8.68333333333333,15.262052024427824
634,634,-0.6666666666666667,-0.40429692248779714
635,635,-0.1499999999999999,0.441382698689883
636,636,8.683333333333328,15.262052024427824
637,637,8.633333333333328,15.212052024427825
638,638,1.8333333333333337,4.069825449301108
639,639,8.683333333333328,15.262052024427826
640,640,8.583333333333327,15.162052024427824
641,641,8.483333333333327,15.062052024427823
642,642,8.683333333333328,15.262052024427824
643,643,8.533333333333328,15.112052024427824
644,644,4.583333333333332,8.793956751596653
645,645,-0.3333333333333335,0.19224499492909874
646,646,8.933333333333332,15.512052024427827
647,647,8.633333333333328,15.212052024427823
648,648,0.3833333333333331,1.435346667923782
649,649,8.483333333333327,15.062052024427821
650,650,8.583333333333327,15.162052024427823
651,651,8.633333333333326,15.212052024427823
652,652,8.683333333333328,15.262052024427826
653,653,2.283333333333334,4.717238579530662
654,654,5.249999999999997,9.987058432208798
655,655,8.68333333333333,15.262052024427824
656,656,8.583333333333329,15.162052024427824
657,657,5.466666666666661,10.335333852361835
658,658,1.4166666666666663,3.324136898918517
659,659,2.783333333333335,5.612064839989772
660,660,8.783333333333328,15.362052024427824
661,661,8.583333333333327,15.162052024427823
662,662,8.933333333333328,15.512052024427826
663,663,8.583333333333327,15.162052024427823
664,664,8.533333333333328,15.112052024427824
665,665,8.433333333333325,15.012052024427822
666,666,8.733333333333329,15.312052024427825
667,667,8.633333333333328,15.212052024427825
668,668,2.700000000000001,5.462927129913254
669,669,3.066666666666669,6.158615680295844
670,670,5.216666666666662,9.887920722132279
671,671,0.9666666666666659,2.4793106384594066
672,672,2.616666666666668,5.313789419836734
673,673,8.433333333333325,15.012052024427822
674,674,1.7666666666666673,3.871550029148071
675,675,8.733333333333329,15.312052024427825
676,676,8.533333333333328,15.112052024427822
677,677,1.7666666666666673,3.871550029148071
678,678,-0.4500000000000001,-0.0560301719955274
679,679,8.533333333333328,15.112052024427822
680,680,1.6666666666666667,3.574136898918518
681,681,8.483333333333327,15.062052024427823
682,682,1.2999999999999996,3.0758614787654808
683,683,-0.06666666666666654,0.5905204076871169
684,684,0.08333333333333326,0.9379335376953313
685,685,8.633333333333328,15.212052024427825
686,686,8.483333333333324,15.062052024427823
687,687,8.433333333333326,15.012052024427822
688,688,2.0166666666666675,4.318963159377626
689,689,8.533333333333326,15.112052024427822
690,690,8.633333333333326,15.212052024427823
691,691,8.583333333333327,15.162052024427823
692,692,6.316666666666661,11.7775732430505
693,693,8.333333333333323,14.91205202442782
694,694,7.583333333333328,13.965501184121752
695,695,8.533333333333328,15.112052024427822
696,696,4.816666666666666,9.093094461673173
697,697,8.833333333333329,15.412052024427826
698,698,8.78333333333333,15.362052024427827
699,699,8.583333333333327,15.162052024427824
700,700,8.533333333333328,15.112052024427822
701,701,8.383333333333324,14.962052024427821
702,702,8.533333333333326,15.112052024427822
703,703,4.349999999999998,8.494819041520135
704,704,2.0166666666666675,4.318963159377626
705,705,8.433333333333326,15.012052024427822
706,706,5.999999999999994,11.32929782289746
707,707,8.733333333333327,15.312052024427826
708,708,8.63333333333333,15.212052024427825
709,709,1.6833333333333338,3.722412319071553
710,710,2.9999999999999996,4.973274608995038
711,711,-0.20000000000000007,0.1939698280044727
712,712,7.650000000000014,12.189645301979265
713,713,8.533333333333326,15.112052024427824
714,714,1.5833333333333333,3.6224123190715534
715,715,5.583333333333332,9.99136988182621
716,716,8.68333333333333,15.262052024427826
717,717,5.699999999999993,10.831884692667906
718,718,13.083333333333329,19.662052024427844
719,719,9.633333333333333,16.212052024427834
720,720,8.833333333333327,15.412052024427826
721,721,8.533333333333326,15.112052024427822
722,722,6.5166666666666595,11.977573243050502
723,723,9.433333333333337,16.01205202442783
724,724,1.3499999999999999,3.1258614787654806
725,725,8.433333333333326,15.012052024427822
726,726,1.6000000000000003,3.573274608995035
727,727,10.58333333333334,17.162052024427847
728,728,9.83333333333333,16.412052024427833
729,729,8.683333333333332,15.262052024427824
730,730,8.583333333333329,15.162052024427823
731,731,12.183333333333326,18.76205202442784
732,732,3.833333333333333,7.649130491137543
733,733,11.633333333333335,18.212052024427848
734,734,1.8333333333333335,3.4775860586124434
735,735,-0.8666666666666667,-0.8
736,736,8.200000000000003,13.72671095312703
737,737,1.55,3.523274608995035
738,738,6.233333333333327,11.825848663203534
739,739,-0.9166666666666667,-0.8500000000000001
740,740,10.733333333333343,17.312052024427853
741,741,9.78333333333333,16.362052024427832
742,742,8.483333333333325,15.062052024427823
743,743,2.333333333333334,4.569825449301108
744,744,8.883333333333326,15.462052024427823
745,745,8.583333333333327,15.162052024427824
746,746,7.350000000000001,12.284471562438368
747,747,7.199999999999991,13.516363474045233
748,748,8.833333333333332,15.412052024427826
749,749,10.083333333333332,16.662052024427837
750,750,3.8666666666666663,7.5508550709845075
751,751,8.78333333333333,15.362052024427825
752,752,8.533333333333328,15.112052024427824
753,753,4.833333333333332,9.241369881826207
754,754,8.583333333333325,15.162052024427823
755,755,9.833333333333329,16.412052024427837
756,756,9.733333333333334,16.31205202442784
757,757,10.43333333333334,17.01205202442784
758,758,5.799999999999995,10.537058432208799
759,759,6.2499999999999964,11.579297822897463
760,760,4.966666666666662,9.637920722132279
761,761,10.483333333333341,17.062052024427846
762,762,7.050000000000003,12.37929782289747
763,763,8.583333333333327,15.162052024427823
764,764,8.633333333333324,15.212052024427823
765,765,8.78333333333333,15.362052024427825
766,766,10.583333333333337,17.16205202442784
767,767,10.683333333333337,17.26205202442784
768,768,0.7166666666666661,2.031897508229851
769,769,2.9666666666666686,5.86120255006629
770,770,5.166666666666665,9.837920722132282
771,771,8.633333333333331,15.212052024427825
772,772,6.16666666666667,10.837920722132289
773,773,8.63333333333333,15.212052024427825
774,774,-0.5000000000000001,-0.10603017199552722
775,775,8.63333333333333,15.212052024427825
776,776,8.583333333333325,15.162052024427823
777,777,8.533333333333328,15.112052024427822
778,778,5.699999999999994,10.831884692667908
779,779,1.5666666666666667,3.4732746089950353
780,780,8.683333333333328,15.262052024427824
781,781,10.733333333333334,17.312052024427842
782,782,2.3000000000000016,4.865513999683698
783,783,2.333333333333335,4.964651709760217
784,784,8.433333333333326,15.012052024427822
785,785,8.683333333333328,15.262052024427824
786,786,8.533333333333324,15.112052024427822
787,787,8.78333333333333,15.362052024427825
788,788,8.63333333333333,15.212052024427825
789,789,3.9333333333333345,7.749130491137544
790,790,6.283333333333328,11.678435532973982
791,791,10.033333333333346,16.612052024427847
792,792,8.783333333333326,15.362052024427825
793,793,-0.21666666666666679,0.24224499492909868
794,794,5.699999999999996,10.831884692667908
795,795,8.533333333333326,15.112052024427822
796,796,1.3499999999999999,3.1258614787654806
797,797,8.583333333333325,15.162052024427823
798,798,8.733333333333327,15.312052024427823
799,799,9.783333333333344,16.362052024427847
800,800,-0.5000000000000001,-0.10603017199552722
801,801,5.149999999999996,9.689645301979244
802,802,9.38333333333333,15.962052024427834
803,803,8.433333333333325,15.01205202442782
804,804,8.633333333333328,15.212052024427823
805,805,8.483333333333325,15.062052024427821
806,806,8.63333333333333,15.212052024427825
807,807,7.550000000000008,11.892232171749711
808,808,4.450000000000003,7.212927129913264
809,809,0.18333333333333313,1.037933537695331
810,810,5.81666666666666,11.080160112820941
811,811,8.833333333333332,15.412052024427828
812,812,4.266666666666665,8.345681331443615
813,813,-0.16666666666666674,0.490520407687117
814,814,6.516666666666658,12.174986373280053
815,815,8.633333333333326,15.212052024427823
816,816,13.133333333333328,19.712052024427837
817,817,6.199999999999992,11.52843553297398
818,818,12.88333333333333,19.462052024427845
819,819,8.73333333333333,15.312052024427825
820,820,0.2999999999999998,1.2862089578472906
821,821,8.583333333333329,15.162052024427823
822,822,7.666666666666676,12.140507591902749
823,823,5.916666666666662,11.180160112820944
824,824,6.049999999999993,11.576710953127014
825,825,8.433333333333325,15.012052024427822
826,826,8.683333333333328,15.262052024427826
827,827,8.83333333333333,15.412052024427826
828,828,8.88333333333333,15.462052024427825
829,829,8.633333333333326,15.212052024427823
830,830,3.2666666666666684,6.556028810525397
831,831,2.016666666666667,4.318963159377627
832,832,1.1666666666666659,2.8767237686889624
833,833,3.9833333333333343,7.799130491137545
834,834,8.833333333333329,15.412052024427824
835,835,8.633333333333328,15.212052024427825
836,836,2.1333333333333337,4.567238579530663
837,837,6.483333333333326,12.075848663203537
838,838,4.9166666666666625,9.390507591902725
839,839,2.0500000000000007,4.418100869454143
840,840,8.68333333333333,15.262052024427824
841,841,8.433333333333325,15.012052024427822
842,842,8.68333333333333,15.262052024427822
843,843,8.583333333333327,15.162052024427824
844,844,8.63333333333333,15.212052024427823
845,845,8.733333333333327,15.312052024427825
846,846,1.716666666666667,3.8215500291480713
847,847,8.53333333333333,15.112052024427824
848,848,8.483333333333325,15.062052024427821
849,849,8.68333333333333,15.262052024427824
850,850,2.783333333333335,5.611202550066289
851,851,8.583333333333327,15.162052024427824
852,852,8.483333333333325,15.062052024427823
853,853,8.733333333333329,15.312052024427825
854,854,8.583333333333329,15.162052024427824
855,855,8.433333333333325,15.012052024427822
856,856,2.1500000000000012,4.518100869454143
857,857,3.500000000000001,6.855166520601918
858,858,1.2166666666666661,2.9267237686889622
859,859,9.533333333333337,16.112052024427836
860,860,4.716666666666663,9.190507591902724
861,861,8.583333333333327,15.162052024427824
862,862,8.78333333333333,15.362052024427824
863,863,11.533333333333342,18.112052024427857
864,864,8.633333333333326,15.212052024427825
865,865,8.683333333333328,15.262052024427826
866,866,8.533333333333326,15.112052024427824
867,867,3.250000000000001,6.407753390372363
868,868,9.083333333333336,15.662052024427826
869,869,8.583333333333329,15.162052024427824
870,870,8.883333333333326,15.462052024427827
871,871,8.683333333333325,15.262052024427824
872,872,8.63333333333333,15.212052024427825
873,873,8.533333333333328,15.112052024427822
874,874,8.833333333333329,15.412052024427828
875,875,6.433333333333324,12.223261793433087
876,876,8.333333333333323,14.91205202442782
877,877,4.749999999999998,9.09223217174969
878,878,1.9333333333333338,4.169825449301108
879,879,2.900000000000002,5.860340260142808
880,880,8.983333333333333,15.562052024427828
881,881,6.533333333333324,12.323261793433089
882,882,8.68333333333333,15.262052024427826
883,883,8.583333333333327,15.162052024427823
884,884,-0.9166666666666667,-0.8500000000000001
885,885,2.166666666666668,4.6663762896071805
886,886,2.166666666666667,4.468963159377626
887,887,2.900000000000002,5.860340260142808
888,888,6.666666666666658,12.522399503509606
889,889,2.650000000000002,5.412927129913253
890,890,8.733333333333324,15.312052024427826
891,891,8.883333333333331,15.462052024427829
892,892,8.683333333333328,15.262052024427824
893,893,8.63333333333333,15.212052024427823
894,894,5.616666666666663,10.68274698259139
895,895,2.3500000000000014,4.915513999683698
896,896,8.63333333333333,15.212052024427823
897,897,5.749999999999995,10.881884692667908
898,898,6.599999999999994,12.324124083356573
899,899,2.9666666666666686,5.861202550066292
900,900,8.533333333333326,15.112052024427824
901,901,4.816666666666665,9.093094461673171
902,902,1.9666666666666672,4.268963159377626
903,903,2.816666666666669,5.7112025500662895
904,904,8.733333333333329,15.312052024427825
905,905,8.583333333333329,15.162052024427824
906,906,2.7666666666666693,5.661202550066289
907,907,8.633333333333326,15.212052024427823
908,908,8.483333333333327,15.062052024427823
909,909,1.383333333333333,3.224999188841999
910,910,8.533333333333328,15.112052024427822
911,911,8.583333333333325,15.162052024427824
912,912,8.833333333333329,15.412052024427826
913,913,8.483333333333327,15.062052024427823
914,914,8.833333333333329,15.412052024427826
915,915,5.78333333333333,10.78360927251487
916,916,2.3500000000000014,4.915513999683698
917,917,8.733333333333334,15.312052024427826
918,918,8.63333333333333,15.212052024427825
919,919,2.483333333333335,5.114651709760217
920,920,0.8833333333333326,2.330172928382888
921,921,8.73333333333333,15.312052024427825
922,922,5.466666666666663,10.137920722132282
923,923,8.68333333333333,15.262052024427826
924,924,3.066666666666669,6.158615680295844
925,925,8.683333333333328,15.262052024427824
926,926,5.149999999999996,9.887058432208796
927,927,8.533333333333328,15.112052024427824
928,928,8.783333333333326,15.362052024427827
929,929,8.633333333333328,15.212052024427825
930,930,0.050000000000000044,0.8387958276241989
931,931,7.483333333333326,13.865501184121753
932,932,8.883333333333328,15.462052024427825
933,933,8.533333333333328,15.112052024427824
934,934,6.6333333333333275,12.225848663203534
935,935,8.683333333333325,15.262052024427824
936,936,8.833333333333334,15.412052024427828
937,937,0.5833333333333328,1.8327597981533326
938,938,8.533333333333328,15.112052024427824
939,939,8.583333333333327,15.162052024427823
940,940,8.53333333333333,15.112052024427824
941,941,-0.9166666666666667,-0.8500000000000001
942,942,8.583333333333329,15.162052024427823
943,943,8.63333333333333,15.212052024427825
944,944,4.899999999999997,9.439645301979242
945,945,6.433333333333325,12.223261793433087
946,946,8.833333333333325,15.412052024427826
947,947,8.483333333333327,15.062052024427823
948,948,8.483333333333327,15.062052024427823
949,949,8.68333333333333,15.262052024427822
950,950,8.63333333333333,15.212052024427825
951,951,8.53333333333333,15.112052024427824
952,952,8.683333333333328,15.262052024427824
953,953,8.683333333333328,15.262052024427826
954,954,5.4166666666666625,10.285333852361836
955,955,2.566666666666668,5.263789419836735
956,956,1.2499999999999993,3.025861478765481
957,957,8.583333333333327,15.162052024427824
958,958,2.9000000000000012,5.860340260142809
959,959,8.68333333333333,15.262052024427824
960,960,7.133333333333322,13.318088053892195
961,961,8.63333333333333,15.212052024427825
962,962,8.633333333333326,15.212052024427823
963,963,8.733333333333329,15.312052024427826
964,964,2.950000000000002,5.910340260142808
965,965,8.583333333333327,15.162052024427824
966,966,8.433333333333325,15.012052024427822
967,967,8.783333333333331,15.362052024427824
968,968,1.5666666666666667,3.4741368989185166
969,969,8.683333333333328,15.262052024427824
970,970,5.133333333333329,9.737920722132282
971,971,-0.9166666666666667,-0.8500000000000001
972,972,8.583333333333329,15.162052024427824
973,973,2.250000000000001,4.814651709760216
974,974,8.733333333333333,15.312052024427826
975,975,8.633333333333326,15.212052024427823
976,976,4.899999999999996,9.43878301205576
977,977,8.533333333333328,15.112052024427822
978,978,8.633333333333324,15.212052024427825
979,979,8.683333333333328,15.262052024427822
980,980,5.649999999999994,10.781884692667907
981,981,8.68333333333333,15.262052024427824
982,982,8.633333333333328,15.212052024427823
983,983,8.733333333333325,15.312052024427825
984,984,1.4333333333333333,3.2749991888419987
985,985,4.9499999999999975,9.489645301979243
986,986,6.083333333333325,11.281022402744426
987,987,0.16666666666666652,1.0870712477709294
988,988,8.833333333333332,15.412052024427826
989,989,8.68333333333333,15.262052024427826
990,990,8.533333333333328,15.112052024427824
991,991,8.583333333333327,15.162052024427823
992,992,8.583333333333325,15.162052024427824
993,993,8.483333333333327,15.062052024427823
994,994,8.583333333333325,15.162052024427823
995,995,2.8833333333333355,5.909477970219324
996,996,8.533333333333326,15.112052024427824
997,997,8.583333333333329,15.162052024427824
998,998,8.583333333333327,15.162052024427824
999,999,8.68333333333333,15.262052024427824
1000,1000,9.033333333333333,15.612052024427825
1001,1001,8.633333333333326,15.212052024427823
1002,1002,8.583333333333327,15.162052024427823
1003,1003,8.83333333333333,15.412052024427824
1004,1004,4.099999999999999,8.047405911290578
1005,1005,8.733333333333325,15.312052024427826
1006,1006,8.783333333333331,15.362052024427824
1007,1007,8.88333333333333,15.462052024427829
1008,1008,1.55,3.523274608995035
1009,1009,8.733333333333329,15.312052024427826
1010,1010,8.83333333333333,15.412052024427826
1011,1011,8.633333333333328,15.212052024427825
1012,1012,8.63333333333333,15.212052024427825
1013,1013,3.2333333333333356,6.456891100448879
1014,1014,1.7166666666666666,3.624136898918516
1015,1015,9.633333333333338,16.212052024427834
1016,1016,8.833333333333329,15.412052024427824
1017,1017,8.583333333333329,15.162052024427823
1018,1018,8.68333333333333,15.262052024427826
1019,1019,8.633333333333328,15.212052024427825
1020,1020,8.633333333333328,15.212052024427825
1021,1021,4.566666666666665,8.843094461673171
1022,1022,1.7833333333333334,3.8224123190715535
1023,1023,2.866666666666669,5.761202550066289
1024,1024,6.583333333333326,12.373261793433088
1025,1025,2.950000000000002,5.910340260142807
1026,1026,8.883333333333333,15.462052024427829
1027,1027,2.45,4.423274608995033
1028,1028,8.683333333333326,15.262052024427824
1029,1029,8.68333333333333,15.262052024427826
1030,1030,8.63333333333333,15.212052024427825
1031,1031,8.63333333333333,15.212052024427825
1032,1032,2.616666666666668,5.313789419836734
1033,1033,0.09999999999999998,0.888795827624199
1034,1034,8.73333333333333,15.312052024427825
1035,1035,5.483333333333331,9.891369881826215
1036,1036,8.583333333333327,15.162052024427824
1037,1037,7.233333333333326,13.418088053892198
1038,1038,9.383333333333335,15.962052024427832
1039,1039,10.133333333333345,16.71205202442784
1040,1040,2.4666666666666686,5.163789419836734
1041,1041,-0.08333333333333337,0.6396581175791984
1042,1042,-0.8666666666666667,-0.8
1043,1043,8.533333333333326,15.112052024427822
1044,1044,1.3499999999999999,3.1258614787654806
1045,1045,8.633333333333328,15.212052024427823
1046,1046,6.833333333333336,11.833609272514877
1047,1047,1.4833333333333332,3.3249991888419994
1048,1048,8.583333333333327,15.162052024427824
1049,1049,8.73333333333333,15.312052024427825
1050,1050,1.3333333333333328,3.174999188841999
1051,1051,8.483333333333327,15.062052024427823
1052,1052,8.63333333333333,15.212052024427825
1053,1053,9.283333333333333,15.86205202442783
1054,1054,6.166666666666663,11.430160112820946
1055,1055,1.4666666666666666,3.374136898918517
1056,1056,0.1499999999999997,0.938795827624199
1057,1057,8.633333333333331,15.212052024427825
1058,1058,8.583333333333325,15.162052024427824
1059,1059,0.8333333333333326,2.280172928382888
1060,1060,9.93333333333333,16.51205202442783
1061,1061,10.033333333333331,16.61205202442784
1062,1062,10.183333333333339,16.76205202442784
1063,1063,1.483333333333333,3.324999188841999
1064,1064,8.483333333333327,15.062052024427823
1065,1065,8.683333333333326,15.262052024427824
1066,1066,2.533333333333335,5.164651709760216
1067,1067,8.483333333333325,15.062052024427823
1068,1068,-0.033333333333333326,0.6896581175791983
1069,1069,1.1333333333333326,2.7775860586124437
1070,1070,-0.9166666666666667,-0.8500000000000001
1071,1071,-0.31666666666666676,0.1431073218108161
1072,1072,8.733333333333329,15.312052024427825
1073,1073,8.83333333333333,15.412052024427826
1074,1074,8.683333333333326,15.262052024427826
1075,1075,6.099999999999992,11.42929782289746
1076,1076,8.68333333333333,15.262052024427826
1077,1077,6.983333333333326,12.970674923662644
1078,1078,9.033333333333331,15.612052024427827
1079,1079,2.6000000000000005,5.1655139996837
1080,1080,9.08333333333333,15.662052024427828
1081,1081,8.583333333333327,15.162052024427824
1082,1082,8.733333333333329,15.312052024427825
1083,1083,4.349999999999999,8.29740591129058
1084,1084,7.399999999999993,13.518950343815682
1085,1085,8.78333333333333,15.362052024427825
1086,1086,8.483333333333325,15.062052024427823
1087,1087,4.933333333333332,9.341369881826207
1088,1088,3.200000000000002,6.357753390372361
1089,1089,7.299999999999996,13.221537213586128
1090,1090,5.699999999999994,10.831884692667906
1091,1091,5.9499999999999975,10.687058432208802
1092,1092,6.99999999999999,12.921537213586126
1093,1093,8.583333333333329,15.162052024427824
1094,1094,1.5666666666666669,3.474136898918517
1095,1095,8.483333333333327,15.062052024427823
1096,1096,0.9666666666666659,2.4793106384594066
1097,1097,6.199999999999993,11.726710953127016
1098,1098,0.24999999999999978,1.2362089578472908
1099,1099,1.7000000000000002,3.475861478765479
1100,1100,8.783333333333328,15.362052024427827
1101,1101,0.9999999999999996,2.3810352183063697
1102,1102,1.9833333333333332,4.022412319071554
1103,1103,-0.28333333333333344,0.24224499492909857
1104,1104,8.583333333333327,15.162052024427823
1105,1105,3.6999999999999993,6.660340260142812
1106,1106,3.249999999999999,6.0129271299132565
1107,1107,8.783333333333328,15.362052024427825
1108,1108,1.2999999999999996,3.0758614787654808
1109,1109,8.633333333333331,15.212052024427825
1110,1110,5.549999999999995,10.484471562438351
1111,1111,10.033333333333335,16.61205202442784
1112,1112,1.4666666666666661,3.374136898918517
1113,1113,9.533333333333328,16.112052024427832
1114,1114,8.73333333333333,15.312052024427826
1115,1115,8.483333333333327,15.062052024427823
1116,1116,8.583333333333329,15.162052024427824
1117,1117,8.933333333333326,15.512052024427827
1118,1118,6.283333333333325,11.875848663203534
1119,1119,1.816666666666667,3.921550029148071
1120,1120,8.533333333333328,15.112052024427824
1121,1121,-0.6166666666666667,-0.3542969224877971
1122,1122,9.983333333333336,16.56205202442784
1123,1123,8.73333333333333,15.312052024427825
1124,1124,6.116666666666659,11.577573243050498
1125,1125,5.316666666666663,10.185333852361834
1126,1126,8.533333333333326,15.112052024427824
1127,1127,-0.20000000000000007,0.3913826986898832
1128,1128,5.666666666666664,10.73274698259139
1129,1129,2.2333333333333343,4.667238579530663
1130,1130,4.98333333333333,9.391369881826206
1131,1131,6.583333333333324,12.373261793433088
1132,1132,0.9666666666666659,2.4793106384594066
1133,1133,8.583333333333329,15.162052024427824
1134,1134,8.783333333333331,15.362052024427825
1135,1135,8.483333333333325,15.062052024427823
1136,1136,0.5666666666666664,1.6844843780002958
1137,1137,8.683333333333328,15.262052024427824
1138,1138,5.699999999999992,10.831884692667908
1139,1139,8.683333333333326,15.262052024427824
1140,1140,8.73333333333333,15.312052024427826
1141,1141,8.533333333333328,15.112052024427824
1142,1142,8.683333333333332,15.262052024427826
1143,1143,8.833333333333327,15.41205202442782
1144,1144,8.833333333333329,15.412052024427828
1145,1145,5.649999999999996,10.584471562438354
1146,1146,1.45,2.831035218306369
1147,1147,9.083333333333325,15.662052024427823
1148,1148,8.733333333333329,15.312052024427823
1149,1149,1.3333333333333328,3.174999188841999
1150,1150,8.683333333333332,15.262052024427824
1151,1151,8.733333333333327,15.312052024427825
1152,1152,8.633333333333324,15.212052024427823
1153,1153,9.33333333333333,15.91205202442783
1154,1154,1.8500000000000008,4.02068773922459
1155,1155,1.433333333333333,3.2749991888419987
1156,1156,1.4666666666666666,3.374136898918517
1157,1157,2.000000000000001,4.368100869454144
1158,1158,8.683333333333326,15.262052024427824
1159,1159,8.583333333333323,15.162052024427823
1160,1160,3.500000000000001,7.05257965083147
1161,1161,8.483333333333327,15.062052024427823
1162,1162,8.583333333333329,15.162052024427824
1163,1163,9.783333333333335,16.36205202442784
1164,1164,8.483333333333325,15.062052024427823
1165,1165,2.283333333333334,4.717238579530662
1166,1166,8.833333333333336,15.412052024427828
1167,1167,5.549999999999998,10.2870584322088
1168,1168,8.483333333333325,15.062052024427823
1169,1169,6.199999999999991,11.529297822897462
1170,1170,4.066666666666666,7.948268201214062
1171,1171,9.083333333333332,15.66205202442783
1172,1172,6.299999999999994,11.826710953127018
1173,1173,8.633333333333326,15.212052024427821
1174,1174,7.016666666666657,13.267225763968714
1175,1175,1.6833333333333338,3.524999188841998
1176,1176,6.133333333333328,11.331022402744429
1177,1177,8.533333333333326,15.112052024427822
1178,1178,5.2833333333333306,10.085333852361835
1179,1179,1.7333333333333336,3.772412319071553
1180,1180,4.283333333333332,8.296543621367098
1181,1181,9.13333333333333,15.712052024427832
1182,1182,8.68333333333333,15.262052024427824
1183,1183,-0.3500000000000001,0.04396982800447258
1184,1184,3.4666666666666677,6.953441940754953
1185,1185,1.4166666666666663,3.324136898918517
1186,1186,1.7000000000000002,3.673274608995035
1187,1187,3.716666666666667,6.807753390372367
1188,1188,-0.7833333333333334,-0.6522774772512487
1189,1189,8.983333333333334,15.56205202442783
1190,1190,10.183333333333337,16.762052024427845
1191,1191,3.5500000000000007,7.102579650831469
1192,1192,7.216666666666671,12.677573243050508
1193,1193,8.583333333333327,15.162052024427824
1194,1194,8.733333333333325,15.312052024427823
1195,1195,9.783333333333344,16.36205202442784
1196,1196,2.200000000000001,4.370687739224589
1197,1197,1.7333333333333336,3.772412319071553
1198,1198,-0.9166666666666667,-0.8500000000000001
1199,1199,1.3499999999999999,3.1258614787654806
1200,1200,9.983333333333334,16.562052024427835
1201,1201,4.983333333333338,8.799130491137554
1202,1202,1.5333333333333328,3.374999188841999
1203,1203,1.6166666666666665,3.523274608995036
1204,1204,8.68333333333333,15.262052024427826
1205,1205,6.8333333333333295,12.228435532973988
1206,1206,8.583333333333327,15.162052024427823
1207,1207,8.63333333333333,15.212052024427823
1208,1208,8.78333333333333,15.362052024427827
1209,1209,8.533333333333326,15.112052024427824
1210,1210,7.349999999999993,13.666363474045236
1211,1211,8.63333333333333,15.212052024427825
1212,1212,8.633333333333328,15.212052024427823
1213,1213,3.8,7.352579650831469
1214,1214,5.483333333333328,10.483609272514869
1215,1215,1.7333333333333332,3.7724123190715537
1216,1216,9.083333333333325,15.662052024427828
1217,1217,5.38333333333333,10.186196142285318
1218,1218,6.06666666666666,11.527573243050497
1219,1219,5.116666666666664,9.78792072213228
1220,1220,8.583333333333325,15.162052024427824
1221,1221,6.083333333333327,11.478435532973979
1222,1222,5.71666666666666,10.980160112820942
1223,1223,3.150000000000002,6.110340260142806
1224,1224,3.0666666666666695,6.158615680295843
1225,1225,8.633333333333326,15.212052024427821
1226,1226,8.733333333333329,15.312052024427825
1227,1227,8.783333333333333,15.362052024427825
1228,1228,8.583333333333325,15.162052024427823
1229,1229,1.5166666666666668,3.424136898918517
1230,1230,1.8166666666666673,3.9215500291480714
1231,1231,1.7666666666666673,3.871550029148071
1232,1232,8.533333333333328,15.112052024427822
1233,1233,8.633333333333328,15.212052024427825
1234,1234,8.683333333333328,15.262052024427824
1235,1235,9.583333333333336,16.162052024427837
1236,1236,5.466666666666662,10.137920722132286
1237,1237,3.150000000000002,6.307753390372362
1238,1238,8.583333333333327,15.162052024427823
1239,1239,9.833333333333337,16.412052024427837
1240,1240,7.683333333333329,14.065501184121755
1241,1241,9.083333333333332,15.662052024427828
1242,1242,9.08333333333333,15.662052024427828
1243,1243,10.033333333333333,16.61205202442784
1244,1244,5.683333333333329,10.683609272514872
1245,1245,8.433333333333326,15.012052024427822
1246,1246,9.283333333333335,15.86205202442783
1247,1247,8.933333333333335,15.51205202442783
1248,1248,1.4666666666666666,3.374136898918517
1249,1249,8.68333333333333,15.262052024427826
1250,1250,8.633333333333328,15.212052024427825
1251,1251,8.68333333333333,15.262052024427824
1252,1252,8.68333333333333,15.262052024427826
1253,1253,1.3999999999999997,3.1758614787654804
1254,1254,8.78333333333333,15.362052024427825
1255,1255,8.883333333333331,15.462052024427829
1256,1256,-0.9166666666666667,-0.8500000000000001
1257,1257,3.6000000000000014,6.955166520601919
1258,1258,2.4000000000000012,4.965513999683699
1259,1259,3.5999999999999996,7.152579650831472
1260,1260,8.433333333333326,15.012052024427822
1261,1261,8.783333333333328,15.362052024427824
1262,1262,8.833333333333327,15.412052024427828
1263,1263,8.83333333333333,15.412052024427824
1264,1264,8.78333333333333,15.362052024427825
1265,1265,8.683333333333328,15.262052024427826
1266,1266,8.533333333333326,15.112052024427824
1267,1267,8.883333333333335,15.462052024427827
1268,1268,8.833333333333329,15.412052024427824
1269,1269,8.533333333333328,15.112052024427824
1270,1270,5.516666666666664,10.385333852361837
1271,1271,2.2666666666666675,4.76637628960718
1272,1272,8.633333333333326,15.212052024427823
1273,1273,8.783333333333331,15.362052024427825
1274,1274,1.6500000000000001,3.6232746089950347
1275,1275,9.683333333333334,16.262052024427835
1276,1276,9.033333333333331,15.612052024427829
1277,1277,8.633333333333326,15.212052024427825
1278,1278,8.63333333333333,15.212052024427825
1279,1279,8.533333333333328,15.112052024427824
1280,1280,1.6666666666666667,3.7715500291480715
1281,1281,8.633333333333326,15.212052024427823
1282,1282,4.683333333333331,8.89309446167317
1283,1283,5.016666666666666,9.490507591902727
1284,1284,8.533333333333326,15.112052024427824
1285,1285,1.6833333333333338,3.722412319071553
1286,1286,8.733333333333333,15.312052024427826
1287,1287,8.483333333333325,15.062052024427823
1288,1288,2.1833333333333345,4.617238579530662
1289,1289,8.63333333333333,15.212052024427823
1290,1290,8.533333333333328,15.112052024427824
1291,1291,2.2666666666666684,4.76637628960718
1292,1292,0.2999999999999998,1.2862089578472906
1293,1293,8.433333333333325,15.012052024427822
1294,1294,5.616666666666661,10.68274698259139
1295,1295,4.883333333333329,9.291369881826208
1296,1296,6.16666666666666,11.626710953127015
1297,1297,8.63333333333333,15.212052024427823
1298,1298,8.53333333333333,15.112052024427824
1299,1299,9.233333333333336,15.81205202442783
1300,1300,-0.9166666666666667,-0.8500000000000001
1301,1301,8.683333333333328,15.262052024427826
1302,1302,8.733333333333329,15.312052024427825
1303,1303,8.83333333333333,15.412052024427828
1304,1304,9.083333333333334,15.66205202442783
1305,1305,8.733333333333329,15.312052024427826
1306,1306,6.46666666666666,12.124986373280052
1307,1307,0.08333333333333326,0.9379335376953313
1308,1308,8.883333333333328,15.462052024427825
1309,1309,4.699999999999997,9.042232171749689
1310,1310,8.533333333333328,15.112052024427824
1311,1311,-0.9166666666666667,-0.8500000000000001
1312,1312,-0.9166666666666667,-0.8500000000000001
1313,1313,8.883333333333331,15.462052024427827
1314,1314,8.733333333333329,15.312052024427826
1315,1315,-0.3833333333333334,-0.055166616548615544
1316,1316,8.83333333333333,15.412052024427828
1317,1317,4.283333333333335,8.099130491137545
1318,1318,3.9666666666666663,7.650855070984508
1319,1319,6.1499999999999915,11.676710953127015
1320,1320,1.5166666666666668,3.424136898918517
1321,1321,8.533333333333324,15.112052024427822
1322,1322,8.583333333333329,15.162052024427824
1323,1323,8.933333333333328,15.512052024427827
1324,1324,8.533333333333328,15.112052024427824
1325,1325,1.9666666666666675,4.268963159377625
1326,1326,5.783333333333332,10.586196142285322
1327,1327,7.016666666666669,11.885333852361844
1328,1328,8.63333333333333,15.212052024427825
1329,1329,8.73333333333333,15.312052024427823
1330,1330,8.433333333333325,15.012052024427822
1331,1331,8.683333333333328,15.262052024427826
1332,1332,8.68333333333333,15.262052024427826
1333,1333,8.733333333333329,15.312052024427825
1334,1334,8.633333333333328,15.212052024427825
1335,1335,5.366666666666662,10.235333852361833
1336,1336,8.583333333333329,15.162052024427824
1337,1337,5.383333333333327,10.186196142285315
1338,1338,2.5000000000000018,5.065513999683699
1339,1339,8.683333333333328,15.262052024427824
1340,1340,8.883333333333335,15.462052024427829
1341,1341,8.783333333333331,15.362052024427825
1342,1342,3.516666666666669,6.608615680295847
1343,1343,8.68333333333333,15.262052024427826
1344,1344,8.383333333333326,14.962052024427821
1345,1345,-0.4000000000000001,-0.006030171995527356
1346,1346,8.83333333333333,15.412052024427826
1347,1347,9.433333333333335,16.01205202442783
1348,1348,1.1499999999999992,2.728448348535925
1349,1349,8.533333333333328,15.112052024427824
1350,1350,1.55,3.523274608995035
1351,1351,8.483333333333327,15.062052024427823
1352,1352,2.8500000000000023,5.612927129913251
1353,1353,5.033333333333331,9.638783012055763
1354,1354,9.483333333333341,16.06205202442783
1355,1355,6.016666666666659,11.477573243050497
1356,1356,8.433333333333325,15.012052024427822
1357,1357,5.566666666666664,10.435333852361836
1358,1358,8.78333333333333,15.362052024427825
1359,1359,5.71666666666666,10.782746982591389
1360,1360,3.6833333333333327,7.30171736090799
1361,1361,5.81666666666666,10.88274698259139
1362,1362,8.733333333333329,15.312052024427825
1363,1363,8.583333333333323,15.162052024427824
1364,1364,8.783333333333331,15.362052024427827
1365,1365,8.433333333333326,15.012052024427822
1366,1366,5.03333333333333,9.638783012055761
1367,1367,3.6000000000000005,7.15257965083147
1368,1368,8.733333333333327,15.312052024427825
1369,1369,1.683333333333333,3.722412319071554
1370,1370,8.683333333333326,15.262052024427826
1371,1371,8.78333333333333,15.362052024427825
1372,1372,8.733333333333329,15.312052024427825
1373,1373,2.9333333333333353,5.762064839989769
1374,1374,2.816666666666669,5.7112025500662895
1375,1375,8.483333333333327,15.062052024427823
1376,1376,1.6166666666666667,3.524136898918517
1377,1377,2.900000000000002,5.860340260142808
1378,1378,8.533333333333328,15.112052024427822
1379,1379,8.833333333333329,15.412052024427824
1380,1380,8.583333333333329,15.162052024427824
1381,1381,8.933333333333332,15.512052024427827
1382,1382,6.233333333333326,11.627573243050499
1383,1383,-0.8666666666666667,-0.8
1384,1384,2.500000000000001,5.0655139996837
1385,1385,8.483333333333327,15.062052024427823
1386,1386,4.483333333333333,8.496543621367099
1387,1387,5.116666666666664,9.78792072213228
1388,1388,8.583333333333327,15.162052024427823
1389,1389,-0.9166666666666667,-0.8500000000000001
1390,1390,5.066666666666663,9.73792072213228
1391,1391,8.933333333333328,15.512052024427827
1392,1392,0.9499999999999993,2.331035218306369
1393,1393,1.5499999999999996,3.523274608995035
1394,1394,8.583333333333325,15.162052024427823
1395,1395,8.683333333333332,15.262052024427826
1396,1396,8.73333333333333,15.312052024427825
1397,1397,1.5833333333333333,3.424136898918517
1398,1398,8.533333333333328,15.112052024427822
1399,1399,7.166666666666658,13.417225763968716
1400,1400,8.533333333333328,15.112052024427824
1401,1401,6.766666666666657,12.81981263373916
1402,1402,5.633333333333328,10.633609272514871
1403,1403,5.816666666666661,11.080160112820943
1404,1404,8.883333333333333,15.462052024427827
1405,1405,8.683333333333325,15.262052024427826
1406,1406,8.733333333333329,15.312052024427825
1407,1407,8.63333333333333,15.212052024427825
1408,1408,-0.9166666666666667,-0.8500000000000001
1409,1409,8.533333333333328,15.112052024427824
1410,1410,5.03333333333333,9.638783012055761
1411,1411,8.68333333333333,15.262052024427822
1412,1412,2.4333333333333345,5.064651709760216
1413,1413,8.98333333333333,15.562052024427826
1414,1414,7.183333333333329,13.3680880538922
1415,1415,-0.9166666666666667,-0.8500000000000001
1416,1416,8.73333333333333,15.312052024427826
1417,1417,8.583333333333329,15.162052024427823
1418,1418,5.199999999999993,9.739645301979245
1419,1419,8.583333333333327,15.162052024427824
1420,1420,5.166666666666663,9.83792072213228
1421,1421,8.783333333333333,15.362052024427825
1422,1422,8.633333333333328,15.212052024427823
1423,1423,3.650000000000001,7.2025796508314714
1424,1424,0.5166666666666664,1.634484378000296
1425,1425,8.483333333333325,15.062052024427823
1426,1426,8.733333333333329,15.312052024427825
1427,1427,8.583333333333329,15.162052024427824
1428,1428,4.216666666666667,8.098268201214063
1429,1429,8.583333333333323,15.162052024427823
1430,1430,1.5166666666666668,3.424136898918517
1431,1431,8.53333333333333,15.112052024427824
1432,1432,1.9500000000000004,4.120687739224591
1433,1433,8.483333333333325,15.062052024427821
1434,1434,-0.2333333333333334,0.2922449949290984
1435,1435,1.0166666666666662,2.5293106384594064
1436,1436,8.733333333333329,15.312052024427826
1437,1437,8.583333333333327,15.162052024427824
1438,1438,5.749999999999994,10.881884692667906
1439,1439,8.783333333333328,15.362052024427825
1440,1440,1.55,3.523274608995035
1441,1441,8.783333333333331,15.362052024427827
1442,1442,8.483333333333325,15.062052024427823
1443,1443,-0.9166666666666667,-0.8500000000000001
1444,1444,0.5499999999999996,1.7336220880768138
1445,1445,5.7666666666666595,11.03016011282094
1446,1446,8.63333333333333,15.212052024427825
1447,1447,5.899999999999997,11.03188469266791
1448,1448,5.933333333333326,11.328435532973977
1449,1449,8.783333333333331,15.362052024427827
1450,1450,8.433333333333325,15.012052024427822
1451,1451,8.533333333333328,15.112052024427824
1452,1452,-0.9166666666666667,-0.8500000000000001
1453,1453,8.583333333333327,15.162052024427824
1454,1454,8.483333333333325,15.062052024427821
1455,1455,8.633333333333328,15.212052024427823
1456,1456,8.73333333333333,15.312052024427825
1457,1457,8.73333333333333,15.312052024427825
1458,1458,8.633333333333326,15.212052024427825
1459,1459,8.583333333333327,15.162052024427824
1460,1460,1.7666666666666673,3.871550029148071
1461,1461,8.733333333333329,15.312052024427825
1462,1462,8.733333333333327,15.312052024427823
1463,1463,-0.5833333333333335,-0.2551666165486155
1464,1464,8.683333333333326,15.262052024427822
1465,1465,1.3833333333333326,3.2249991888419998
1466,1466,8.583333333333325,15.162052024427824
1467,1467,5.799999999999993,10.931884692667907
1468,1468,6.483333333333325,12.273261793433086
1469,1469,8.683333333333326,15.26205202442782
1470,1470,5.316666666666663,9.9870584322088
1471,1471,1.1499999999999992,2.7284483485359248
1472,1472,8.93333333333333,15.512052024427827
1473,1473,8.733333333333327,15.312052024427826
1474,1474,4.883333333333332,9.291369881826208
1475,1475,-0.9166666666666667,-0.8500000000000001
1476,1476,-0.9166666666666667,-0.8500000000000001
1477,1477,0.9166666666666659,2.4284483485359254
1478,1478,7.583333333333326,14.162914314351307
1479,1479,4.166666666666666,8.048268201214063
1480,1480,3.3333333333333353,6.556891100448881
1481,1481,1.0333333333333328,2.4801729283828875
1482,1482,8.533333333333326,15.112052024427822
1483,1483,8.583333333333329,15.162052024427824
1484,1484,8.633333333333326,15.212052024427823
1485,1485,8.783333333333326,15.362052024427825
1486,1486,1.7,3.6732746089950346
1487,1487,8.733333333333329,15.312052024427825
1488,1488,8.483333333333325,15.062052024427821
1489,1489,8.733333333333329,15.312052024427825
1490,1490,4.93333333333333,9.53878301205576
1491,1491,8.783333333333328,15.362052024427825
1492,1492,8.733333333333327,15.312052024427826
1493,1493,8.483333333333325,15.062052024427823
1494,1494,8.583333333333323,15.162052024427824
1495,1495,8.533333333333328,15.112052024427824
1496,1496,8.683333333333334,15.262052024427826
1497,1497,8.63333333333333,15.212052024427823
1498,1498,8.533333333333326,15.112052024427822
1499,1499,8.483333333333325,15.062052024427821
1500,1500,8.883333333333331,15.462052024427829
1501,1501,5.133333333333329,9.935333852361833
1502,1502,1.4333333333333333,3.2749991888419987
1503,1503,8.683333333333325,15.262052024427824
1504,1504,8.683333333333328,15.262052024427824
1505,1505,8.783333333333331,15.362052024427825
1506,1506,8.583333333333329,15.162052024427824
1507,1507,1.4666666666666663,3.3741368989185174
1508,1508,8.68333333333333,15.262052024427824
1509,1509,5.86666666666666,11.130160112820944
1510,1510,1.6833333333333333,3.722412319071553
1511,1511,5.816666666666661,10.685333852361833
1512,1512,8.883333333333331,15.462052024427827
1513,1513,8.683333333333328,15.262052024427822
1514,1514,1.3333333333333328,3.174999188841999
1515,1515,-0.9166666666666667,-0.8500000000000001
1516,1516,8.633333333333331,15.212052024427825
1517,1517,4.683333333333331,9.091369881826207
1518,1518,8.533333333333326,15.112052024427824
1519,1519,8.68333333333333,15.262052024427826
1520,1520,7.133333333333323,13.51550118412175
1521,1521,1.7,3.6732746089950354
1522,1522,0.9333333333333327,2.380172928382888
1523,1523,4.983333333333331,9.588783012055762
1524,1524,4.366666666666664,8.445681331443618
1525,1525,6.099999999999993,11.626710953127015
1526,1526,8.583333333333327,15.162052024427823
1527,1527,8.483333333333325,15.062052024427823
1528,1528,8.633333333333331,15.212052024427823
1529,1529,5.683333333333329,10.683609272514873
1530,1530,0.2999999999999998,1.2862089578472906
1531,1531,8.883333333333331,15.462052024427827
1532,1532,8.483333333333327,15.062052024427821
1533,1533,8.583333333333327,15.162052024427823
1534,1534,8.683333333333326,15.262052024427824
1535,1535,3.150000000000002,6.30689110044888
1536,1536,8.483333333333327,15.062052024427823
1537,1537,5.783333333333326,10.981022402744424
1538,1538,2.0500000000000007,4.418100869454143
1539,1539,8.483333333333327,15.062052024427823
1540,1540,0.4166666666666663,1.5344843780002964
1541,1541,1.6833333333333333,3.722412319071554
1542,1542,5.549999999999995,10.484471562438351
1543,1543,2.9166666666666687,5.811202550066289
1544,1544,8.833333333333334,15.412052024427828
1545,1545,8.933333333333334,15.512052024427824
1546,1546,8.78333333333333,15.362052024427825
1547,1547,-0.28333333333333344,0.24224499492909857
1548,1548,8.583333333333327,15.162052024427824
1549,1549,8.533333333333328,15.112052024427824
1550,1550,8.433333333333325,15.01205202442782
1551,1551,8.883333333333331,15.462052024427825
1552,1552,7.083333333333324,13.268088053892198
1553,1553,1.9333333333333342,4.169825449301108
1554,1554,8.583333333333327,15.162052024427824
1555,1555,8.633333333333328,15.212052024427825
1556,1556,-0.08333333333333337,0.6396581175791984
1557,1557,6.966666666666658,13.01981263373916
1558,1558,4.449999999999997,8.594819041520136
1559,1559,7.033333333333324,13.218088053892197
1560,1560,8.63333333333333,15.212052024427823
1561,1561,1.3499999999999999,3.1258614787654806
1562,1562,8.683333333333328,15.262052024427824
1563,1563,7.383333333333327,13.568088053892199
1564,1564,7.366666666666659,13.81463889419827
1565,1565,8.68333333333333,15.262052024427824
1566,1566,8.433333333333326,15.012052024427822
1567,1567,3.8999999999999995,7.649992781061025
1568,1568,8.483333333333327,15.062052024427823
1569,1569,8.583333333333327,15.162052024427823
1570,1570,8.683333333333328,15.262052024427824
1571,1571,1.5166666666666664,3.4241368989185177
1572,1572,8.683333333333328,15.262052024427824
1573,1573,6.549999999999992,12.27412408335657
1574,1574,3.4833333333333343,6.904304230678434
1575,1575,8.78333333333333,15.362052024427825
1576,1576,8.683333333333326,15.262052024427826
1577,1577,1.9833333333333343,4.219825449301108
1578,1578,5.299999999999996,10.037058432208797
1579,1579,7.199999999999993,13.516363474045233
1580,1580,-0.5000000000000001,-0.10603017199552722
1581,1581,8.733333333333327,15.312052024427826
1582,1582,8.583333333333327,15.162052024427824
1583,1583,1.2166666666666661,2.9267237686889622
1584,1584,1.9666666666666672,4.071550029148072
1585,1585,1.4666666666666666,3.374136898918517
1586,1586,3.966666666666665,7.650855070984511
1587,1587,-0.9166666666666667,-0.8500000000000001
1588,1588,8.683333333333328,15.262052024427824
1589,1589,3.9833333333333325,7.799130491137543
1590,1590,-0.2500000000000001,0.34138269868988336
1591,1591,3.0833333333333357,6.30689110044888
1592,1592,2.6333333333333355,5.46206483998977
1593,1593,0.8166666666666662,2.1318975082298506
1594,1594,8.533333333333328,15.112052024427824
1595,1595,1.3333333333333328,3.174999188841999
1596,1596,8.733333333333327,15.312052024427826
1597,1597,7.433333333333326,13.815501184121752
1598,1598,2.483333333333335,5.114651709760217
1599,1599,8.683333333333326,15.262052024427824
1600,1600,8.583333333333329,15.162052024427824
1601,1601,3.583333333333333,7.004304230678434
1602,1602,1.2499999999999993,3.0249991888419996
1603,1603,8.833333333333332,15.412052024427826
1604,1604,3.1833333333333353,6.406891100448879
1605,1605,8.533333333333326,15.112052024427824
1606,1606,8.683333333333328,15.262052024427826
1607,1607,8.983333333333333,15.56205202442783
1608,1608,8.683333333333323,15.262052024427824
1609,1609,8.833333333333332,15.412052024427826
1610,1610,5.2166666666666615,10.085333852361833
1611,1611,5.28333333333333,10.086196142285315
1612,1612,4.68333333333333,9.091369881826207
1613,1613,5.049999999999995,9.787058432208797
1614,1614,5.2333333333333325,9.838783012055762
1615,1615,8.583333333333327,15.162052024427823
1616,1616,8.583333333333327,15.162052024427824
1617,1617,8.533333333333326,15.112052024427822
1618,1618,8.683333333333326,15.262052024427824
1619,1619,1.716666666666667,3.8215500291480713
1620,1620,5.61666666666666,10.682746982591388
1621,1621,8.683333333333326,15.262052024427826
1622,1622,5.916666666666661,11.180160112820943
1623,1623,4.083333333333334,7.899130491137546
1624,1624,5.499999999999997,10.434471562438354
1625,1625,5.349999999999996,10.087058432208796
1626,1626,8.63333333333333,15.212052024427825
1627,1627,8.883333333333333,15.462052024427825
1628,1628,6.18333333333333,11.578435532973982
1629,1629,5.53333333333333,10.533609272514871
1630,1630,8.583333333333327,15.162052024427824
1631,1631,4.083333333333331,7.899130491137543
1632,1632,8.833333333333332,15.412052024427824
1633,1633,8.733333333333329,15.312052024427826
1634,1634,8.483333333333325,15.062052024427821
1635,1635,8.633333333333328,15.212052024427823
1636,1636,-0.8666666666666667,-0.8
1637,1637,8.733333333333325,15.312052024427825
1638,1638,1.9000000000000001,4.07068773922459
1639,1639,8.63333333333333,15.212052024427823
1640,1640,8.483333333333325,15.062052024427823
1641,1641,8.683333333333328,15.262052024427826
1642,1642,8.583333333333329,15.162052024427824
1643,1643,8.483333333333327,15.062052024427823
1644,1644,3.8666666666666654,7.549992781061027
1645,1645,4.816666666666664,9.290507591902726
1646,1646,1.5166666666666668,3.424136898918517
1647,1647,2.4000000000000012,4.965513999683699
1648,1648,8.533333333333326,15.112052024427822
1649,1649,3.5166666666666675,7.0025796508314695
1650,1650,4.283333333333333,8.2965436213671
1651,1651,8.783333333333326,15.362052024427824
1652,1652,5.616666666666661,10.682746982591388
1653,1653,3.8166666666666664,7.5008550709845085
1654,1654,8.683333333333326,15.262052024427826
1655,1655,5.483333333333328,10.483609272514869
1656,1656,8.733333333333329,15.312052024427826
1657,1657,8.683333333333328,15.262052024427824
1658,1658,8.483333333333325,15.062052024427823
1659,1659,8.733333333333329,15.312052024427825
1660,1660,8.83333333333333,15.412052024427824
1661,1661,0.5499999999999996,1.7336220880768138
1662,1662,8.583333333333325,15.162052024427823
1663,1663,0.8833333333333326,2.330172928382888
1664,1664,8.633333333333328,15.212052024427825
1665,1665,8.633333333333328,15.212052024427825
1666,1666,8.583333333333325,15.162052024427823
1667,1667,8.583333333333327,15.162052024427824
1668,1668,-0.9166666666666667,-0.8500000000000001
1669,1669,8.683333333333328,15.262052024427824
1670,1670,8.583333333333327,15.162052024427824
1671,1671,8.683333333333332,15.262052024427826
1672,1672,5.883333333333328,11.081022402744425
1673,1673,1.3333333333333328,3.174999188841999
1674,1674,8.633333333333326,15.212052024427825
1675,1675,4.416666666666665,8.495681331443617
1676,1676,3.6666666666666683,7.153441940754952
1677,1677,8.733333333333327,15.312052024427825
1678,1678,8.583333333333329,15.162052024427823
1679,1679,8.93333333333333,15.512052024427827
1680,1680,-0.7500000000000001,-0.5533913539813076
1681,1681,8.583333333333323,15.162052024427823
1682,1682,8.633333333333326,15.212052024427825
1683,1683,8.533333333333328,15.112052024427824
1684,1684,3.033333333333335,6.059477970219326
1685,1685,8.78333333333333,15.362052024427825
1686,1686,2.6333333333333355,5.46206483998977
1687,1687,5.966666666666659,11.230160112820942
1688,1688,-0.033333333333333326,0.6896581175791983
1689,1689,8.63333333333333,15.212052024427825
1690,1690,8.533333333333324,15.112052024427822
1691,1691,4.766666666666662,9.240507591902725
1692,1692,-0.3333333333333335,0.19224499492909874
1693,1693,4.6166666666666645,8.893094461673172
1694,1694,0.5499999999999996,1.7336220880768138
1695,1695,5.033333333333329,9.638783012055761
1696,1696,8.583333333333327,15.162052024427823
1697,1697,8.633333333333328,15.212052024427821
1698,1698,2.7166666666666686,5.611202550066288
1699,1699,8.633333333333326,15.212052024427823
1700,1700,6.016666666666661,11.279297822897462
1701,1701,5.649999999999993,10.781884692667905
1702,1702,-0.4166666666666668,0.043107321810816224
1703,1703,8.633333333333328,15.212052024427823
1704,1704,1.4666666666666666,3.374136898918517
1705,1705,8.583333333333329,15.162052024427823
1706,1706,8.583333333333329,15.162052024427823
1707,1707,8.583333333333327,15.16205202442782
1708,1708,6.16666666666666,11.627573243050499
1709,1709,5.366666666666662,10.235333852361832
1710,1710,8.733333333333329,15.312052024427825
1711,1711,8.533333333333326,15.112052024427824
1712,1712,8.633333333333331,15.212052024427823
1713,1713,4.666666666666664,8.94309446167317
1714,1714,8.533333333333326,15.112052024427822
1715,1715,4.83333333333333,9.241369881826209
1716,1716,8.633333333333328,15.212052024427825
1717,1717,8.733333333333329,15.312052024427823
1718,1718,9.08333333333333,15.662052024427826
1719,1719,8.683333333333325,15.262052024427824
1720,1720,9.033333333333337,15.61205202442783
1721,1721,4.5166666666666675,8.595681331443618
1722,1722,3.2166666666666677,6.308615680295844
1723,1723,0.0,0.7887958276241989
1724,1724,8.683333333333328,15.262052024427822
1725,1725,1.5666666666666669,3.474136898918517
1726,1726,8.63333333333333,15.212052024427823
1727,1727,-0.9166666666666667,-0.8500000000000001
1728,1728,8.483333333333325,15.062052024427823
1729,1729,4.0666666666666655,7.948268201214061
1730,1730,1.8666666666666671,3.971550029148072
1731,1731,5.449999999999995,10.384471562438353
1732,1732,8.583333333333329,15.162052024427824
1733,1733,8.633333333333328,15.212052024427823
1734,1734,8.633333333333326,15.212052024427823
1735,1735,8.583333333333323,15.162052024427823
1736,1736,3.033333333333336,6.058615680295842
1737,1737,1.2999999999999996,3.0758614787654808
1738,1738,8.583333333333323,15.162052024427824
1739,1739,8.78333333333333,15.362052024427825
1740,1740,0.21666666666666656,1.1370712477709293
1741,1741,8.383333333333324,14.962052024427821
1742,1742,8.633333333333328,15.212052024427825
1743,1743,4.899999999999997,9.439645301979244
1744,1744,-0.3666666666666668,0.09224499492909854
1745,1745,6.333333333333326,11.72843553297398
1746,1746,8.433333333333326,15.012052024427822
1747,1747,8.68333333333333,15.262052024427824
1748,1748,2.566666666666668,5.263789419836733
1749,1749,8.78333333333333,15.362052024427824
1750,1750,8.633333333333331,15.212052024427825
1751,1751,5.899999999999992,11.22929782289746
1752,1752,8.583333333333329,15.162052024427824
1753,1753,8.88333333333333,15.462052024427825
1754,1754,8.63333333333333,15.212052024427825
1755,1755,0.9499999999999993,2.331035218306369
1756,1756,8.483333333333325,15.062052024427823
1757,1757,2.6333333333333355,5.46206483998977
1758,1758,1.0499999999999992,2.628448348535925
1759,1759,8.683333333333328,15.262052024427826
1760,1760,8.583333333333327,15.162052024427823
1761,1761,8.483333333333325,15.062052024427823
1762,1762,1.9333333333333338,4.169825449301108
1763,1763,-0.9166666666666667,-0.8500000000000001
1764,1764,1.5166666666666668,3.424136898918517
1765,1765,1.2999999999999996,3.0758614787654808
1766,1766,8.583333333333329,15.162052024427824
1767,1767,1.383333333333333,3.224999188841999
1768,1768,5.0666666666666655,9.540507591902728
1769,1769,6.666666666666656,12.522399503509604
1770,1770,8.583333333333327,15.162052024427824
1771,1771,6.0499999999999945,11.379297822897462
1772,1772,8.533333333333326,15.112052024427822
1773,1773,8.533333333333326,15.112052024427822
1774,1774,1.433333333333333,3.2749991888419987
1775,1775,8.68333333333333,15.262052024427824
1776,1776,1.7000000000000004,3.6732746089950354
1777,1777,4.6166666666666645,8.893094461673172
1778,1778,1.2499999999999993,3.025861478765481
1779,1779,1.0833333333333324,2.727586058612444
1780,1780,8.583333333333329,15.162052024427823
1781,1781,0.9999999999999991,2.5784483485359253
1782,1782,1.3499999999999999,3.1258614787654806
1783,1783,5.983333333333327,11.181022402744423
1784,1784,1.3999999999999997,3.1758614787654804
1785,1785,8.433333333333325,15.01205202442782
1786,1786,2.4333333333333345,5.064651709760218
1787,1787,8.83333333333333,15.412052024427824
1788,1788,8.483333333333325,15.062052024427821
1789,1789,1.383333333333333,3.224999188841999
1790,1790,0.2999999999999998,1.2862089578472906
1791,1791,2.1000000000000005,4.467238579530663
1792,1792,8.583333333333329,15.162052024427824
1793,1793,2.000000000000001,4.368100869454144
1794,1794,0.08333333333333326,0.9379335376953313
1795,1795,8.533333333333328,15.112052024427822
1796,1796,8.583333333333327,15.16205202442782
1797,1797,8.63333333333333,15.212052024427825
1798,1798,6.7999999999999945,12.524124083356572
1799,1799,8.683333333333328,15.262052024427824
1800,1800,3.4833333333333334,6.904304230678436
1801,1801,7.166666666666655,13.417225763968712
1802,1802,8.633333333333328,15.212052024427823
1803,1803,8.483333333333327,15.062052024427823
1804,1804,0.48333333333333295,1.5353466679237817
1805,1805,8.683333333333332,15.262052024427826
1806,1806,3.150000000000002,6.307753390372362
1807,1807,1.2999999999999996,3.0758614787654808
1808,1808,8.483333333333325,15.062052024427823
1809,1809,5.199999999999997,9.937058432208797
1810,1810,4.566666666666665,8.843094461673171
1811,1811,6.733333333333329,12.52326179343309
1812,1812,8.533333333333324,15.112052024427822
1813,1813,1.7000000000000004,3.6732746089950346
1814,1814,8.633333333333328,15.212052024427823
1815,1815,8.63333333333333,15.212052024427823
1816,1816,8.83333333333333,15.412052024427828
1817,1817,4.849999999999995,9.388783012055761
1818,1818,1.9000000000000006,4.070687739224589
1819,1819,8.78333333333333,15.362052024427827
1820,1820,-0.9166666666666667,-0.8500000000000001
1821,1821,1.616666666666667,3.5241368989185164
1822,1822,8.733333333333329,15.312052024427825
1823,1823,5.133333333333328,9.738783012055762
1824,1824,0.7499999999999993,2.1310352183063697
1825,1825,1.6166666666666665,3.5241368989185164
1826,1826,8.783333333333328,15.362052024427824
1827,1827,-0.15000000000000002,0.441382698689883
1828,1828,3.2666666666666675,6.358615680295843
1829,1829,5.783333333333328,10.981022402744426
1830,1830,2.483333333333335,5.114651709760215
1831,1831,8.583333333333329,15.162052024427823
1832,1832,8.483333333333327,15.062052024427823
1833,1833,1.2999999999999996,3.0758614787654808
1834,1834,8.833333333333329,15.412052024427824
1835,1835,8.633333333333326,15.212052024427823
1836,1836,8.733333333333327,15.312052024427825
1837,1837,3.2666666666666684,6.556028810525397
1838,1838,8.63333333333333,15.212052024427823
1839,1839,1.3666666666666665,3.0767237686889617
1840,1840,8.683333333333332,15.262052024427826
1841,1841,1.6500000000000001,3.6232746089950347
1842,1842,5.616666666666663,10.68274698259139
1843,1843,4.98333333333333,9.588783012055762
1844,1844,8.633333333333328,15.212052024427825
1845,1845,8.733333333333325,15.312052024427825
1846,1846,2.2666666666666675,4.76637628960718
1847,1847,8.83333333333333,15.412052024427824
1848,1848,8.683333333333326,15.262052024427826
1849,1849,5.449999999999993,10.384471562438353
1850,1850,0.6333333333333329,1.8827597981533324
1851,1851,5.366666666666662,10.235333852361832
1852,1852,2.6000000000000014,5.362927129913253
1853,1853,8.683333333333326,15.262052024427826
1854,1854,8.583333333333329,15.162052024427823
1855,1855,8.433333333333325,15.012052024427822
1856,1856,5.699999999999997,10.831884692667908
1857,1857,1.683333333333333,3.722412319071555
1858,1858,2.700000000000002,5.462927129913254
1859,1859,8.433333333333325,15.012052024427822
1860,1860,8.433333333333325,15.012052024427822
1861,1861,3.1000000000000014,6.257753390372363
1862,1862,8.633333333333326,15.212052024427825
1863,1863,8.733333333333329,15.312052024427825
1864,1864,5.766666666666659,11.030160112820942
1865,1865,2.1833333333333345,4.617238579530662
1866,1866,1.7166666666666666,3.821550029148072
1867,1867,8.483333333333324,15.062052024427823
1868,1868,8.383333333333324,14.962052024427821
1869,1869,8.583333333333329,15.162052024427824
1870,1870,8.783333333333331,15.362052024427824
1871,1871,8.68333333333333,15.262052024427824
1872,1872,-0.5833333333333335,-0.2551666165486155
1873,1873,8.433333333333326,15.012052024427822
1874,1874,4.049999999999999,7.9974059112905795
1875,1875,4.883333333333328,9.291369881826208
1876,1876,8.68333333333333,15.262052024427826
1877,1877,8.83333333333333,15.412052024427828
1878,1878,8.683333333333325,15.262052024427826
1879,1879,8.483333333333327,15.062052024427823
1880,1880,1.3499999999999999,3.1258614787654806
1881,1881,8.68333333333333,15.262052024427826
1882,1882,8.933333333333332,15.512052024427826
1883,1883,8.68333333333333,15.262052024427824
1884,1884,8.683333333333332,15.262052024427826
1885,1885,7.033333333333323,13.218088053892197
1886,1886,8.483333333333325,15.062052024427823
1887,1887,8.73333333333333,15.312052024427825
1888,1888,8.683333333333328,15.262052024427826
1889,1889,8.68333333333333,15.262052024427824
1890,1890,8.633333333333328,15.212052024427823
1891,1891,8.433333333333325,15.012052024427822
1892,1892,5.699999999999994,10.831884692667904
1893,1893,8.73333333333333,15.312052024427826
1894,1894,1.633333333333333,3.672412319071554
1895,1895,8.983333333333329,15.562052024427828
1896,1896,3.533333333333333,6.954304230678433
1897,1897,9.083333333333334,15.662052024427831
1898,1898,8.63333333333333,15.212052024427825
1899,1899,1.483333333333333,3.324999188841999
1900,1900,1.1666666666666659,2.8767237686889624
1901,1901,8.483333333333324,15.062052024427823
1902,1902,1.3499999999999992,3.125861478765481
1903,1903,4.999999999999996,9.539645301979245
1904,1904,8.533333333333328,15.112052024427824
1905,1905,8.733333333333327,15.312052024427825
1906,1906,8.63333333333333,15.212052024427823
1907,1907,4.199999999999998,8.14740591129058
1908,1908,1.0499999999999992,2.628448348535925
1909,1909,8.483333333333327,15.062052024427823
1910,1910,8.583333333333327,15.162052024427824
1911,1911,8.633333333333326,15.212052024427825
1912,1912,3.316666666666668,6.606028810525396
1913,1913,8.533333333333328,15.112052024427824
1914,1914,2.0666666666666673,4.368963159377627
1915,1915,8.583333333333325,15.162052024427823
1916,1916,1.2999999999999996,3.0758614787654808
1917,1917,8.633333333333328,15.212052024427823
1918,1918,8.633333333333326,15.212052024427823
1919,1919,4.883333333333329,9.48878301205576
1920,1920,0.7166666666666663,2.031897508229851
1921,1921,9.033333333333333,15.612052024427827
1922,1922,5.08333333333333,9.68878301205576
1923,1923,8.683333333333326,15.262052024427824
1924,1924,5.233333333333329,10.036196142285315
1925,1925,1.3833333333333326,3.2241368989185175
1926,1926,5.716666666666662,10.387920722132284
1927,1927,9.033333333333331,15.612052024427827
1928,1928,0.4166666666666663,1.5344843780002964
1929,1929,8.68333333333333,15.262052024427822
1930,1930,8.633333333333328,15.212052024427823
1931,1931,8.833333333333329,15.412052024427826
1932,1932,1.016666666666666,2.5293106384594064
1933,1933,8.983333333333333,15.562052024427825
1934,1934,8.683333333333328,15.262052024427824
1935,1935,8.683333333333326,15.262052024427826
1936,1936,3.1833333333333353,6.406028810525397
1937,1937,-0.5000000000000001,-0.10603017199552722
1938,1938,6.299999999999993,11.826710953127016
1939,1939,-0.9166666666666667,-0.8500000000000001
1940,1940,8.533333333333328,15.112052024427824
1941,1941,8.533333333333324,15.112052024427824
1942,1942,8.583333333333329,15.162052024427824
1943,1943,1.0833333333333324,2.727586058612444
1944,1944,1.4999999999999998,3.4732746089950353
1945,1945,8.783333333333328,15.362052024427824
1946,1946,8.583333333333327,15.162052024427824
1947,1947,8.533333333333328,15.112052024427824
1948,1948,8.533333333333328,15.112052024427824
1949,1949,1.2499999999999993,3.025861478765481
1950,1950,8.583333333333329,15.162052024427823
1951,1951,8.583333333333325,15.162052024427824
1952,1952,8.433333333333326,15.012052024427822
1953,1953,8.483333333333324,15.062052024427823
1954,1954,4.799999999999999,9.14223217174969
1955,1955,8.88333333333333,15.462052024427829
1956,1956,8.783333333333331,15.362052024427825
1957,1957,8.683333333333326,15.262052024427824
1958,1958,8.533333333333326,15.112052024427824
1959,1959,5.883333333333327,11.081022402744425
1960,1960,0.7999999999999994,2.1810352183063695
1961,1961,8.78333333333333,15.362052024427825
1962,1962,6.083333333333327,11.47843553297398
1963,1963,8.483333333333325,15.062052024427823
1964,1964,8.433333333333326,15.012052024427822
